CountryCode,Country,Date,Year,Month,Week,Cases,URL,Cadence,CadenceLabel,ForecastMean,ForecastMedian,Lower95,Upper95,BestModel,NormalizationDate,BalanceDate,ReviewEndDate,Status,InDiscordanceWindow
AU,Australia,2020-01-01,2020,1,NA,871,https://nindss.health.gov.au/pbi-dashboard/,month,Monthly surveillance,1030.5879460071355,1022.1127928719378,814.8495735785573,1281.5256573131235,Neural Network,2024-03-01,2024-12-01,2024-12-01,Balanced,FALSE
AU,Australia,2020-02-01,2020,2,NA,762,https://nindss.health.gov.au/pbi-dashboard/,month,Monthly surveillance,1009.8857885310251,982.2057980937868,748.9249501109622,1469.0843861459648,Neural Network,2024-03-01,2024-12-01,2024-12-01,Balanced,FALSE
AU,Australia,2020-03-01,2020,3,NA,682,https://nindss.health.gov.au/pbi-dashboard/,month,Monthly surveillance,1009.4696678621764,962.0247989746078,723.8815420218427,1559.0663443025205,Neural Network,2024-03-01,2024-12-01,2024-12-01,Balanced,FALSE
AU,Australia,2020-04-01,2020,4,NA,371,https://nindss.health.gov.au/pbi-dashboard/,month,Monthly surveillance,990.057377147942,938.4527140836803,694.2514150140132,1579.356785781785,Neural Network,2024-03-01,2024-12-01,2024-12-01,Balanced,FALSE
AU,Australia,2020-05-01,2020,5,NA,213,https://nindss.health.gov.au/pbi-dashboard/,month,Monthly surveillance,1006.8728604132745,950.8408621101125,700.3922577779084,1666.1052817730363,Neural Network,2024-03-01,2024-12-01,2024-12-01,Balanced,FALSE
AU,Australia,2020-06-01,2020,6,NA,194,https://nindss.health.gov.au/pbi-dashboard/,month,Monthly surveillance,997.3684178580044,933.1618669442018,685.6132466588168,1674.909158482756,Neural Network,2024-03-01,2024-12-01,2024-12-01,Balanced,FALSE
AU,Australia,2020-07-01,2020,7,NA,127,https://nindss.health.gov.au/pbi-dashboard/,month,Monthly surveillance,1004.7492180836891,945.4023728959573,692.9079023626172,1672.5439381152405,Neural Network,2024-03-01,2024-12-01,2024-12-01,Balanced,FALSE
AU,Australia,2020-08-01,2020,8,NA,70,https://nindss.health.gov.au/pbi-dashboard/,month,Monthly surveillance,1024.4621580265696,957.9338698908971,709.0782907695558,1746.064438889712,Neural Network,2024-03-01,2024-12-01,2024-12-01,Balanced,FALSE
AU,Australia,2020-09-01,2020,9,NA,51,https://nindss.health.gov.au/pbi-dashboard/,month,Monthly surveillance,1031.8805507321572,962.5267343082526,705.2037554884265,1760.1623801282144,Neural Network,2024-03-01,2024-12-01,2024-12-01,Balanced,FALSE
AU,Australia,2020-10-01,2020,10,NA,24,https://nindss.health.gov.au/pbi-dashboard/,month,Monthly surveillance,1039.4832948828587,965.6233111772971,696.539227561016,1763.61131547544,Neural Network,2024-03-01,2024-12-01,2024-12-01,Balanced,FALSE
AU,Australia,2020-11-01,2020,11,NA,44,https://nindss.health.gov.au/pbi-dashboard/,month,Monthly surveillance,1064.9874001657863,988.5230152012016,717.1857438427429,1808.1706063347517,Neural Network,2024-03-01,2024-12-01,2024-12-01,Balanced,FALSE
AU,Australia,2020-12-01,2020,12,NA,48,https://nindss.health.gov.au/pbi-dashboard/,month,Monthly surveillance,1071.3279702872392,994.6382784160453,716.7516099673968,1809.088079782577,Neural Network,2024-03-01,2024-12-01,2024-12-01,Balanced,FALSE
AU,Australia,2021-01-01,2021,1,NA,40,https://nindss.health.gov.au/pbi-dashboard/,month,Monthly surveillance,1067.1482208632822,980.4184327382081,712.1862288751211,1824.4837820666114,Neural Network,2024-03-01,2024-12-01,2024-12-01,Balanced,FALSE
AU,Australia,2021-02-01,2021,2,NA,54,https://nindss.health.gov.au/pbi-dashboard/,month,Monthly surveillance,1068.9715690185387,988.1124583964795,712.4667046989148,1822.3699672930136,Neural Network,2024-03-01,2024-12-01,2024-12-01,Balanced,FALSE
AU,Australia,2021-03-01,2021,3,NA,53,https://nindss.health.gov.au/pbi-dashboard/,month,Monthly surveillance,1060.1070560345397,978.3980730938968,700.1162725792813,1815.3544956772394,Neural Network,2024-03-01,2024-12-01,2024-12-01,Balanced,FALSE
AU,Australia,2021-04-01,2021,4,NA,48,https://nindss.health.gov.au/pbi-dashboard/,month,Monthly surveillance,1052.6774678512083,976.4138835674465,682.5656743085118,1789.1219109112035,Neural Network,2024-03-01,2024-12-01,2024-12-01,Balanced,FALSE
AU,Australia,2021-05-01,2021,5,NA,52,https://nindss.health.gov.au/pbi-dashboard/,month,Monthly surveillance,1043.3029644770559,967.29209060136,701.8385618221268,1759.2489729177905,Neural Network,2024-03-01,2024-12-01,2024-12-01,Balanced,FALSE
AU,Australia,2021-06-01,2021,6,NA,57,https://nindss.health.gov.au/pbi-dashboard/,month,Monthly surveillance,1040.7442143363705,969.3251849958085,694.1180314033836,1766.1228836515297,Neural Network,2024-03-01,2024-12-01,2024-12-01,Balanced,FALSE
AU,Australia,2021-07-01,2021,7,NA,38,https://nindss.health.gov.au/pbi-dashboard/,month,Monthly surveillance,1037.158983891533,966.8410572646892,690.8771753109062,1782.198876584861,Neural Network,2024-03-01,2024-12-01,2024-12-01,Balanced,FALSE
AU,Australia,2021-08-01,2021,8,NA,51,https://nindss.health.gov.au/pbi-dashboard/,month,Monthly surveillance,1037.9054568780923,958.707650459256,693.4262116575078,1781.4139100921502,Neural Network,2024-03-01,2024-12-01,2024-12-01,Balanced,FALSE
AU,Australia,2021-09-01,2021,9,NA,38,https://nindss.health.gov.au/pbi-dashboard/,month,Monthly surveillance,1042.285865811775,970.9045341256431,691.0750622234659,1826.224716546822,Neural Network,2024-03-01,2024-12-01,2024-12-01,Balanced,FALSE
AU,Australia,2021-10-01,2021,10,NA,41,https://nindss.health.gov.au/pbi-dashboard/,month,Monthly surveillance,1052.0851143375814,970.6444094022872,689.9769423579984,1831.405276114062,Neural Network,2024-03-01,2024-12-01,2024-12-01,Balanced,FALSE
AU,Australia,2021-11-01,2021,11,NA,48,https://nindss.health.gov.au/pbi-dashboard/,month,Monthly surveillance,1056.841869683007,969.564945249585,696.4725244599406,1839.2537981762027,Neural Network,2024-03-01,2024-12-01,2024-12-01,Balanced,FALSE
AU,Australia,2021-12-01,2021,12,NA,30,https://nindss.health.gov.au/pbi-dashboard/,month,Monthly surveillance,1056.7009611274773,967.9353995678616,684.9503362402828,1856.389492029743,Neural Network,2024-03-01,2024-12-01,2024-12-01,Balanced,FALSE
AU,Australia,2022-01-01,2022,1,NA,41,https://nindss.health.gov.au/pbi-dashboard/,month,Monthly surveillance,1059.3490220491274,976.9873632167169,699.2510356523834,1821.4644763102824,Neural Network,2024-03-01,2024-12-01,2024-12-01,Balanced,FALSE
AU,Australia,2022-02-01,2022,2,NA,43,https://nindss.health.gov.au/pbi-dashboard/,month,Monthly surveillance,1065.0923027508213,986.2851987385393,688.7782173244608,1819.220309680981,Neural Network,2024-03-01,2024-12-01,2024-12-01,Balanced,FALSE
AU,Australia,2022-03-01,2022,3,NA,47,https://nindss.health.gov.au/pbi-dashboard/,month,Monthly surveillance,1066.7326755740883,979.2608548282999,695.0389420969846,1825.7516588791764,Neural Network,2024-03-01,2024-12-01,2024-12-01,Balanced,FALSE
AU,Australia,2022-04-01,2022,4,NA,22,https://nindss.health.gov.au/pbi-dashboard/,month,Monthly surveillance,1064.7965423022936,978.628819659613,685.9004385063777,1839.2219946247935,Neural Network,2024-03-01,2024-12-01,2024-12-01,Balanced,FALSE
AU,Australia,2022-05-01,2022,5,NA,39,https://nindss.health.gov.au/pbi-dashboard/,month,Monthly surveillance,1063.452328967574,974.7824689220073,696.8201620846609,1825.6403020927728,Neural Network,2024-03-01,2024-12-01,2024-12-01,Balanced,FALSE
AU,Australia,2022-06-01,2022,6,NA,35,https://nindss.health.gov.au/pbi-dashboard/,month,Monthly surveillance,1065.0862028248705,982.7215268176049,699.989756696855,1822.5809332890976,Neural Network,2024-03-01,2024-12-01,2024-12-01,Balanced,FALSE
AU,Australia,2022-07-01,2022,7,NA,42,https://nindss.health.gov.au/pbi-dashboard/,month,Monthly surveillance,1063.9147037588386,972.3566945929645,696.5299719698654,1841.2095712199095,Neural Network,2024-03-01,2024-12-01,2024-12-01,Balanced,FALSE
AU,Australia,2022-08-01,2022,8,NA,64,https://nindss.health.gov.au/pbi-dashboard/,month,Monthly surveillance,1060.841991608649,972.7820534617713,690.0754938439437,1822.5581513751163,Neural Network,2024-03-01,2024-12-01,2024-12-01,Balanced,FALSE
AU,Australia,2022-09-01,2022,9,NA,38,https://nindss.health.gov.au/pbi-dashboard/,month,Monthly surveillance,1062.1921019279725,978.6792267324931,688.6265006977742,1856.3005549003328,Neural Network,2024-03-01,2024-12-01,2024-12-01,Balanced,FALSE
AU,Australia,2022-10-01,2022,10,NA,40,https://nindss.health.gov.au/pbi-dashboard/,month,Monthly surveillance,1057.768555422036,984.442874290721,685.6278140657522,1833.0768238795085,Neural Network,2024-03-01,2024-12-01,2024-12-01,Balanced,FALSE
AU,Australia,2022-11-01,2022,11,NA,35,https://nindss.health.gov.au/pbi-dashboard/,month,Monthly surveillance,1053.7052922197736,972.8301945955294,686.4528317371621,1828.8416157810163,Neural Network,2024-03-01,2024-12-01,2024-12-01,Balanced,FALSE
AU,Australia,2022-12-01,2022,12,NA,36,https://nindss.health.gov.au/pbi-dashboard/,month,Monthly surveillance,1056.3204639648595,965.9835673531827,698.4873571145566,1818.09700700463,Neural Network,2024-03-01,2024-12-01,2024-12-01,Balanced,FALSE
AU,Australia,2023-01-01,2023,1,NA,46,https://nindss.health.gov.au/pbi-dashboard/,month,Monthly surveillance,1063.4645019271504,979.5752046567268,696.093257177357,1844.3935374384025,Neural Network,2024-03-01,2024-12-01,2024-12-01,Balanced,FALSE
AU,Australia,2023-02-01,2023,2,NA,34,https://nindss.health.gov.au/pbi-dashboard/,month,Monthly surveillance,1072.6096168620386,994.572204191644,699.2115126437519,1845.702509041603,Neural Network,2024-03-01,2024-12-01,2024-12-01,Balanced,FALSE
AU,Australia,2023-03-01,2023,3,NA,44,https://nindss.health.gov.au/pbi-dashboard/,month,Monthly surveillance,1073.3024424616012,988.7887921018602,700.8915595186957,1852.1321802437371,Neural Network,2024-03-01,2024-12-01,2024-12-01,Balanced,FALSE
AU,Australia,2023-04-01,2023,4,NA,43,https://nindss.health.gov.au/pbi-dashboard/,month,Monthly surveillance,1068.8135724861488,980.0709283288968,697.2459177958859,1874.8425699223856,Neural Network,2024-03-01,2024-12-01,2024-12-01,Balanced,FALSE
AU,Australia,2023-05-01,2023,5,NA,77,https://nindss.health.gov.au/pbi-dashboard/,month,Monthly surveillance,1066.5445055215307,977.1008160354789,686.3709426043006,1852.2486721533694,Neural Network,2024-03-01,2024-12-01,2024-12-01,Balanced,FALSE
AU,Australia,2023-06-01,2023,6,NA,92,https://nindss.health.gov.au/pbi-dashboard/,month,Monthly surveillance,1067.40889945102,981.5044305252912,695.2757923867663,1831.7492530180825,Neural Network,2024-03-01,2024-12-01,2024-12-01,Balanced,FALSE
AU,Australia,2023-07-01,2023,7,NA,95,https://nindss.health.gov.au/pbi-dashboard/,month,Monthly surveillance,1069.2778208228585,982.6983721084546,695.5627706585301,1846.4630087527376,Neural Network,2024-03-01,2024-12-01,2024-12-01,Balanced,FALSE
AU,Australia,2023-08-01,2023,8,NA,156,https://nindss.health.gov.au/pbi-dashboard/,month,Monthly surveillance,1076.19404373145,997.0439544072342,698.9939574339985,1843.74308982636,Neural Network,2024-03-01,2024-12-01,2024-12-01,Balanced,FALSE
AU,Australia,2023-09-01,2023,9,NA,270,https://nindss.health.gov.au/pbi-dashboard/,month,Monthly surveillance,1075.5260772098604,984.7040996802382,693.1070279548505,1873.5811954675207,Neural Network,2024-03-01,2024-12-01,2024-12-01,Balanced,FALSE
AU,Australia,2023-10-01,2023,10,NA,367,https://nindss.health.gov.au/pbi-dashboard/,month,Monthly surveillance,1077.4220474636543,986.4678764413866,689.9699386686543,1860.9013773574309,Neural Network,2024-03-01,2024-12-01,2024-12-01,Balanced,FALSE
AU,Australia,2023-11-01,2023,11,NA,633,https://nindss.health.gov.au/pbi-dashboard/,month,Monthly surveillance,1073.5012655077842,983.8599419470648,686.0957838955262,1847.5127019427905,Neural Network,2024-03-01,2024-12-01,2024-12-01,Balanced,FALSE
AU,Australia,2023-12-01,2023,12,NA,585,https://nindss.health.gov.au/pbi-dashboard/,month,Monthly surveillance,1076.1869251023932,974.5056901287152,689.4548978494514,1874.2509829203273,Neural Network,2024-03-01,2024-12-01,2024-12-01,Balanced,FALSE
AU,Australia,2024-01-01,2024,1,NA,827,https://nindss.health.gov.au/pbi-dashboard/,month,Monthly surveillance,1073.4629661317954,977.3659726862866,691.3975257877869,1873.7080756203454,Neural Network,2024-03-01,2024-12-01,2024-12-01,Balanced,FALSE
AU,Australia,2024-02-01,2024,2,NA,846,https://nindss.health.gov.au/pbi-dashboard/,month,Monthly surveillance,1073.5066323447193,983.7719384514337,689.368217995894,1855.5689370303162,Neural Network,2024-03-01,2024-12-01,2024-12-01,Balanced,FALSE
AU,Australia,2024-03-01,2024,3,NA,1375,https://nindss.health.gov.au/pbi-dashboard/,month,Monthly surveillance,1074.8655846151782,979.0282251058109,697.0283955088767,1881.3174326973908,Neural Network,2024-03-01,2024-12-01,2024-12-01,Balanced,TRUE
AU,Australia,2024-04-01,2024,4,NA,2038,https://nindss.health.gov.au/pbi-dashboard/,month,Monthly surveillance,1068.756659757883,982.5354458085541,688.4320625319871,1805.7555814139462,Neural Network,2024-03-01,2024-12-01,2024-12-01,Balanced,TRUE
AU,Australia,2024-05-01,2024,5,NA,2578,https://nindss.health.gov.au/pbi-dashboard/,month,Monthly surveillance,1067.632344490936,985.6951276879341,691.0103371468227,1807.8368826937065,Neural Network,2024-03-01,2024-12-01,2024-12-01,Balanced,TRUE
AU,Australia,2024-06-01,2024,6,NA,4465,https://nindss.health.gov.au/pbi-dashboard/,month,Monthly surveillance,1066.1333639957413,987.5036491327367,693.9138152073041,1829.5953545525717,Neural Network,2024-03-01,2024-12-01,2024-12-01,Balanced,TRUE
AU,Australia,2024-07-01,2024,7,NA,5233,https://nindss.health.gov.au/pbi-dashboard/,month,Monthly surveillance,1063.9104926073755,981.5468802409512,703.7110381449772,1851.0498962771987,Neural Network,2024-03-01,2024-12-01,2024-12-01,Balanced,TRUE
AU,Australia,2024-08-01,2024,8,NA,6661,https://nindss.health.gov.au/pbi-dashboard/,month,Monthly surveillance,1068.4227454667366,981.1816157614657,700.5462753334684,1845.0276188817445,Neural Network,2024-03-01,2024-12-01,2024-12-01,Balanced,TRUE
AU,Australia,2024-09-01,2024,9,NA,8312,https://nindss.health.gov.au/pbi-dashboard/,month,Monthly surveillance,1071.6553992444633,985.405937650077,701.0230193398646,1828.9739065207089,Neural Network,2024-03-01,2024-12-01,2024-12-01,Balanced,TRUE
AU,Australia,2024-10-01,2024,10,NA,7940,https://nindss.health.gov.au/pbi-dashboard/,month,Monthly surveillance,1069.338530384652,981.0653249023815,702.5078502579719,1825.9092340090792,Neural Network,2024-03-01,2024-12-01,2024-12-01,Balanced,TRUE
AU,Australia,2024-11-01,2024,11,NA,9308,https://nindss.health.gov.au/pbi-dashboard/,month,Monthly surveillance,1068.282035925561,982.0449537006623,690.8304103250229,1876.1271459521322,Neural Network,2024-03-01,2024-12-01,2024-12-01,Balanced,TRUE
AU,Australia,2024-12-01,2024,12,NA,6843,https://nindss.health.gov.au/pbi-dashboard/,month,Monthly surveillance,1068.1290342348316,973.7136226798013,700.6436860925521,1851.2102135552645,Neural Network,2024-03-01,2024-12-01,2024-12-01,Balanced,TRUE
AU,Australia,2025-01-01,2025,1,NA,5010,https://nindss.health.gov.au/pbi-dashboard/,month,Monthly surveillance,1066.6693194669763,983.6673872201437,694.1084973669847,1846.6137658300804,Neural Network,2024-03-01,2024-12-01,2024-12-01,Balanced,FALSE
AU,Australia,2025-02-01,2025,2,NA,2881,https://nindss.health.gov.au/pbi-dashboard/,month,Monthly surveillance,1065.2207604910075,969.0525161922308,695.975957980694,1861.0260784163443,Neural Network,2024-03-01,2024-12-01,2024-12-01,Balanced,FALSE
AU,Australia,2025-03-01,2025,3,NA,2362,https://nindss.health.gov.au/pbi-dashboard/,month,Monthly surveillance,1061.1208990302719,975.8727652665721,686.3683519187371,1853.345229394815,Neural Network,2024-03-01,2024-12-01,2024-12-01,Balanced,FALSE
AU,Australia,2025-04-01,2025,4,NA,1929,https://nindss.health.gov.au/pbi-dashboard/,month,Monthly surveillance,1065.6413829105704,980.5536804494502,692.350708510003,1899.401152714727,Neural Network,2024-03-01,2024-12-01,2024-12-01,Balanced,FALSE
AU,Australia,2025-05-01,2025,5,NA,2008,https://nindss.health.gov.au/pbi-dashboard/,month,Monthly surveillance,1062.2153421871797,976.655564839047,672.3634132108411,1864.2294990592502,Neural Network,2024-03-01,2024-12-01,2024-12-01,Balanced,FALSE
AU,Australia,2025-06-01,2025,6,NA,1756,https://nindss.health.gov.au/pbi-dashboard/,month,Monthly surveillance,1063.4080666537584,982.7503404024683,690.2799186422226,1822.9115326084905,Neural Network,2024-03-01,2024-12-01,2024-12-01,Balanced,FALSE
AU,Australia,2025-07-01,2025,7,NA,1572,https://nindss.health.gov.au/pbi-dashboard/,month,Monthly surveillance,1063.7006596136441,973.682418213094,681.4872591896012,1850.6796021215025,Neural Network,2024-03-01,2024-12-01,2024-12-01,Balanced,FALSE
AU,Australia,2025-08-01,2025,8,NA,1704,https://nindss.health.gov.au/pbi-dashboard/,month,Monthly surveillance,1061.3841757976259,970.9828680599446,696.070880132393,1846.9357143645343,Neural Network,2024-03-01,2024-12-01,2024-12-01,Balanced,FALSE
AU,Australia,2025-09-01,2025,9,NA,1748,https://nindss.health.gov.au/pbi-dashboard/,month,Monthly surveillance,1064.6271819165859,969.9887724082266,690.2823410586328,1849.5544303659622,Neural Network,2024-03-01,2024-12-01,2024-12-01,Balanced,FALSE
AU,Australia,2025-10-01,2025,10,NA,1587,https://nindss.health.gov.au/pbi-dashboard/,month,Monthly surveillance,1069.069812082281,984.959827573481,697.5174260664305,1838.5222139945865,Neural Network,2024-03-01,2024-12-01,2024-12-01,Balanced,FALSE
AU,Australia,2025-11-01,2025,11,NA,1496,https://nindss.health.gov.au/pbi-dashboard/,month,Monthly surveillance,1071.4643049996537,980.2288796405587,694.0139683229515,1873.2379083645237,Neural Network,2024-03-01,2024-12-01,2024-12-01,Balanced,FALSE
AU,Australia,2025-12-01,2025,12,NA,919,https://nindss.health.gov.au/pbi-dashboard/,month,Monthly surveillance,1073.7725294124893,981.661293847438,694.7917882056538,1858.8901194888037,Neural Network,2024-03-01,2024-12-01,2024-12-01,Balanced,FALSE
CN,China,2020-01-01,2020,1,NA,1141,https://www.cdctj.com.cn/system/2020/03/03/030012762.shtml,month,Monthly surveillance,1253.556732998313,1229.4989495454115,876.7298373865686,1639.1452568852128,ARIMA + Fourier,2021-12-01,2024-01-01,2024-01-01,Balanced,FALSE
CN,China,2020-02-01,2020,2,NA,738,https://www.cdctj.com.cn/system/2020/04/05/030017114.shtml,month,Monthly surveillance,1396.313928539797,1378.8410262432424,900.3151447304467,1990.7179036783493,ARIMA + Fourier,2021-12-01,2024-01-01,2024-01-01,Balanced,FALSE
CN,China,2020-03-01,2020,3,NA,874,https://www.cdctj.com.cn/system/2020/04/29/030020056.shtml,month,Monthly surveillance,1992.5673761188243,1966.774468457474,1265.6636136437246,2796.430452514151,ARIMA + Fourier,2021-12-01,2024-01-01,2024-01-01,Balanced,FALSE
CN,China,2020-04-01,2020,4,NA,479,https://www.cdctj.com.cn/system/2020/07/01/030025879.shtml,month,Monthly surveillance,1949.6940379849327,1916.5025191896773,1139.0691584672384,2875.2689334874854,ARIMA + Fourier,2021-12-01,2024-01-01,2024-01-01,Balanced,FALSE
CN,China,2020-05-01,2020,5,NA,277,https://www.cdctj.com.cn/system/2020/07/01/030025899.shtml,month,Monthly surveillance,2073.63767807016,2046.6244757375946,1168.3648961666813,3140.4544699989647,ARIMA + Fourier,2021-12-01,2024-01-01,2024-01-01,Balanced,FALSE
CN,China,2020-06-01,2020,6,NA,159,https://www.cdctj.com.cn/system/2020/07/31/030028318.shtml,month,Monthly surveillance,2257.4218744489276,2215.9524871239955,1253.8016855105247,3507.906902964939,ARIMA + Fourier,2021-12-01,2024-01-01,2024-01-01,Balanced,FALSE
CN,China,2020-07-01,2020,7,NA,142,https://www.cdctj.com.cn/system/2020/09/03/030030950.shtml,month,Monthly surveillance,2608.8221364980263,2548.9098887210666,1458.1911230187936,4113.856580554708,ARIMA + Fourier,2021-12-01,2024-01-01,2024-01-01,Balanced,FALSE
CN,China,2020-08-01,2020,8,NA,142,https://weekly.chinacdc.cn/en/article/doi/10.46234/ccdcw2020.208,month,Monthly surveillance,3177.667205268032,3092.0648275257076,1809.9108030582393,4961.21593696005,ARIMA + Fourier,2021-12-01,2024-01-01,2024-01-01,Balanced,FALSE
CN,China,2020-09-01,2020,9,NA,201,https://www.cdctj.com.cn/system/2020/10/27/030035514.shtml,month,Monthly surveillance,2405.3788394575217,2337.791026052406,1158.3401983048657,4056.6796960550355,ARIMA + Fourier,2021-12-01,2024-01-01,2024-01-01,Balanced,FALSE
CN,China,2020-10-01,2020,10,NA,267,https://www.cdctj.com.cn/system/2020/12/01/030039806.shtml,month,Monthly surveillance,1687.5382963180655,1621.3563401919068,619.7158144378677,3168.504978352224,ARIMA + Fourier,2021-12-01,2024-01-01,2024-01-01,Balanced,FALSE
CN,China,2020-11-01,2020,11,NA,291,https://www.cdctj.com.cn/system/2021/01/07/030042673.shtml,month,Monthly surveillance,1507.0486963880105,1432.4207992137376,465.95639745340685,3038.1852762048534,ARIMA + Fourier,2021-12-01,2024-01-01,2024-01-01,Balanced,FALSE
CN,China,2020-12-01,2020,12,NA,294,https://weekly.chinacdc.cn/en/article/doi/10.46234/ccdcw2021.025,month,Monthly surveillance,1479.8112242726813,1381.0871637972903,423.8633499910365,3055.646959694981,ARIMA + Fourier,2021-12-01,2024-01-01,2024-01-01,Balanced,FALSE
CN,China,2021-01-01,2021,1,NA,205,https://weekly.chinacdc.cn/en/article/doi/10.46234/ccdcw2021.059,month,Monthly surveillance,1327.5808064189844,1224.4936078610408,317.0221547024336,2890.643988999119,ARIMA + Fourier,2021-12-01,2024-01-01,2024-01-01,Balanced,FALSE
CN,China,2021-02-01,2021,2,NA,115,https://weekly.chinacdc.cn/en/article/doi/10.46234/ccdcw2021.082,month,Monthly surveillance,1465.9356045688157,1362.8926917317278,329.5217850916081,3199.6438305535366,ARIMA + Fourier,2021-12-01,2024-01-01,2024-01-01,Balanced,FALSE
CN,China,2021-03-01,2021,3,NA,220,https://weekly.chinacdc.cn/en/article/doi/10.46234/ccdcw2021.108,month,Monthly surveillance,2065.592240542769,1955.6834902277258,648.759512009862,4141.35211858047,ARIMA + Fourier,2021-12-01,2024-01-01,2024-01-01,Balanced,FALSE
CN,China,2021-04-01,2021,4,NA,308,https://weekly.chinacdc.cn/en/article/doi/10.46234/ccdcw2021.119,month,Monthly surveillance,2028.503462372352,1909.2267776161218,588.9629545867828,4188.544437652884,ARIMA + Fourier,2021-12-01,2024-01-01,2024-01-01,Balanced,FALSE
CN,China,2021-05-01,2021,5,NA,427,https://weekly.chinacdc.cn/en/article/doi/10.46234/ccdcw2021.141,month,Monthly surveillance,2155.996858690823,2038.660991783367,610.1075730328259,4465.8339235229205,ARIMA + Fourier,2021-12-01,2024-01-01,2024-01-01,Balanced,FALSE
CN,China,2021-06-01,2021,6,NA,519,https://weekly.chinacdc.cn/en/article/doi/10.46234/ccdcw2021.162,month,Monthly surveillance,2344.343941452893,2216.536461006932,659.9093174038338,4755.383258632946,ARIMA + Fourier,2021-12-01,2024-01-01,2024-01-01,Balanced,FALSE
CN,China,2021-07-01,2021,7,NA,820,https://weekly.chinacdc.cn/en/article/doi/10.46234/ccdcw2021.186,month,Monthly surveillance,2686.062523498935,2531.008507443225,804.3492998107564,5416.077522026735,ARIMA + Fourier,2021-12-01,2024-01-01,2024-01-01,Balanced,FALSE
CN,China,2021-08-01,2021,8,NA,1227,https://weekly.chinacdc.cn/en/article/doi/10.46234/ccdcw2021.211,month,Monthly surveillance,3267.4556236573503,3132.8866343723907,1071.6508026771353,6423.020001913247,ARIMA + Fourier,2021-12-01,2024-01-01,2024-01-01,Balanced,FALSE
CN,China,2021-09-01,2021,9,NA,1094,https://weekly.chinacdc.cn/en/article/doi/10.46234/ccdcw2021.240,month,Monthly surveillance,2513.221496296272,2395.6949323134177,615.7546596202889,5214.128761966323,ARIMA + Fourier,2021-12-01,2024-01-01,2024-01-01,Balanced,FALSE
CN,China,2021-10-01,2021,10,NA,825,https://weekly.chinacdc.cn/en/article/doi/10.46234/ccdcw2021.257,month,Monthly surveillance,1791.186542647051,1643.7454801520691,266.61576053948727,4225.671714321186,ARIMA + Fourier,2021-12-01,2024-01-01,2024-01-01,Balanced,FALSE
CN,China,2021-11-01,2021,11,NA,1148,https://weekly.chinacdc.cn/en/article/doi/10.46234/ccdcw2022.002,month,Monthly surveillance,1603.655307153963,1438.1794328509648,193.99958603544945,4003.3741690605466,ARIMA + Fourier,2021-12-01,2024-01-01,2024-01-01,Balanced,FALSE
CN,China,2021-12-01,2021,12,NA,2254,https://weekly.chinacdc.cn/en/article/doi/10.46234/ccdcw2022.016,month,Monthly surveillance,1575.4572402958277,1413.657054251196,167.79424494523857,4027.11964449693,ARIMA + Fourier,2021-12-01,2024-01-01,2024-01-01,Balanced,TRUE
CN,China,2022-01-01,2022,1,NA,2354,https://weekly.chinacdc.cn/en/article/doi/10.46234/ccdcw2022.025,month,Monthly surveillance,1422.2886466622615,1248.1899759779583,100.39781759279202,3833.1060003883476,ARIMA + Fourier,2021-12-01,2024-01-01,2024-01-01,Balanced,TRUE
CN,China,2022-02-01,2022,2,NA,2576,https://weekly.chinacdc.cn/en/article/doi/10.46234/ccdcw2022.073,month,Monthly surveillance,1561.3800861124835,1381.7427398197651,128.5578421578202,4129.502803774381,ARIMA + Fourier,2021-12-01,2024-01-01,2024-01-01,Balanced,TRUE
CN,China,2022-03-01,2022,3,NA,3747,https://weekly.chinacdc.cn/en/article/doi/10.46234/ccdcw2022.082,month,Monthly surveillance,2166.09727932186,1982.8190709500109,335.34959457968745,5244.559704008546,ARIMA + Fourier,2021-12-01,2024-01-01,2024-01-01,Balanced,TRUE
CN,China,2022-04-01,2022,4,NA,3415,https://weekly.chinacdc.cn/en/article/doi/10.46234/ccdcw2022.103,month,Monthly surveillance,2122.847765897859,1942.1255895005966,302.6777200099531,5102.1171566548255,ARIMA + Fourier,2021-12-01,2024-01-01,2024-01-01,Balanced,TRUE
CN,China,2022-05-01,2022,5,NA,3991,https://weekly.chinacdc.cn/en/article/doi/10.46234/ccdcw2022.127,month,Monthly surveillance,2252.4148533111697,2043.2511942703588,353.8074458712176,5397.998168958379,ARIMA + Fourier,2021-12-01,2024-01-01,2024-01-01,Balanced,TRUE
CN,China,2022-06-01,2022,6,NA,4213,https://weekly.chinacdc.cn/en/article/doi/10.46234/ccdcw2022.157,month,Monthly surveillance,2422.250745412574,2215.8994705060504,390.70480731051674,5708.433785525228,ARIMA + Fourier,2021-12-01,2024-01-01,2024-01-01,Balanced,TRUE
CN,China,2022-07-01,2022,7,NA,4234,https://weekly.chinacdc.cn/en/article/doi/10.46234/ccdcw2022.158,month,Monthly surveillance,2763.0273459655914,2532.3467673030154,515.9908525302295,6422.684906916995,ARIMA + Fourier,2021-12-01,2024-01-01,2024-01-01,Balanced,TRUE
CN,China,2022-08-01,2022,8,NA,5355,https://weekly.chinacdc.cn/en/article/doi/10.46234/ccdcw2022.183,month,Monthly surveillance,3340.600050726563,3122.7778959672105,794.9385218055759,7275.329750570804,ARIMA + Fourier,2021-12-01,2024-01-01,2024-01-01,Balanced,TRUE
CN,China,2022-09-01,2022,9,NA,3849,https://weekly.chinacdc.cn/en/article/doi/10.46234/ccdcw2022.214,month,Monthly surveillance,2580.3217284540497,2343.2184194246397,424.3254003574885,6150.326999637075,ARIMA + Fourier,2021-12-01,2024-01-01,2024-01-01,Balanced,TRUE
CN,China,2022-10-01,2022,10,NA,2594,https://weekly.chinacdc.cn/en/article/doi/10.46234/ccdcw2022.220,month,Monthly surveillance,1854.1783027721829,1603.7398312941555,151.93738220092533,4937.502221728569,ARIMA + Fourier,2021-12-01,2024-01-01,2024-01-01,Balanced,TRUE
CN,China,2022-11-01,2022,11,NA,2160,https://weekly.chinacdc.cn/en/article/doi/10.46234/ccdcw2022.234,month,Monthly surveillance,1674.2045400383481,1408.833751645222,85.38864331538319,4766.754754465153,ARIMA + Fourier,2021-12-01,2024-01-01,2024-01-01,Balanced,TRUE
CN,China,2022-12-01,2022,12,NA,1293,https://weekly.chinacdc.cn/en/article/doi/10.46234/ccdcw2023.059,month,Monthly surveillance,1642.2162761086124,1383.9595228843589,65.50150234542873,4633.670196624625,ARIMA + Fourier,2021-12-01,2024-01-01,2024-01-01,Balanced,TRUE
CN,China,2023-01-01,2023,1,NA,883,https://weekly.chinacdc.cn/en/article/doi/10.46234/ccdcw2023.060,month,Monthly surveillance,1476.7916654268963,1211.9723905004175,24.675924237944127,4330.719352877033,ARIMA + Fourier,2021-12-01,2024-01-01,2024-01-01,Balanced,TRUE
CN,China,2023-02-01,2023,2,NA,538,https://weekly.chinacdc.cn/en/article/doi/10.46234/ccdcw2023.061,month,Monthly surveillance,1612.7267170154807,1334.9468712211708,44.48502813473668,4627.982181849467,ARIMA + Fourier,2021-12-01,2024-01-01,2024-01-01,Balanced,TRUE
CN,China,2023-03-01,2023,3,NA,821,https://weekly.chinacdc.cn/en/article/doi/10.46234/ccdcw2023.082,month,Monthly surveillance,2208.7456640325363,1916.2695070152713,186.67085815461846,5761.265271116588,ARIMA + Fourier,2021-12-01,2024-01-01,2024-01-01,Balanced,TRUE
CN,China,2023-04-01,2023,4,NA,1074,https://weekly.chinacdc.cn/en/article/doi/10.46234/ccdcw2023.099,month,Monthly surveillance,2165.571477764127,1869.4568036699898,177.81160107479295,5706.909216089691,ARIMA + Fourier,2021-12-01,2024-01-01,2024-01-01,Balanced,TRUE
CN,China,2023-05-01,2023,5,NA,1334,https://weekly.chinacdc.cn/en/article/doi/10.46234/ccdcw2023.127,month,Monthly surveillance,2296.89855934466,1997.2445537168728,188.38825540145996,6027.314388040194,ARIMA + Fourier,2021-12-01,2024-01-01,2024-01-01,Balanced,TRUE
CN,China,2023-06-01,2023,6,NA,1512,https://weekly.chinacdc.cn/en/article/doi/10.46234/ccdcw2023.130,month,Monthly surveillance,2488.9863014965576,2163.004714616576,220.32857210832645,6512.364052817812,ARIMA + Fourier,2021-12-01,2024-01-01,2024-01-01,Balanced,TRUE
CN,China,2023-07-01,2023,7,NA,2767,https://weekly.chinacdc.cn/en/article/doi/10.46234/ccdcw2023.150,month,Monthly surveillance,2837.473927329076,2494.378502919956,316.37659214800044,7091.069172881984,ARIMA + Fourier,2021-12-01,2024-01-01,2024-01-01,Balanced,TRUE
CN,China,2023-08-01,2023,8,NA,4793,https://weekly.chinacdc.cn/en/article/doi/10.46234/ccdcw2023.179,month,Monthly surveillance,3404.8824291375395,3053.92712592788,512.4664412837827,8104.034943867681,ARIMA + Fourier,2021-12-01,2024-01-01,2024-01-01,Balanced,TRUE
CN,China,2023-09-01,2023,9,NA,4517,https://weekly.chinacdc.cn/en/article/doi/10.46234/ccdcw2023.192,month,Monthly surveillance,2643.908915880527,2300.8614940956613,238.65277324017399,6885.437845697126,ARIMA + Fourier,2021-12-01,2024-01-01,2024-01-01,Balanced,TRUE
CN,China,2023-10-01,2023,10,NA,4430,https://weekly.chinacdc.cn/en/article/doi/10.46234/ccdcw2023.213,month,Monthly surveillance,1921.894932537983,1567.5564254050769,49.83365893350119,5638.4757682074005,ARIMA + Fourier,2021-12-01,2024-01-01,2024-01-01,Balanced,TRUE
CN,China,2023-11-01,2023,11,NA,6410,https://www.ndcpa.gov.cn/jbkzzx/c100016/common/content/content_1739453479981600768.html,month,Monthly surveillance,1734.927124914219,1374.9058118146709,22.11126341984274,5410.110707017128,ARIMA + Fourier,2021-12-01,2024-01-01,2024-01-01,Balanced,TRUE
CN,China,2023-12-01,2023,12,NA,9126,https://www.ndcpa.gov.cn/jbkzzx/c100016/common/content/content_1746766719346462720.html,month,Monthly surveillance,1715.1305807675642,1356.6713336965383,9.372725177398545,5270.100336167309,ARIMA + Fourier,2021-12-01,2024-01-01,2024-01-01,Balanced,TRUE
CN,China,2024-01-01,2024,1,NA,15275,https://www.ndcpa.gov.cn/jbkzzx/c100016/common/content/content_1770302255702646784.html,month,Monthly surveillance,1553.0731998160363,1186.3400770146723,4.995538661605953,4934.4690825279,ARIMA + Fourier,2021-12-01,2024-01-01,2024-01-01,Balanced,TRUE
CN,China,2024-02-01,2024,2,NA,17105,https://www.ndcpa.gov.cn/jbkzzx/c100016/common/content/content_1769982157846650880.html,month,Monthly surveillance,1690.273731012007,1327.3785818938209,10.380052597869014,5266.844352058256,ARIMA + Fourier,2021-12-01,2024-01-01,2024-01-01,Balanced,FALSE
CN,China,2024-03-01,2024,3,NA,27078,https://www.ndcpa.gov.cn/jbkzzx/c100016/common/content/content_1782571426407886848.html,month,Monthly surveillance,2306.158695802424,1927.069348757767,104.0626940639911,6505.287591376176,ARIMA + Fourier,2021-12-01,2024-01-01,2024-01-01,Balanced,FALSE
CN,China,2024-04-01,2024,4,NA,91272,https://www.ndcpa.gov.cn/jbkzzx/c100016/common/content/content_1792834031219224576.html,month,Monthly surveillance,2252.41419784473,1864.395027568066,80.55724433936498,6312.054535979704,ARIMA + Fourier,2021-12-01,2024-01-01,2024-01-01,Balanced,FALSE
CN,China,2024-05-01,2024,5,NA,97669,https://www.ndcpa.gov.cn/jbkzzx/c100016/common/content/content_1806581689096187904.html,month,Monthly surveillance,2384.3911699227097,1978.8913639725301,91.75905862144045,6655.976448520602,ARIMA + Fourier,2021-12-01,2024-01-01,2024-01-01,Balanced,FALSE
CN,China,2024-06-01,2024,6,NA,85817,https://www.ndcpa.gov.cn/jbkzzx/c100016/common/content/content_1817735919697768448.html,month,Monthly surveillance,2570.1334156016815,2147.783687026412,113.38211309216665,7174.340270510399,ARIMA + Fourier,2021-12-01,2024-01-01,2024-01-01,Balanced,FALSE
CN,China,2024-07-01,2024,7,NA,74964,https://www.ndcpa.gov.cn/jbkzzx/c100016/common/content/content_1828699266119217152.html,month,Monthly surveillance,2912.406655806201,2492.8754363759786,187.17086128446724,7921.010801315811,ARIMA + Fourier,2021-12-01,2024-01-01,2024-01-01,Balanced,FALSE
CN,China,2024-08-01,2024,8,NA,43216,https://www.ndcpa.gov.cn/jbkzzx/c100016/common/content/content_1834433420274282496.html,month,Monthly surveillance,3494.0588779198906,3071.446028468643,355.20768566243527,8801.454179051989,ARIMA + Fourier,2021-12-01,2024-01-01,2024-01-01,Balanced,FALSE
CN,China,2024-09-01,2024,9,NA,17316,https://www.ndcpa.gov.cn/jbkzzx/c100016/common/content/content_1848255166500679680.html,month,Monthly surveillance,2741.6710068419056,2314.6303436168128,107.82591759616572,7758.945249210879,ARIMA + Fourier,2021-12-01,2024-01-01,2024-01-01,Balanced,FALSE
CN,China,2024-10-01,2024,10,NA,10118,https://www.ndcpa.gov.cn/jbkzzx/c100016/common/content/content_1859039988831596544.html,month,Monthly surveillance,2012.0612600633654,1594.5208421453945,3.6598991680794737,6293.198416147091,ARIMA + Fourier,2021-12-01,2024-01-01,2024-01-01,Balanced,FALSE
CN,China,2024-11-01,2024,11,NA,7829,https://www.ndcpa.gov.cn/jbkzzx/c100016/common/content/content_1868944491533684736.html,month,Monthly surveillance,1827.7361516222124,1374.7778067331647,0.010000000000000002,5933.651006945766,ARIMA + Fourier,2021-12-01,2024-01-01,2024-01-01,Balanced,FALSE
CN,China,2024-12-01,2024,12,NA,6662,https://www.ndcpa.gov.cn/jbkzzx/c100016/common/content/content_1879707944644890624.html,month,Monthly surveillance,1804.3000798793717,1340.5286508636764,0.010000000000000002,5872.731693399987,ARIMA + Fourier,2021-12-01,2024-01-01,2024-01-01,Balanced,FALSE
CN,China,2025-01-01,2025,1,NA,5611,https://www.ndcpa.gov.cn/jbkzzx/c100016/common/content/content_1890318316888248320.html,month,Monthly surveillance,1644.0676212681271,1177.4001622496062,0.010000000000000002,5590.50935930347,ARIMA + Fourier,2021-12-01,2024-01-01,2024-01-01,Balanced,FALSE
CN,China,2025-02-01,2025,2,NA,4298,https://www.ndcpa.gov.cn/jbkzzx/c100016/common/content/content_1904362252617027584.html,month,Monthly surveillance,1775.9793036650337,1297.997959681748,0.010000000000000002,5858.301691811758,ARIMA + Fourier,2021-12-01,2024-01-01,2024-01-01,Balanced,FALSE
CN,China,2025-03-01,2025,3,NA,4186,https://www.ndcpa.gov.cn/jbkzzx/c100016/common/content/content_1914222311882788864.html,month,Monthly surveillance,2386.277298410763,1883.7954174972065,31.176965018062827,7235.101400376035,ARIMA + Fourier,2021-12-01,2024-01-01,2024-01-01,Balanced,FALSE
CN,China,2025-04-01,2025,4,NA,4506,https://www.ndcpa.gov.cn/jbkzzx/c100016/common/content/content_1925457919569465344.html,month,Monthly surveillance,2353.8026362299174,1840.3496771932066,15.014477087243149,7296.610957268433,ARIMA + Fourier,2021-12-01,2024-01-01,2024-01-01,Balanced,FALSE
CN,China,2025-05-01,2025,5,NA,4260,https://www.ndcpa.gov.cn/jbkzzx/c100016/common/content/content_1930458943493410816.html,month,Monthly surveillance,2480.886448122732,1996.4900098917096,25.58491044601939,7504.309214730319,ARIMA + Fourier,2021-12-01,2024-01-01,2024-01-01,Balanced,FALSE
CN,China,2025-06-01,2025,6,NA,3590,https://www.ndcpa.gov.cn/jbkzzx/c100016/common/content/content_1941024811541499904.html,month,Monthly surveillance,2667.046081096487,2170.171564964764,44.64526569390199,7724.410377187566,ARIMA + Fourier,2021-12-01,2024-01-01,2024-01-01,Balanced,FALSE
CN,China,2025-07-01,2025,7,NA,2974,https://www.ndcpa.gov.cn/jbkzzx/c100016/common/content/content_1952913634768621568.html,month,Monthly surveillance,3011.507421346796,2505.1423376566227,92.06410188633022,8422.08163877079,ARIMA + Fourier,2021-12-01,2024-01-01,2024-01-01,Balanced,FALSE
CN,China,2025-08-01,2025,8,NA,1774,https://www.ndcpa.gov.cn/jbkzzx/c100016/common/content/content_1963855822880935936.html,month,Monthly surveillance,3593.9821315713943,3066.882101237702,213.9482587312152,9580.650600703355,ARIMA + Fourier,2021-12-01,2024-01-01,2024-01-01,Balanced,FALSE
CN,China,2025-09-01,2025,9,NA,1028,https://www.ndcpa.gov.cn/jbkzzx/c100016/common/content/content_1976561324014342144.html,month,Monthly surveillance,2825.9432202231083,2319.639887340667,60.87919772395947,8164.731274659967,ARIMA + Fourier,2021-12-01,2024-01-01,2024-01-01,Balanced,FALSE
CN,China,2025-10-01,2025,10,NA,893,https://globalinfectiousdisease.com/diseases/pertussis/,month,Monthly surveillance,2089.2651436195133,1589.7204547571623,0.010000000000000002,6727.5401902341055,ARIMA + Fourier,2021-12-01,2024-01-01,2024-01-01,Balanced,FALSE
CN,China,2025-11-01,2025,11,NA,1246,https://globalinfectiousdisease.com/diseases/pertussis/,month,Monthly surveillance,1894.9181443504485,1369.992182271791,0.010000000000000002,6425.910366587891,ARIMA + Fourier,2021-12-01,2024-01-01,2024-01-01,Balanced,FALSE
CN,China,2025-12-01,2025,12,NA,1313,https://globalinfectiousdisease.com/diseases/pertussis/,month,Monthly surveillance,1873.278499941971,1346.3422112396797,0.010000000000000002,6502.608434027736,ARIMA + Fourier,2021-12-01,2024-01-01,2024-01-01,Balanced,FALSE
JP,Japan,2019-12-30,2020,NA,1,14,https://www.niid.go.jp/niid/en/survaillance-data-table-english.html,week,Weekly surveillance,164.9522303334385,165.0937989071323,118.07747401696344,224.74879213615975,ARIMA + Fourier,2025-01-20,2025-08-04,2025-08-04,Balanced,FALSE
JP,Japan,2020-01-06,2020,NA,2,139,https://www.niid.go.jp/niid/en/survaillance-data-table-english.html,week,Weekly surveillance,166.36771600748196,167.0812926765904,112.4414346187247,232.28891277207578,ARIMA + Fourier,2025-01-20,2025-08-04,2025-08-04,Balanced,FALSE
JP,Japan,2020-01-13,2020,NA,3,125,https://www.niid.go.jp/niid/en/survaillance-data-table-english.html,week,Weekly surveillance,170.6974182142876,171.22230522218,112.37074169026394,234.3683523713924,ARIMA + Fourier,2025-01-20,2025-08-04,2025-08-04,Balanced,FALSE
JP,Japan,2020-01-20,2020,NA,4,145,https://www.niid.go.jp/niid/en/survaillance-data-table-english.html,week,Weekly surveillance,173.1068882882151,173.62157660383144,110.02441814914044,236.42132767618443,ARIMA + Fourier,2025-01-20,2025-08-04,2025-08-04,Balanced,FALSE
JP,Japan,2020-01-27,2020,NA,5,126,https://www.niid.go.jp/niid/en/survaillance-data-table-english.html,week,Weekly surveillance,176.6184382808599,177.1577455102222,110.48577924214833,246.59865598801062,ARIMA + Fourier,2025-01-20,2025-08-04,2025-08-04,Balanced,FALSE
JP,Japan,2020-02-03,2020,NA,6,145,https://www.niid.go.jp/niid/en/survaillance-data-table-english.html,week,Weekly surveillance,177.8210612365508,178.5781649487795,104.130517831796,251.2883584025959,ARIMA + Fourier,2025-01-20,2025-08-04,2025-08-04,Balanced,FALSE
JP,Japan,2020-02-10,2020,NA,7,97,https://www.niid.go.jp/niid/en/survaillance-data-table-english.html,week,Weekly surveillance,178.62954116587144,178.87585982109067,102.59252802346865,250.1274750572843,ARIMA + Fourier,2025-01-20,2025-08-04,2025-08-04,Balanced,FALSE
JP,Japan,2020-02-17,2020,NA,8,108,https://www.niid.go.jp/niid/en/survaillance-data-table-english.html,week,Weekly surveillance,177.99133170643083,178.57655732654263,100.43419599062048,256.2556432853362,ARIMA + Fourier,2025-01-20,2025-08-04,2025-08-04,Balanced,FALSE
JP,Japan,2020-02-24,2020,NA,9,103,https://www.niid.go.jp/niid/en/survaillance-data-table-english.html,week,Weekly surveillance,177.00376372546484,177.4415647322583,96.34488932113213,255.09478712886983,ARIMA + Fourier,2025-01-20,2025-08-04,2025-08-04,Balanced,FALSE
JP,Japan,2020-03-02,2020,NA,10,134,https://www.niid.go.jp/niid/en/survaillance-data-table-english.html,week,Weekly surveillance,177.63298778867787,177.2547702551853,93.99417716910574,264.433203239208,ARIMA + Fourier,2025-01-20,2025-08-04,2025-08-04,Balanced,FALSE
JP,Japan,2020-03-09,2020,NA,11,111,https://www.niid.go.jp/niid/en/survaillance-data-table-english.html,week,Weekly surveillance,177.95133607690926,178.2750665147019,95.39123007377619,261.6602305734631,ARIMA + Fourier,2025-01-20,2025-08-04,2025-08-04,Balanced,FALSE
JP,Japan,2020-03-16,2020,NA,12,75,https://www.niid.go.jp/niid/en/survaillance-data-table-english.html,week,Weekly surveillance,178.0741533762078,177.88480721427038,94.84327807947354,265.10968579019556,ARIMA + Fourier,2025-01-20,2025-08-04,2025-08-04,Balanced,FALSE
JP,Japan,2020-03-23,2020,NA,13,92,https://www.niid.go.jp/niid/en/survaillance-data-table-english.html,week,Weekly surveillance,180.2772726721463,181.32341498934719,93.04388898105199,265.02452962611505,ARIMA + Fourier,2025-01-20,2025-08-04,2025-08-04,Balanced,FALSE
JP,Japan,2020-03-30,2020,NA,14,91,https://www.niid.go.jp/niid/en/survaillance-data-table-english.html,week,Weekly surveillance,182.7025761415107,183.0445922873887,91.00078481498194,271.77409074364675,ARIMA + Fourier,2025-01-20,2025-08-04,2025-08-04,Balanced,FALSE
JP,Japan,2020-04-06,2020,NA,15,33,https://www.niid.go.jp/niid/en/survaillance-data-table-english.html,week,Weekly surveillance,181.79240610484325,182.72937453981046,88.65976334203786,274.3244475835741,ARIMA + Fourier,2025-01-20,2025-08-04,2025-08-04,Balanced,FALSE
JP,Japan,2020-04-13,2020,NA,16,38,https://www.niid.go.jp/niid/en/survaillance-data-table-english.html,week,Weekly surveillance,181.29056416531725,182.4090538813868,84.51176521582087,274.10469153735403,ARIMA + Fourier,2025-01-20,2025-08-04,2025-08-04,Balanced,FALSE
JP,Japan,2020-04-20,2020,NA,17,29,https://www.niid.go.jp/niid/en/survaillance-data-table-english.html,week,Weekly surveillance,183.2321482200616,181.461711364228,83.53723561521196,277.41869047405544,ARIMA + Fourier,2025-01-20,2025-08-04,2025-08-04,Balanced,FALSE
JP,Japan,2020-04-27,2020,NA,18,30,https://www.niid.go.jp/niid/en/survaillance-data-table-english.html,week,Weekly surveillance,186.90800905188453,187.52177359356097,88.84966427936146,285.1483885673324,ARIMA + Fourier,2025-01-20,2025-08-04,2025-08-04,Balanced,FALSE
JP,Japan,2020-05-04,2020,NA,19,11,https://www.niid.go.jp/niid/en/survaillance-data-table-english.html,week,Weekly surveillance,193.9563870768101,192.1336150944116,92.2578959682279,299.6278765371746,ARIMA + Fourier,2025-01-20,2025-08-04,2025-08-04,Balanced,FALSE
JP,Japan,2020-05-11,2020,NA,20,23,https://www.niid.go.jp/niid/en/survaillance-data-table-english.html,week,Weekly surveillance,205.58390028322532,204.1886085897147,99.4283353710309,312.9751080988398,ARIMA + Fourier,2025-01-20,2025-08-04,2025-08-04,Balanced,FALSE
JP,Japan,2020-05-18,2020,NA,21,25,https://www.niid.go.jp/niid/en/survaillance-data-table-english.html,week,Weekly surveillance,217.77157551580578,217.49568721961398,105.35230915909638,328.12716510869524,ARIMA + Fourier,2025-01-20,2025-08-04,2025-08-04,Balanced,FALSE
JP,Japan,2020-05-25,2020,NA,22,6,https://www.niid.go.jp/niid/en/survaillance-data-table-english.html,week,Weekly surveillance,233.08003074913427,232.6439316273271,120.91163629888794,353.9399645435851,ARIMA + Fourier,2025-01-20,2025-08-04,2025-08-04,Balanced,FALSE
JP,Japan,2020-06-01,2020,NA,23,17,https://www.niid.go.jp/niid/en/survaillance-data-table-english.html,week,Weekly surveillance,249.8940039267747,250.34099022261086,126.33401913118406,379.19430141754117,ARIMA + Fourier,2025-01-20,2025-08-04,2025-08-04,Balanced,FALSE
JP,Japan,2020-06-08,2020,NA,24,15,https://www.niid.go.jp/niid/en/survaillance-data-table-english.html,week,Weekly surveillance,259.57817297361163,258.9726378727564,133.39321671819272,391.56543184741946,ARIMA + Fourier,2025-01-20,2025-08-04,2025-08-04,Balanced,FALSE
JP,Japan,2020-06-15,2020,NA,25,15,https://www.niid.go.jp/niid/en/survaillance-data-table-english.html,week,Weekly surveillance,263.78149367370645,262.5152085887288,140.2346951804564,399.6792815324796,ARIMA + Fourier,2025-01-20,2025-08-04,2025-08-04,Balanced,FALSE
JP,Japan,2020-06-22,2020,NA,26,15,https://www.niid.go.jp/niid/en/survaillance-data-table-english.html,week,Weekly surveillance,263.7286770503288,263.2048283533414,125.3314866099784,396.9468327411545,ARIMA + Fourier,2025-01-20,2025-08-04,2025-08-04,Balanced,FALSE
JP,Japan,2020-06-29,2020,NA,27,9,https://www.niid.go.jp/niid/en/survaillance-data-table-english.html,week,Weekly surveillance,257.58383652178975,257.7003805533891,125.66550986889227,395.6544652591501,ARIMA + Fourier,2025-01-20,2025-08-04,2025-08-04,Balanced,FALSE
JP,Japan,2020-07-06,2020,NA,28,5,https://www.niid.go.jp/niid/en/survaillance-data-table-english.html,week,Weekly surveillance,250.2823814142712,249.41340365270992,118.8970278647561,386.42047629420415,ARIMA + Fourier,2025-01-20,2025-08-04,2025-08-04,Balanced,FALSE
JP,Japan,2020-07-13,2020,NA,29,14,https://www.niid.go.jp/niid/en/survaillance-data-table-english.html,week,Weekly surveillance,242.76434134715993,241.73447143477344,110.39977580296281,382.977616891503,ARIMA + Fourier,2025-01-20,2025-08-04,2025-08-04,Balanced,FALSE
JP,Japan,2020-07-20,2020,NA,30,8,https://www.niid.go.jp/niid/en/survaillance-data-table-english.html,week,Weekly surveillance,236.19918272397172,235.84390713838118,106.73972724504966,373.6475797402494,ARIMA + Fourier,2025-01-20,2025-08-04,2025-08-04,Balanced,FALSE
JP,Japan,2020-07-27,2020,NA,31,11,https://www.niid.go.jp/niid/en/survaillance-data-table-english.html,week,Weekly surveillance,234.71825981081756,232.2323148337769,107.26384024619867,371.52069044470187,ARIMA + Fourier,2025-01-20,2025-08-04,2025-08-04,Balanced,FALSE
JP,Japan,2020-08-03,2020,NA,32,9,https://www.niid.go.jp/niid/en/survaillance-data-table-english.html,week,Weekly surveillance,235.8835054461088,231.47137195613652,109.96111175596313,381.6780603173543,ARIMA + Fourier,2025-01-20,2025-08-04,2025-08-04,Balanced,FALSE
JP,Japan,2020-08-10,2020,NA,33,4,https://www.niid.go.jp/niid/en/survaillance-data-table-english.html,week,Weekly surveillance,239.10366039283795,236.79664039527287,106.69426974908352,389.07834049167445,ARIMA + Fourier,2025-01-20,2025-08-04,2025-08-04,Balanced,FALSE
JP,Japan,2020-08-17,2020,NA,34,10,https://www.niid.go.jp/niid/en/survaillance-data-table-english.html,week,Weekly surveillance,241.81415431993778,237.35624976466096,111.320224675625,396.6568842432209,ARIMA + Fourier,2025-01-20,2025-08-04,2025-08-04,Balanced,FALSE
JP,Japan,2020-08-24,2020,NA,35,17,https://www.niid.go.jp/niid/en/survaillance-data-table-english.html,week,Weekly surveillance,241.02962472694944,239.10314677435446,102.53931927533782,390.674895120835,ARIMA + Fourier,2025-01-20,2025-08-04,2025-08-04,Balanced,FALSE
JP,Japan,2020-08-31,2020,NA,36,12,https://www.niid.go.jp/niid/en/survaillance-data-table-english.html,week,Weekly surveillance,239.9934445694412,236.61845598164166,100.64683751070578,397.65844390679416,ARIMA + Fourier,2025-01-20,2025-08-04,2025-08-04,Balanced,FALSE
JP,Japan,2020-09-07,2020,NA,37,12,https://www.niid.go.jp/niid/en/survaillance-data-table-english.html,week,Weekly surveillance,234.89194909704278,231.8761410691171,89.53070950795049,392.71572477246315,ARIMA + Fourier,2025-01-20,2025-08-04,2025-08-04,Balanced,FALSE
JP,Japan,2020-09-14,2020,NA,38,12,https://www.niid.go.jp/niid/en/survaillance-data-table-english.html,week,Weekly surveillance,228.23294579104424,225.64091648792467,88.56912909432673,383.53453493671924,ARIMA + Fourier,2025-01-20,2025-08-04,2025-08-04,Balanced,FALSE
JP,Japan,2020-09-21,2020,NA,39,6,https://www.niid.go.jp/niid/en/survaillance-data-table-english.html,week,Weekly surveillance,222.72699093119127,221.58079752892357,77.93895690064416,377.70328659872183,ARIMA + Fourier,2025-01-20,2025-08-04,2025-08-04,Balanced,FALSE
JP,Japan,2020-09-28,2020,NA,40,18,https://www.niid.go.jp/niid/en/survaillance-data-table-english.html,week,Weekly surveillance,222.33354714241506,217.6547519494284,84.33401298760214,385.9007529366695,ARIMA + Fourier,2025-01-20,2025-08-04,2025-08-04,Balanced,FALSE
JP,Japan,2020-10-05,2020,NA,41,11,https://www.niid.go.jp/niid/en/survaillance-data-table-english.html,week,Weekly surveillance,222.97925107392987,218.94783371281648,82.88282453786351,387.0135469238721,ARIMA + Fourier,2025-01-20,2025-08-04,2025-08-04,Balanced,FALSE
JP,Japan,2020-10-12,2020,NA,42,8,https://www.niid.go.jp/niid/en/survaillance-data-table-english.html,week,Weekly surveillance,227.12105961427446,223.4642445062441,83.36815737073331,387.07849625214646,ARIMA + Fourier,2025-01-20,2025-08-04,2025-08-04,Balanced,FALSE
JP,Japan,2020-10-19,2020,NA,43,4,https://www.niid.go.jp/niid/en/survaillance-data-table-english.html,week,Weekly surveillance,231.92393364685867,229.45224170553877,85.4975349507763,393.76184896496625,ARIMA + Fourier,2025-01-20,2025-08-04,2025-08-04,Balanced,FALSE
JP,Japan,2020-10-26,2020,NA,44,13,https://www.niid.go.jp/niid/en/survaillance-data-table-english.html,week,Weekly surveillance,238.18879562899843,234.57549134950176,93.376505915056,406.555421792035,ARIMA + Fourier,2025-01-20,2025-08-04,2025-08-04,Balanced,FALSE
JP,Japan,2020-11-02,2020,NA,45,8,https://www.niid.go.jp/niid/en/survaillance-data-table-english.html,week,Weekly surveillance,240.2531327362636,237.41113642050357,91.03285027348258,413.13261974066126,ARIMA + Fourier,2025-01-20,2025-08-04,2025-08-04,Balanced,FALSE
JP,Japan,2020-11-09,2020,NA,46,14,https://www.niid.go.jp/niid/en/survaillance-data-table-english.html,week,Weekly surveillance,238.59195974210616,234.41735331964927,89.76300565973753,396.51800753343497,ARIMA + Fourier,2025-01-20,2025-08-04,2025-08-04,Balanced,FALSE
JP,Japan,2020-11-16,2020,NA,47,6,https://www.niid.go.jp/niid/en/survaillance-data-table-english.html,week,Weekly surveillance,230.02219938711232,226.05189285437922,84.16271829232849,402.29197140924884,ARIMA + Fourier,2025-01-20,2025-08-04,2025-08-04,Balanced,FALSE
JP,Japan,2020-11-23,2020,NA,48,10,https://www.niid.go.jp/niid/en/survaillance-data-table-english.html,week,Weekly surveillance,217.5021562671054,213.59637497421267,70.97121463855287,391.11615597702024,ARIMA + Fourier,2025-01-20,2025-08-04,2025-08-04,Balanced,FALSE
JP,Japan,2020-11-30,2020,NA,49,16,https://www.niid.go.jp/niid/en/survaillance-data-table-english.html,week,Weekly surveillance,202.39952637236874,197.92756126947916,63.812444933308505,364.367464651152,ARIMA + Fourier,2025-01-20,2025-08-04,2025-08-04,Balanced,FALSE
JP,Japan,2020-12-07,2020,NA,50,12,https://www.niid.go.jp/niid/en/survaillance-data-table-english.html,week,Weekly surveillance,190.00825872165512,184.26425001038052,55.868082436058906,353.41734457249066,ARIMA + Fourier,2025-01-20,2025-08-04,2025-08-04,Balanced,FALSE
JP,Japan,2020-12-14,2020,NA,51,12,https://www.niid.go.jp/niid/en/survaillance-data-table-english.html,week,Weekly surveillance,178.82966952560875,174.23415282381765,49.53137879302556,339.21446331570286,ARIMA + Fourier,2025-01-20,2025-08-04,2025-08-04,Balanced,FALSE
JP,Japan,2020-12-21,2020,NA,52,14,https://www.niid.go.jp/niid/en/survaillance-data-table-english.html,week,Weekly surveillance,172.3011092711315,167.3371278837789,46.673428017712915,326.41792747018883,ARIMA + Fourier,2025-01-20,2025-08-04,2025-08-04,Balanced,FALSE
JP,Japan,2020-12-28,2020,NA,53,3,https://www.niid.go.jp/niid/en/survaillance-data-table-english.html,week,Weekly surveillance,170.5401729592742,165.80321724380434,43.49533114439246,328.6489988721463,ARIMA + Fourier,2025-01-20,2025-08-04,2025-08-04,Balanced,FALSE
JP,Japan,2021-01-04,2021,NA,1,8,https://www.niid.go.jp/niid/en/survaillance-data-table-english.html,week,Weekly surveillance,172.66773833973878,167.60292902411987,44.378370852734776,330.06483572137853,ARIMA + Fourier,2025-01-20,2025-08-04,2025-08-04,Balanced,FALSE
JP,Japan,2021-01-11,2021,NA,2,5,https://www.niid.go.jp/niid/en/survaillance-data-table-english.html,week,Weekly surveillance,175.1332247322625,170.49498675925406,42.02665429023576,336.789090364459,ARIMA + Fourier,2025-01-20,2025-08-04,2025-08-04,Balanced,FALSE
JP,Japan,2021-01-18,2021,NA,3,10,https://www.niid.go.jp/niid/en/survaillance-data-table-english.html,week,Weekly surveillance,179.9692202225224,175.100200084927,46.7887555949687,349.27687888715747,ARIMA + Fourier,2025-01-20,2025-08-04,2025-08-04,Balanced,FALSE
JP,Japan,2021-01-25,2021,NA,4,10,https://www.niid.go.jp/niid/en/survaillance-data-table-english.html,week,Weekly surveillance,182.7911548208349,180.13580279074284,48.03867900578683,353.80706900564684,ARIMA + Fourier,2025-01-20,2025-08-04,2025-08-04,Balanced,FALSE
JP,Japan,2021-02-01,2021,NA,5,11,https://www.niid.go.jp/niid/en/survaillance-data-table-english.html,week,Weekly surveillance,182.9865548030183,176.86482514569877,48.780495753820446,355.30761876536224,ARIMA + Fourier,2025-01-20,2025-08-04,2025-08-04,Balanced,FALSE
JP,Japan,2021-02-08,2021,NA,6,9,https://www.niid.go.jp/niid/en/survaillance-data-table-english.html,week,Weekly surveillance,184.72491559816555,178.85779214449644,43.695209080919064,356.6429631548646,ARIMA + Fourier,2025-01-20,2025-08-04,2025-08-04,Balanced,FALSE
JP,Japan,2021-02-15,2021,NA,7,4,https://www.niid.go.jp/niid/en/survaillance-data-table-english.html,week,Weekly surveillance,183.9661416655878,178.29802814399,47.4139705001248,354.7472507643049,ARIMA + Fourier,2025-01-20,2025-08-04,2025-08-04,Balanced,FALSE
JP,Japan,2021-02-22,2021,NA,8,7,https://www.niid.go.jp/niid/en/survaillance-data-table-english.html,week,Weekly surveillance,182.7800725393408,177.3087025642588,45.00058551675707,355.4401245831236,ARIMA + Fourier,2025-01-20,2025-08-04,2025-08-04,Balanced,FALSE
JP,Japan,2021-03-01,2021,NA,9,14,https://www.niid.go.jp/niid/en/survaillance-data-table-english.html,week,Weekly surveillance,184.05019844559132,178.33471463399397,47.190796316359986,359.09139566452325,ARIMA + Fourier,2025-01-20,2025-08-04,2025-08-04,Balanced,FALSE
JP,Japan,2021-03-08,2021,NA,10,11,https://www.niid.go.jp/niid/en/survaillance-data-table-english.html,week,Weekly surveillance,184.00783017301634,180.10808729812095,44.531228343435515,361.08020406751507,ARIMA + Fourier,2025-01-20,2025-08-04,2025-08-04,Balanced,FALSE
JP,Japan,2021-03-15,2021,NA,11,7,https://www.niid.go.jp/niid/en/survaillance-data-table-english.html,week,Weekly surveillance,184.05552246569937,178.6381931694024,45.89133073733939,359.28906127069865,ARIMA + Fourier,2025-01-20,2025-08-04,2025-08-04,Balanced,FALSE
JP,Japan,2021-03-22,2021,NA,12,10,https://www.niid.go.jp/niid/en/survaillance-data-table-english.html,week,Weekly surveillance,187.11384019836566,179.824492443082,47.45850625850166,369.510782646004,ARIMA + Fourier,2025-01-20,2025-08-04,2025-08-04,Balanced,FALSE
JP,Japan,2021-03-29,2021,NA,13,2,https://www.niid.go.jp/niid/en/survaillance-data-table-english.html,week,Weekly surveillance,186.71538986637293,182.50777844073562,45.60998744831716,357.95133407101105,ARIMA + Fourier,2025-01-20,2025-08-04,2025-08-04,Balanced,FALSE
JP,Japan,2021-04-05,2021,NA,14,4,https://www.niid.go.jp/niid/en/survaillance-data-table-english.html,week,Weekly surveillance,188.25926882464182,181.9029340955674,43.348704388020415,370.24556696848356,ARIMA + Fourier,2025-01-20,2025-08-04,2025-08-04,Balanced,FALSE
JP,Japan,2021-04-12,2021,NA,15,7,https://www.niid.go.jp/niid/en/survaillance-data-table-english.html,week,Weekly surveillance,188.94429778788444,183.64186205177958,45.63186537729918,380.0711302842694,ARIMA + Fourier,2025-01-20,2025-08-04,2025-08-04,Balanced,FALSE
JP,Japan,2021-04-19,2021,NA,16,6,https://www.niid.go.jp/niid/en/survaillance-data-table-english.html,week,Weekly surveillance,189.8744242001996,183.1493203624139,46.08174262344817,382.2162200976672,ARIMA + Fourier,2025-01-20,2025-08-04,2025-08-04,Balanced,FALSE
JP,Japan,2021-04-26,2021,NA,17,3,https://www.niid.go.jp/niid/en/survaillance-data-table-english.html,week,Weekly surveillance,194.09032984495067,187.06956793002476,51.051676855994685,379.1281133564988,ARIMA + Fourier,2025-01-20,2025-08-04,2025-08-04,Balanced,FALSE
JP,Japan,2021-05-03,2021,NA,18,5,https://www.niid.go.jp/niid/en/survaillance-data-table-english.html,week,Weekly surveillance,201.70401409522117,194.86185429675407,51.82430026935978,396.755536753941,ARIMA + Fourier,2025-01-20,2025-08-04,2025-08-04,Balanced,FALSE
JP,Japan,2021-05-10,2021,NA,19,8,https://www.niid.go.jp/niid/en/survaillance-data-table-english.html,week,Weekly surveillance,210.6037363489632,202.8959469991674,51.18963997818138,406.3339898098541,ARIMA + Fourier,2025-01-20,2025-08-04,2025-08-04,Balanced,FALSE
JP,Japan,2021-05-17,2021,NA,20,11,https://www.niid.go.jp/niid/en/survaillance-data-table-english.html,week,Weekly surveillance,225.62664363151967,217.2073031519319,58.09914298744385,424.03391332283394,ARIMA + Fourier,2025-01-20,2025-08-04,2025-08-04,Balanced,FALSE
JP,Japan,2021-05-24,2021,NA,21,8,https://www.niid.go.jp/niid/en/survaillance-data-table-english.html,week,Weekly surveillance,240.29897206467106,231.39071530456772,62.270870339291044,456.9002630688309,ARIMA + Fourier,2025-01-20,2025-08-04,2025-08-04,Balanced,FALSE
JP,Japan,2021-05-31,2021,NA,22,4,https://www.niid.go.jp/niid/en/survaillance-data-table-english.html,week,Weekly surveillance,255.97260240294088,248.0988819668832,78.41708457518796,494.8071780221124,ARIMA + Fourier,2025-01-20,2025-08-04,2025-08-04,Balanced,FALSE
JP,Japan,2021-06-07,2021,NA,23,10,https://www.niid.go.jp/niid/en/survaillance-data-table-english.html,week,Weekly surveillance,265.6800611156421,257.9950760588588,72.28820307329391,486.7437883022825,ARIMA + Fourier,2025-01-20,2025-08-04,2025-08-04,Balanced,FALSE
JP,Japan,2021-06-14,2021,NA,24,7,https://www.niid.go.jp/niid/en/survaillance-data-table-english.html,week,Weekly surveillance,270.483655531165,264.05784754984137,80.78605612351856,496.7401067039126,ARIMA + Fourier,2025-01-20,2025-08-04,2025-08-04,Balanced,FALSE
JP,Japan,2021-06-21,2021,NA,25,12,https://www.niid.go.jp/niid/en/survaillance-data-table-english.html,week,Weekly surveillance,270.8387217107453,263.887312871878,76.58538413624113,508.93258291060965,ARIMA + Fourier,2025-01-20,2025-08-04,2025-08-04,Balanced,FALSE
JP,Japan,2021-06-28,2021,NA,26,20,https://www.niid.go.jp/niid/en/survaillance-data-table-english.html,week,Weekly surveillance,264.71777899791147,256.6830169071264,77.24299408236826,500.4154706755024,ARIMA + Fourier,2025-01-20,2025-08-04,2025-08-04,Balanced,FALSE
JP,Japan,2021-07-05,2021,NA,27,17,https://www.niid.go.jp/niid/en/survaillance-data-table-english.html,week,Weekly surveillance,256.3393327873083,248.49900002916928,73.69003994048681,496.27622865589206,ARIMA + Fourier,2025-01-20,2025-08-04,2025-08-04,Balanced,FALSE
JP,Japan,2021-07-12,2021,NA,28,8,https://www.niid.go.jp/niid/en/survaillance-data-table-english.html,week,Weekly surveillance,251.2440966096946,244.73917202697456,64.86607289964523,483.40648720012103,ARIMA + Fourier,2025-01-20,2025-08-04,2025-08-04,Balanced,FALSE
JP,Japan,2021-07-19,2021,NA,29,5,https://www.niid.go.jp/niid/en/survaillance-data-table-english.html,week,Weekly surveillance,244.75895119678518,234.39069385306505,63.52979440181702,474.0513165330175,ARIMA + Fourier,2025-01-20,2025-08-04,2025-08-04,Balanced,FALSE
JP,Japan,2021-07-26,2021,NA,30,6,https://www.niid.go.jp/niid/en/survaillance-data-table-english.html,week,Weekly surveillance,243.3907700267749,235.87397652021394,63.82627418416673,473.9647822911234,ARIMA + Fourier,2025-01-20,2025-08-04,2025-08-04,Balanced,FALSE
JP,Japan,2021-08-02,2021,NA,31,6,https://www.niid.go.jp/niid/en/survaillance-data-table-english.html,week,Weekly surveillance,243.84540917710558,232.1819297396474,62.66146789407894,486.21139770742167,ARIMA + Fourier,2025-01-20,2025-08-04,2025-08-04,Balanced,FALSE
JP,Japan,2021-08-09,2021,NA,32,5,https://www.niid.go.jp/niid/en/survaillance-data-table-english.html,week,Weekly surveillance,245.7525327553753,234.817428378019,67.27071831415627,480.6690369822303,ARIMA + Fourier,2025-01-20,2025-08-04,2025-08-04,Balanced,FALSE
JP,Japan,2021-08-16,2021,NA,33,7,https://www.niid.go.jp/niid/en/survaillance-data-table-english.html,week,Weekly surveillance,249.06621270752464,239.93039371496252,63.30720845394185,490.1109000801526,ARIMA + Fourier,2025-01-20,2025-08-04,2025-08-04,Balanced,FALSE
JP,Japan,2021-08-23,2021,NA,34,9,https://www.niid.go.jp/niid/en/survaillance-data-table-english.html,week,Weekly surveillance,249.84107564881427,240.4048885467629,67.25356461576104,486.3574107811884,ARIMA + Fourier,2025-01-20,2025-08-04,2025-08-04,Balanced,FALSE
JP,Japan,2021-08-30,2021,NA,35,4,https://www.niid.go.jp/niid/en/survaillance-data-table-english.html,week,Weekly surveillance,246.8301353850081,236.35550353200549,64.69675351575249,486.1939482730302,ARIMA + Fourier,2025-01-20,2025-08-04,2025-08-04,Balanced,FALSE
JP,Japan,2021-09-06,2021,NA,36,9,https://www.niid.go.jp/niid/en/survaillance-data-table-english.html,week,Weekly surveillance,242.01213963148533,232.11905878414441,59.07588175860407,468.1017995138897,ARIMA + Fourier,2025-01-20,2025-08-04,2025-08-04,Balanced,FALSE
JP,Japan,2021-09-13,2021,NA,37,15,https://www.niid.go.jp/niid/en/survaillance-data-table-english.html,week,Weekly surveillance,237.57768467845835,229.1985839626702,55.19341756790638,477.46472829682017,ARIMA + Fourier,2025-01-20,2025-08-04,2025-08-04,Balanced,FALSE
JP,Japan,2021-09-20,2021,NA,38,8,https://www.niid.go.jp/niid/en/survaillance-data-table-english.html,week,Weekly surveillance,230.25769032965403,220.02766436054165,51.692562168526315,457.64025816184807,ARIMA + Fourier,2025-01-20,2025-08-04,2025-08-04,Balanced,FALSE
JP,Japan,2021-09-27,2021,NA,39,7,https://www.niid.go.jp/niid/en/survaillance-data-table-english.html,week,Weekly surveillance,227.64369650411373,215.59678288614552,47.5255857228867,455.9692562517885,ARIMA + Fourier,2025-01-20,2025-08-04,2025-08-04,Balanced,FALSE
JP,Japan,2021-10-04,2021,NA,40,9,https://www.niid.go.jp/niid/en/survaillance-data-table-english.html,week,Weekly surveillance,230.96464729379193,219.9581978213575,51.59384069985765,469.027939039148,ARIMA + Fourier,2025-01-20,2025-08-04,2025-08-04,Balanced,FALSE
JP,Japan,2021-10-11,2021,NA,41,21,https://www.niid.go.jp/niid/en/survaillance-data-table-english.html,week,Weekly surveillance,234.55209420531148,223.41428664511022,53.28380016438364,471.52426002207426,ARIMA + Fourier,2025-01-20,2025-08-04,2025-08-04,Balanced,FALSE
JP,Japan,2021-10-18,2021,NA,42,10,https://www.niid.go.jp/niid/en/survaillance-data-table-english.html,week,Weekly surveillance,239.35854243612104,228.16141715084603,51.95959986975397,480.0477527568705,ARIMA + Fourier,2025-01-20,2025-08-04,2025-08-04,Balanced,FALSE
JP,Japan,2021-10-25,2021,NA,43,13,https://www.niid.go.jp/niid/en/survaillance-data-table-english.html,week,Weekly surveillance,245.6352043779235,236.16782253022762,57.36970688961632,488.21310113521844,ARIMA + Fourier,2025-01-20,2025-08-04,2025-08-04,Balanced,FALSE
JP,Japan,2021-11-01,2021,NA,44,19,https://www.niid.go.jp/niid/en/survaillance-data-table-english.html,week,Weekly surveillance,247.9343195310632,235.7967545301741,51.57979032285328,496.91199166591633,ARIMA + Fourier,2025-01-20,2025-08-04,2025-08-04,Balanced,FALSE
JP,Japan,2021-11-08,2021,NA,45,13,https://www.niid.go.jp/niid/en/survaillance-data-table-english.html,week,Weekly surveillance,244.10042391760956,231.95692920423488,53.01387281788513,493.3483724303797,ARIMA + Fourier,2025-01-20,2025-08-04,2025-08-04,Balanced,FALSE
JP,Japan,2021-11-15,2021,NA,46,18,https://www.niid.go.jp/niid/en/survaillance-data-table-english.html,week,Weekly surveillance,237.6458237372088,227.4868158641388,50.37144459831264,484.30749785105905,ARIMA + Fourier,2025-01-20,2025-08-04,2025-08-04,Balanced,FALSE
JP,Japan,2021-11-22,2021,NA,47,24,https://www.niid.go.jp/niid/en/survaillance-data-table-english.html,week,Weekly surveillance,224.26938773120153,213.27004739432965,38.727456955892876,467.3208927427243,ARIMA + Fourier,2025-01-20,2025-08-04,2025-08-04,Balanced,FALSE
JP,Japan,2021-11-29,2021,NA,48,25,https://www.niid.go.jp/niid/en/survaillance-data-table-english.html,week,Weekly surveillance,210.9827188341752,199.6082578372966,35.962896862852055,449.46180053917976,ARIMA + Fourier,2025-01-20,2025-08-04,2025-08-04,Balanced,FALSE
JP,Japan,2021-12-06,2021,NA,49,26,https://www.niid.go.jp/niid/en/survaillance-data-table-english.html,week,Weekly surveillance,196.94288929526746,186.40625990349898,28.27831829673146,423.0425314857193,ARIMA + Fourier,2025-01-20,2025-08-04,2025-08-04,Balanced,FALSE
JP,Japan,2021-12-13,2021,NA,50,21,https://www.niid.go.jp/niid/en/survaillance-data-table-english.html,week,Weekly surveillance,187.34425587643915,177.99467438212338,23.832538781200306,409.3435662569303,ARIMA + Fourier,2025-01-20,2025-08-04,2025-08-04,Balanced,FALSE
JP,Japan,2021-12-20,2021,NA,51,26,https://www.niid.go.jp/niid/en/survaillance-data-table-english.html,week,Weekly surveillance,181.0129286758375,170.2973740332344,23.15232915424083,404.9479740388078,ARIMA + Fourier,2025-01-20,2025-08-04,2025-08-04,Balanced,FALSE
JP,Japan,2021-12-27,2021,NA,52,19,https://www.niid.go.jp/niid/en/survaillance-data-table-english.html,week,Weekly surveillance,179.15450426592164,166.04310347283703,22.67016217763892,401.1761170853014,ARIMA + Fourier,2025-01-20,2025-08-04,2025-08-04,Balanced,FALSE
JP,Japan,2022-01-03,2022,NA,1,14,https://www.niid.go.jp/niid/en/survaillance-data-table-english.html,week,Weekly surveillance,182.10663320686317,169.6526115632846,24.14483037151939,412.5187017082867,ARIMA + Fourier,2025-01-20,2025-08-04,2025-08-04,Balanced,FALSE
JP,Japan,2022-01-10,2022,NA,2,5,https://www.niid.go.jp/niid/en/survaillance-data-table-english.html,week,Weekly surveillance,185.8682658896528,173.49178867076387,21.658717462304114,416.98607004571755,ARIMA + Fourier,2025-01-20,2025-08-04,2025-08-04,Balanced,FALSE
JP,Japan,2022-01-17,2022,NA,3,10,https://www.niid.go.jp/niid/en/survaillance-data-table-english.html,week,Weekly surveillance,190.34690463648548,178.00906659577123,24.385160730676173,437.0333334914653,ARIMA + Fourier,2025-01-20,2025-08-04,2025-08-04,Balanced,FALSE
JP,Japan,2022-01-24,2022,NA,4,7,https://www.niid.go.jp/niid/en/survaillance-data-table-english.html,week,Weekly surveillance,191.52426361298615,176.77611816511865,25.776824184040017,435.7480349069442,ARIMA + Fourier,2025-01-20,2025-08-04,2025-08-04,Balanced,FALSE
JP,Japan,2022-01-31,2022,NA,5,4,https://www.niid.go.jp/niid/en/survaillance-data-table-english.html,week,Weekly surveillance,194.59221785241073,179.50499056143053,23.69726211204224,427.7727335749685,ARIMA + Fourier,2025-01-20,2025-08-04,2025-08-04,Balanced,FALSE
JP,Japan,2022-02-07,2022,NA,6,4,https://www.niid.go.jp/niid/en/survaillance-data-table-english.html,week,Weekly surveillance,194.7804321045878,182.39248945024417,24.32325951246514,448.03154463388603,ARIMA + Fourier,2025-01-20,2025-08-04,2025-08-04,Balanced,FALSE
JP,Japan,2022-02-14,2022,NA,7,8,https://www.niid.go.jp/niid/en/survaillance-data-table-english.html,week,Weekly surveillance,193.60578838601694,179.79661942359053,23.18626911655903,442.27902845917794,ARIMA + Fourier,2025-01-20,2025-08-04,2025-08-04,Balanced,FALSE
JP,Japan,2022-02-21,2022,NA,8,10,https://www.niid.go.jp/niid/en/survaillance-data-table-english.html,week,Weekly surveillance,193.51949689107983,180.45151481779794,26.020986068177052,436.5776181978239,ARIMA + Fourier,2025-01-20,2025-08-04,2025-08-04,Balanced,FALSE
JP,Japan,2022-02-28,2022,NA,9,13,https://www.niid.go.jp/niid/en/survaillance-data-table-english.html,week,Weekly surveillance,193.07892339305758,179.0884875407939,23.57402514146065,445.4443542344663,ARIMA + Fourier,2025-01-20,2025-08-04,2025-08-04,Balanced,FALSE
JP,Japan,2022-03-07,2022,NA,10,4,https://www.niid.go.jp/niid/en/survaillance-data-table-english.html,week,Weekly surveillance,193.6060802194896,180.80658061587073,23.662599936664773,436.2018182717471,ARIMA + Fourier,2025-01-20,2025-08-04,2025-08-04,Balanced,FALSE
JP,Japan,2022-03-14,2022,NA,11,6,https://www.niid.go.jp/niid/en/survaillance-data-table-english.html,week,Weekly surveillance,194.5054414643828,179.49053869837957,23.072949679726147,440.5395833998383,ARIMA + Fourier,2025-01-20,2025-08-04,2025-08-04,Balanced,FALSE
JP,Japan,2022-03-21,2022,NA,12,8,https://www.niid.go.jp/niid/en/survaillance-data-table-english.html,week,Weekly surveillance,196.85352032181456,184.70197588110898,22.77141279143759,438.90900780818026,ARIMA + Fourier,2025-01-20,2025-08-04,2025-08-04,Balanced,FALSE
JP,Japan,2022-03-28,2022,NA,13,7,https://www.niid.go.jp/niid/en/survaillance-data-table-english.html,week,Weekly surveillance,197.96454956093714,183.7786276249022,22.69805657148905,449.79093021524886,ARIMA + Fourier,2025-01-20,2025-08-04,2025-08-04,Balanced,FALSE
JP,Japan,2022-04-04,2022,NA,14,5,https://www.niid.go.jp/niid/en/survaillance-data-table-english.html,week,Weekly surveillance,197.6665990948312,183.90553628668965,23.345974146586826,450.5776263778056,ARIMA + Fourier,2025-01-20,2025-08-04,2025-08-04,Balanced,FALSE
JP,Japan,2022-04-11,2022,NA,15,4,https://www.niid.go.jp/niid/en/survaillance-data-table-english.html,week,Weekly surveillance,197.07721016860827,182.64351816899364,22.623879287619346,452.95782392795206,ARIMA + Fourier,2025-01-20,2025-08-04,2025-08-04,Balanced,FALSE
JP,Japan,2022-04-18,2022,NA,16,1,https://www.niid.go.jp/niid/en/survaillance-data-table-english.html,week,Weekly surveillance,200.0571168646037,183.67745185267052,23.99079468151455,447.6024033040868,ARIMA + Fourier,2025-01-20,2025-08-04,2025-08-04,Balanced,FALSE
JP,Japan,2022-04-25,2022,NA,17,6,https://www.niid.go.jp/niid/en/survaillance-data-table-english.html,week,Weekly surveillance,204.59379272848292,189.9198608639213,27.390248648705192,459.6639951557118,ARIMA + Fourier,2025-01-20,2025-08-04,2025-08-04,Balanced,FALSE
JP,Japan,2022-05-02,2022,NA,18,4,https://www.niid.go.jp/niid/en/survaillance-data-table-english.html,week,Weekly surveillance,210.1938530404352,194.86656472983026,28.551646288356093,470.2005496432727,ARIMA + Fourier,2025-01-20,2025-08-04,2025-08-04,Balanced,FALSE
JP,Japan,2022-05-09,2022,NA,19,8,https://www.niid.go.jp/niid/en/survaillance-data-table-english.html,week,Weekly surveillance,221.88108716601172,207.5957358642484,34.35553697980293,490.5124784875196,ARIMA + Fourier,2025-01-20,2025-08-04,2025-08-04,Balanced,FALSE
JP,Japan,2022-05-16,2022,NA,20,7,https://www.niid.go.jp/niid/en/survaillance-data-table-english.html,week,Weekly surveillance,236.0286290681018,220.05074880766563,39.98454617904104,518.0495005500641,ARIMA + Fourier,2025-01-20,2025-08-04,2025-08-04,Balanced,FALSE
JP,Japan,2022-05-23,2022,NA,21,7,https://www.niid.go.jp/niid/en/survaillance-data-table-english.html,week,Weekly surveillance,250.7347296464941,234.2051469458691,42.41559212990335,533.7784447241039,ARIMA + Fourier,2025-01-20,2025-08-04,2025-08-04,Balanced,FALSE
JP,Japan,2022-05-30,2022,NA,22,5,https://www.niid.go.jp/niid/en/survaillance-data-table-english.html,week,Weekly surveillance,265.3070741625977,249.56644170161906,50.51260751612955,563.0496874134415,ARIMA + Fourier,2025-01-20,2025-08-04,2025-08-04,Balanced,FALSE
JP,Japan,2022-06-06,2022,NA,23,4,https://www.niid.go.jp/niid/en/survaillance-data-table-english.html,week,Weekly surveillance,276.5682400386864,258.2293721728147,53.31723598665823,574.42049404693,ARIMA + Fourier,2025-01-20,2025-08-04,2025-08-04,Balanced,FALSE
JP,Japan,2022-06-13,2022,NA,24,11,https://www.niid.go.jp/niid/en/survaillance-data-table-english.html,week,Weekly surveillance,281.2528026412147,267.92444331579736,59.107993305123216,596.2713685693826,ARIMA + Fourier,2025-01-20,2025-08-04,2025-08-04,Balanced,FALSE
JP,Japan,2022-06-20,2022,NA,25,8,https://www.niid.go.jp/niid/en/survaillance-data-table-english.html,week,Weekly surveillance,281.34551418392755,268.44792505297136,53.85371286693225,590.0469550827576,ARIMA + Fourier,2025-01-20,2025-08-04,2025-08-04,Balanced,FALSE
JP,Japan,2022-06-27,2022,NA,26,6,https://www.niid.go.jp/niid/en/survaillance-data-table-english.html,week,Weekly surveillance,275.2769481900323,256.99526672108675,52.35838724606292,588.1016132578679,ARIMA + Fourier,2025-01-20,2025-08-04,2025-08-04,Balanced,FALSE
JP,Japan,2022-07-04,2022,NA,27,6,https://www.niid.go.jp/niid/en/survaillance-data-table-english.html,week,Weekly surveillance,267.987930100426,251.10280098906685,48.88849636516925,569.0911614675064,ARIMA + Fourier,2025-01-20,2025-08-04,2025-08-04,Balanced,FALSE
JP,Japan,2022-07-11,2022,NA,28,3,https://www.niid.go.jp/niid/en/survaillance-data-table-english.html,week,Weekly surveillance,259.05540431602185,241.32939542609722,48.29459056176502,560.0872648435484,ARIMA + Fourier,2025-01-20,2025-08-04,2025-08-04,Balanced,FALSE
JP,Japan,2022-07-18,2022,NA,29,1,https://www.niid.go.jp/niid/en/survaillance-data-table-english.html,week,Weekly surveillance,253.30317924093222,237.71104880501363,42.01203620034936,554.5379533156643,ARIMA + Fourier,2025-01-20,2025-08-04,2025-08-04,Balanced,FALSE
JP,Japan,2022-07-25,2022,NA,30,4,https://www.niid.go.jp/niid/en/survaillance-data-table-english.html,week,Weekly surveillance,252.09931890027806,236.372859616809,45.128851996979805,551.2760377596865,ARIMA + Fourier,2025-01-20,2025-08-04,2025-08-04,Balanced,FALSE
JP,Japan,2022-08-01,2022,NA,31,4,https://www.niid.go.jp/niid/en/survaillance-data-table-english.html,week,Weekly surveillance,253.14120332832903,236.10260441844272,40.35696594752147,554.1310174059811,ARIMA + Fourier,2025-01-20,2025-08-04,2025-08-04,Balanced,FALSE
JP,Japan,2022-08-08,2022,NA,32,5,https://www.niid.go.jp/niid/en/survaillance-data-table-english.html,week,Weekly surveillance,254.99743798354964,238.69020004620367,41.51406546960663,557.1654933308673,ARIMA + Fourier,2025-01-20,2025-08-04,2025-08-04,Balanced,FALSE
JP,Japan,2022-08-15,2022,NA,33,1,https://www.niid.go.jp/niid/en/survaillance-data-table-english.html,week,Weekly surveillance,258.42658629938467,240.3381333379773,44.75999186558876,572.1849551283873,ARIMA + Fourier,2025-01-20,2025-08-04,2025-08-04,Balanced,FALSE
JP,Japan,2022-08-22,2022,NA,34,2,https://www.niid.go.jp/niid/en/survaillance-data-table-english.html,week,Weekly surveillance,258.6253327566941,243.25199254878055,45.05699771206829,565.2713344182125,ARIMA + Fourier,2025-01-20,2025-08-04,2025-08-04,Balanced,FALSE
JP,Japan,2022-08-29,2022,NA,35,8,https://www.niid.go.jp/niid/en/survaillance-data-table-english.html,week,Weekly surveillance,256.7478533438871,238.9278043393459,40.86888223296517,558.3355724996007,ARIMA + Fourier,2025-01-20,2025-08-04,2025-08-04,Balanced,FALSE
JP,Japan,2022-09-05,2022,NA,36,13,https://www.niid.go.jp/niid/en/survaillance-data-table-english.html,week,Weekly surveillance,252.88959251383554,235.6714607365374,41.569905554898284,573.7669150238987,ARIMA + Fourier,2025-01-20,2025-08-04,2025-08-04,Balanced,FALSE
JP,Japan,2022-09-12,2022,NA,37,6,https://www.niid.go.jp/niid/en/survaillance-data-table-english.html,week,Weekly surveillance,247.2755798358596,228.04786362043743,36.237769259652694,559.250848519609,ARIMA + Fourier,2025-01-20,2025-08-04,2025-08-04,Balanced,FALSE
JP,Japan,2022-09-19,2022,NA,38,5,https://www.niid.go.jp/niid/en/survaillance-data-table-english.html,week,Weekly surveillance,242.92899361553347,224.83928776927405,34.91735250262552,540.540390766705,ARIMA + Fourier,2025-01-20,2025-08-04,2025-08-04,Balanced,FALSE
JP,Japan,2022-09-26,2022,NA,39,6,https://www.niid.go.jp/niid/en/survaillance-data-table-english.html,week,Weekly surveillance,239.34978291268283,222.91647089862585,33.04003341121796,547.6581777317286,ARIMA + Fourier,2025-01-20,2025-08-04,2025-08-04,Balanced,FALSE
JP,Japan,2022-10-03,2022,NA,40,2,https://www.niid.go.jp/niid/en/survaillance-data-table-english.html,week,Weekly surveillance,240.81219823491793,222.3380646875013,34.16985672172256,544.126302552903,ARIMA + Fourier,2025-01-20,2025-08-04,2025-08-04,Balanced,FALSE
JP,Japan,2022-10-10,2022,NA,41,5,https://www.niid.go.jp/niid/en/survaillance-data-table-english.html,week,Weekly surveillance,245.47523618227277,227.6046186905452,32.99206735394608,554.5662845844238,ARIMA + Fourier,2025-01-20,2025-08-04,2025-08-04,Balanced,FALSE
JP,Japan,2022-10-17,2022,NA,42,14,https://www.niid.go.jp/niid/en/survaillance-data-table-english.html,week,Weekly surveillance,250.86538289297476,230.53892552522024,34.19226902697972,558.9618268646865,ARIMA + Fourier,2025-01-20,2025-08-04,2025-08-04,Balanced,FALSE
JP,Japan,2022-10-24,2022,NA,43,9,https://www.niid.go.jp/niid/en/survaillance-data-table-english.html,week,Weekly surveillance,255.05702386912333,235.44291074959864,39.28050700621574,572.7352905054474,ARIMA + Fourier,2025-01-20,2025-08-04,2025-08-04,Balanced,FALSE
JP,Japan,2022-10-31,2022,NA,44,6,https://www.niid.go.jp/niid/en/survaillance-data-table-english.html,week,Weekly surveillance,256.68362053691925,238.89652313360207,40.22149894127219,574.2748374809407,ARIMA + Fourier,2025-01-20,2025-08-04,2025-08-04,Balanced,FALSE
JP,Japan,2022-11-07,2022,NA,45,8,https://www.niid.go.jp/niid/en/survaillance-data-table-english.html,week,Weekly surveillance,253.650675160119,235.3372680210328,35.31555024819095,581.0782737889805,ARIMA + Fourier,2025-01-20,2025-08-04,2025-08-04,Balanced,FALSE
JP,Japan,2022-11-14,2022,NA,46,12,https://www.niid.go.jp/niid/en/survaillance-data-table-english.html,week,Weekly surveillance,246.3366530167701,227.92923886926513,35.60265714773302,553.9316063541653,ARIMA + Fourier,2025-01-20,2025-08-04,2025-08-04,Balanced,FALSE
JP,Japan,2022-11-21,2022,NA,47,18,https://www.niid.go.jp/niid/en/survaillance-data-table-english.html,week,Weekly surveillance,233.32961024646272,212.52280689401397,31.21216017918827,536.5172041655086,ARIMA + Fourier,2025-01-20,2025-08-04,2025-08-04,Balanced,FALSE
JP,Japan,2022-11-28,2022,NA,48,15,https://www.niid.go.jp/niid/en/survaillance-data-table-english.html,week,Weekly surveillance,220.0691272489364,200.80974448692132,22.673180090128017,522.4178172209542,ARIMA + Fourier,2025-01-20,2025-08-04,2025-08-04,Balanced,FALSE
JP,Japan,2022-12-05,2022,NA,49,7,https://www.niid.go.jp/niid/en/survaillance-data-table-english.html,week,Weekly surveillance,205.00914998784216,185.70126511186982,17.611566636434997,504.71415938728495,ARIMA + Fourier,2025-01-20,2025-08-04,2025-08-04,Balanced,FALSE
JP,Japan,2022-12-12,2022,NA,50,8,https://www.niid.go.jp/niid/en/survaillance-data-table-english.html,week,Weekly surveillance,193.5038870630433,174.14868789545272,12.756207279585661,487.28224782908495,ARIMA + Fourier,2025-01-20,2025-08-04,2025-08-04,Balanced,FALSE
JP,Japan,2022-12-19,2022,NA,51,4,https://www.niid.go.jp/niid/en/survaillance-data-table-english.html,week,Weekly surveillance,187.71120959499612,166.5312606893528,11.180910848619272,484.181722452869,ARIMA + Fourier,2025-01-20,2025-08-04,2025-08-04,Balanced,FALSE
JP,Japan,2022-12-26,2022,NA,52,3,https://www.niid.go.jp/niid/en/survaillance-data-table-english.html,week,Weekly surveillance,186.23332235479066,165.63337674367665,10.281668370300185,478.701847019406,ARIMA + Fourier,2025-01-20,2025-08-04,2025-08-04,Balanced,FALSE
JP,Japan,2023-01-02,2023,NA,1,3,https://www.niid.go.jp/niid/en/survaillance-data-table-english.html,week,Weekly surveillance,188.25432960065876,169.68105263035608,11.28478922497991,480.1994779861228,ARIMA + Fourier,2025-01-20,2025-08-04,2025-08-04,Balanced,FALSE
JP,Japan,2023-01-09,2023,NA,2,8,https://www.niid.go.jp/niid/en/survaillance-data-table-english.html,week,Weekly surveillance,192.64320475049624,174.10201450087368,10.247471239574663,499.47739990631504,ARIMA + Fourier,2025-01-20,2025-08-04,2025-08-04,Balanced,FALSE
JP,Japan,2023-01-16,2023,NA,3,6,https://www.niid.go.jp/niid/en/survaillance-data-table-english.html,week,Weekly surveillance,196.7303416763898,176.35382545533827,14.220892027051134,498.5461400950093,ARIMA + Fourier,2025-01-20,2025-08-04,2025-08-04,Balanced,FALSE
JP,Japan,2023-01-23,2023,NA,4,9,https://www.niid.go.jp/niid/en/survaillance-data-table-english.html,week,Weekly surveillance,198.96981254320963,179.90758651093137,13.454496321255444,500.470284193123,ARIMA + Fourier,2025-01-20,2025-08-04,2025-08-04,Balanced,FALSE
JP,Japan,2023-01-30,2023,NA,5,9,https://www.niid.go.jp/niid/en/survaillance-data-table-english.html,week,Weekly surveillance,200.36688479503852,181.25812320858466,13.247837106961555,504.2441468873379,ARIMA + Fourier,2025-01-20,2025-08-04,2025-08-04,Balanced,FALSE
JP,Japan,2023-02-06,2023,NA,6,12,https://www.niid.go.jp/niid/en/survaillance-data-table-english.html,week,Weekly surveillance,201.59490686107586,178.9439942752253,12.927637258893592,504.2496951929375,ARIMA + Fourier,2025-01-20,2025-08-04,2025-08-04,Balanced,FALSE
JP,Japan,2023-02-13,2023,NA,7,11,https://www.niid.go.jp/niid/en/survaillance-data-table-english.html,week,Weekly surveillance,200.2542873195389,178.48536703555254,13.285039163739224,516.0988301114475,ARIMA + Fourier,2025-01-20,2025-08-04,2025-08-04,Balanced,FALSE
JP,Japan,2023-02-20,2023,NA,8,11,https://www.niid.go.jp/niid/en/survaillance-data-table-english.html,week,Weekly surveillance,198.97338385563168,179.43265530771487,11.703758133192647,505.17971690503504,ARIMA + Fourier,2025-01-20,2025-08-04,2025-08-04,Balanced,FALSE
JP,Japan,2023-02-27,2023,NA,9,9,https://www.niid.go.jp/niid/en/survaillance-data-table-english.html,week,Weekly surveillance,200.2586390605759,178.94820473959015,13.141849556082489,509.0962347114481,ARIMA + Fourier,2025-01-20,2025-08-04,2025-08-04,Balanced,FALSE
JP,Japan,2023-03-06,2023,NA,10,4,https://www.niid.go.jp/niid/en/survaillance-data-table-english.html,week,Weekly surveillance,201.623422275896,180.66049125021743,12.555826455803082,519.1321477710545,ARIMA + Fourier,2025-01-20,2025-08-04,2025-08-04,Balanced,FALSE
JP,Japan,2023-03-13,2023,NA,11,8,https://www.niid.go.jp/niid/en/survaillance-data-table-english.html,week,Weekly surveillance,200.42229952966534,180.69834731758354,11.327652776720518,503.99028744032387,ARIMA + Fourier,2025-01-20,2025-08-04,2025-08-04,Balanced,FALSE
JP,Japan,2023-03-20,2023,NA,12,4,https://www.niid.go.jp/niid/en/survaillance-data-table-english.html,week,Weekly surveillance,203.46751160859458,183.179549721636,12.83436629271559,508.8545588431987,ARIMA + Fourier,2025-01-20,2025-08-04,2025-08-04,Balanced,FALSE
JP,Japan,2023-03-27,2023,NA,13,18,https://www.niid.go.jp/niid/en/survaillance-data-table-english.html,week,Weekly surveillance,203.77063469771983,183.1418218432429,10.42674579725175,520.281144435841,ARIMA + Fourier,2025-01-20,2025-08-04,2025-08-04,Balanced,FALSE
JP,Japan,2023-04-03,2023,NA,14,15,https://www.niid.go.jp/niid/en/survaillance-data-table-english.html,week,Weekly surveillance,203.07011017472166,184.63576474366428,9.453931594568264,509.09727900155514,ARIMA + Fourier,2025-01-20,2025-08-04,2025-08-04,Balanced,FALSE
JP,Japan,2023-04-10,2023,NA,15,8,https://www.niid.go.jp/niid/en/survaillance-data-table-english.html,week,Weekly surveillance,203.8522036693549,181.65838304692988,11.865480614820724,512.5057042358181,ARIMA + Fourier,2025-01-20,2025-08-04,2025-08-04,Balanced,FALSE
JP,Japan,2023-04-17,2023,NA,16,7,https://www.niid.go.jp/niid/en/survaillance-data-table-english.html,week,Weekly surveillance,205.66661548967343,182.4023625043008,13.799852090176461,526.5401072451913,ARIMA + Fourier,2025-01-20,2025-08-04,2025-08-04,Balanced,FALSE
JP,Japan,2023-04-24,2023,NA,17,16,https://www.niid.go.jp/niid/en/survaillance-data-table-english.html,week,Weekly surveillance,209.25880499291034,185.85047018615126,10.97930804531509,530.0213291049216,ARIMA + Fourier,2025-01-20,2025-08-04,2025-08-04,Balanced,FALSE
JP,Japan,2023-05-01,2023,NA,18,6,https://www.niid.go.jp/niid/en/survaillance-data-table-english.html,week,Weekly surveillance,216.34033170493913,191.14522403324122,13.130285105239954,540.6864123028688,ARIMA + Fourier,2025-01-20,2025-08-04,2025-08-04,Balanced,FALSE
JP,Japan,2023-05-08,2023,NA,19,14,https://www.niid.go.jp/niid/en/survaillance-data-table-english.html,week,Weekly surveillance,227.45327916291546,203.20866472731691,17.257998576834893,568.5308249504309,ARIMA + Fourier,2025-01-20,2025-08-04,2025-08-04,Balanced,FALSE
JP,Japan,2023-05-15,2023,NA,20,22,https://www.niid.go.jp/niid/en/survaillance-data-table-english.html,week,Weekly surveillance,241.8896108578832,217.64027935872994,19.53612531760867,577.8305195602961,ARIMA + Fourier,2025-01-20,2025-08-04,2025-08-04,Balanced,FALSE
JP,Japan,2023-05-22,2023,NA,21,23,https://www.niid.go.jp/niid/en/survaillance-data-table-english.html,week,Weekly surveillance,255.95831910271735,233.32161357519723,21.880776899490623,606.8817735080281,ARIMA + Fourier,2025-01-20,2025-08-04,2025-08-04,Balanced,FALSE
JP,Japan,2023-05-29,2023,NA,22,20,https://www.niid.go.jp/niid/en/survaillance-data-table-english.html,week,Weekly surveillance,269.8906902492855,247.20835318094583,28.804465841130096,624.5096576121222,ARIMA + Fourier,2025-01-20,2025-08-04,2025-08-04,Balanced,FALSE
JP,Japan,2023-06-05,2023,NA,23,17,https://www.niid.go.jp/niid/en/survaillance-data-table-english.html,week,Weekly surveillance,280.27116716593673,255.90152144059095,33.85320424048499,636.4706073772247,ARIMA + Fourier,2025-01-20,2025-08-04,2025-08-04,Balanced,FALSE
JP,Japan,2023-06-12,2023,NA,24,24,https://www.niid.go.jp/niid/en/survaillance-data-table-english.html,week,Weekly surveillance,285.99513195695846,261.09419839198995,31.503009540186206,656.9797606201257,ARIMA + Fourier,2025-01-20,2025-08-04,2025-08-04,Balanced,FALSE
JP,Japan,2023-06-19,2023,NA,25,30,https://www.niid.go.jp/niid/en/survaillance-data-table-english.html,week,Weekly surveillance,285.16478981645236,261.43686741804913,31.266221889169447,662.0348030265084,ARIMA + Fourier,2025-01-20,2025-08-04,2025-08-04,Balanced,FALSE
JP,Japan,2023-06-26,2023,NA,26,13,https://www.niid.go.jp/niid/en/survaillance-data-table-english.html,week,Weekly surveillance,278.3971452953649,255.02074550300546,34.23609737037612,645.6379190823415,ARIMA + Fourier,2025-01-20,2025-08-04,2025-08-04,Balanced,FALSE
JP,Japan,2023-07-03,2023,NA,27,21,https://www.niid.go.jp/niid/en/survaillance-data-table-english.html,week,Weekly surveillance,273.60368226659415,248.18649982576636,30.465145760809595,641.2170312590217,ARIMA + Fourier,2025-01-20,2025-08-04,2025-08-04,Balanced,FALSE
JP,Japan,2023-07-10,2023,NA,28,26,https://www.niid.go.jp/niid/en/survaillance-data-table-english.html,week,Weekly surveillance,263.0656376879689,238.65416371995775,21.019975384261304,633.149496830333,ARIMA + Fourier,2025-01-20,2025-08-04,2025-08-04,Balanced,FALSE
JP,Japan,2023-07-17,2023,NA,29,27,https://www.niid.go.jp/niid/en/survaillance-data-table-english.html,week,Weekly surveillance,259.89641085081,235.48061145310123,25.6917964083786,625.3568831669961,ARIMA + Fourier,2025-01-20,2025-08-04,2025-08-04,Balanced,FALSE
JP,Japan,2023-07-24,2023,NA,30,24,https://www.niid.go.jp/niid/en/survaillance-data-table-english.html,week,Weekly surveillance,255.85848542785865,229.36293847637677,22.795958130122926,621.597833727548,ARIMA + Fourier,2025-01-20,2025-08-04,2025-08-04,Balanced,FALSE
JP,Japan,2023-07-31,2023,NA,31,18,https://www.niid.go.jp/niid/en/survaillance-data-table-english.html,week,Weekly surveillance,257.6813982062693,232.92245598640983,24.0445695033429,633.546821895096,ARIMA + Fourier,2025-01-20,2025-08-04,2025-08-04,Balanced,FALSE
JP,Japan,2023-08-07,2023,NA,32,12,https://www.niid.go.jp/niid/en/survaillance-data-table-english.html,week,Weekly surveillance,261.2792292769002,235.3854665225777,24.424639100842814,635.0948709054078,ARIMA + Fourier,2025-01-20,2025-08-04,2025-08-04,Balanced,FALSE
JP,Japan,2023-08-14,2023,NA,33,14,https://www.niid.go.jp/niid/en/survaillance-data-table-english.html,week,Weekly surveillance,262.6305875238349,238.35267769104712,24.7503098678632,628.7554925576832,ARIMA + Fourier,2025-01-20,2025-08-04,2025-08-04,Balanced,FALSE
JP,Japan,2023-08-21,2023,NA,34,18,https://www.niid.go.jp/niid/en/survaillance-data-table-english.html,week,Weekly surveillance,264.4681964409937,240.75214121940996,22.687741879433315,641.3417768184058,ARIMA + Fourier,2025-01-20,2025-08-04,2025-08-04,Balanced,FALSE
JP,Japan,2023-08-28,2023,NA,35,11,https://www.niid.go.jp/niid/en/survaillance-data-table-english.html,week,Weekly surveillance,261.44404569476546,238.1543667827185,24.517882779006307,629.2079983083829,ARIMA + Fourier,2025-01-20,2025-08-04,2025-08-04,Balanced,FALSE
JP,Japan,2023-09-04,2023,NA,36,10,https://www.niid.go.jp/niid/en/survaillance-data-table-english.html,week,Weekly surveillance,256.4795565469328,229.07779740637307,20.508136199342292,645.4299114714235,ARIMA + Fourier,2025-01-20,2025-08-04,2025-08-04,Balanced,FALSE
JP,Japan,2023-09-11,2023,NA,37,18,https://www.niid.go.jp/niid/en/survaillance-data-table-english.html,week,Weekly surveillance,251.06850868673703,226.38885331271683,18.557370674217,637.3351746342322,ARIMA + Fourier,2025-01-20,2025-08-04,2025-08-04,Balanced,FALSE
JP,Japan,2023-09-18,2023,NA,38,8,https://www.niid.go.jp/niid/en/survaillance-data-table-english.html,week,Weekly surveillance,247.0410028033489,221.53918027769544,16.17829566977465,621.0991571723663,ARIMA + Fourier,2025-01-20,2025-08-04,2025-08-04,Balanced,FALSE
JP,Japan,2023-09-25,2023,NA,39,14,https://www.niid.go.jp/niid/en/survaillance-data-table-english.html,week,Weekly surveillance,243.7938709211353,215.928098486821,14.642390521010807,607.9016040765848,ARIMA + Fourier,2025-01-20,2025-08-04,2025-08-04,Balanced,FALSE
JP,Japan,2023-10-02,2023,NA,40,26,https://www.niid.go.jp/niid/en/survaillance-data-table-english.html,week,Weekly surveillance,244.63217250911865,215.69308466401088,17.829635580234218,607.7702695842119,ARIMA + Fourier,2025-01-20,2025-08-04,2025-08-04,Balanced,FALSE
JP,Japan,2023-10-09,2023,NA,41,20,https://www.niid.go.jp/niid/en/survaillance-data-table-english.html,week,Weekly surveillance,250.90984735114733,222.85594092039372,18.973525670369483,630.7997677424648,ARIMA + Fourier,2025-01-20,2025-08-04,2025-08-04,Balanced,FALSE
JP,Japan,2023-10-16,2023,NA,42,30,https://www.niid.go.jp/niid/en/survaillance-data-table-english.html,week,Weekly surveillance,255.1214495849144,228.2105648094364,19.886004822713385,645.7460217430457,ARIMA + Fourier,2025-01-20,2025-08-04,2025-08-04,Balanced,FALSE
JP,Japan,2023-10-23,2023,NA,43,15,https://www.niid.go.jp/niid/en/survaillance-data-table-english.html,week,Weekly surveillance,260.92594690429814,232.2862861757304,21.706685294165602,648.3997762869855,ARIMA + Fourier,2025-01-20,2025-08-04,2025-08-04,Balanced,FALSE
JP,Japan,2023-10-30,2023,NA,44,19,https://www.niid.go.jp/niid/en/survaillance-data-table-english.html,week,Weekly surveillance,263.7691573951288,235.17776144530205,23.850091253857414,646.2755446960199,ARIMA + Fourier,2025-01-20,2025-08-04,2025-08-04,Balanced,FALSE
JP,Japan,2023-11-06,2023,NA,45,22,https://www.niid.go.jp/niid/en/survaillance-data-table-english.html,week,Weekly surveillance,260.5572923411734,234.06072400951263,21.263086324369837,644.2871357905824,ARIMA + Fourier,2025-01-20,2025-08-04,2025-08-04,Balanced,FALSE
JP,Japan,2023-11-13,2023,NA,46,27,https://www.niid.go.jp/niid/en/survaillance-data-table-english.html,week,Weekly surveillance,251.27458268302325,224.75505721004146,18.01657191562165,639.0455594155491,ARIMA + Fourier,2025-01-20,2025-08-04,2025-08-04,Balanced,FALSE
JP,Japan,2023-11-20,2023,NA,47,9,https://www.niid.go.jp/niid/en/survaillance-data-table-english.html,week,Weekly surveillance,239.60144813057096,212.6378270664408,12.679512113841895,622.2211546197534,ARIMA + Fourier,2025-01-20,2025-08-04,2025-08-04,Balanced,FALSE
JP,Japan,2023-11-27,2023,NA,48,22,https://www.niid.go.jp/niid/en/survaillance-data-table-english.html,week,Weekly surveillance,225.39151409340522,199.79705352224636,9.880500572736414,592.354751484754,ARIMA + Fourier,2025-01-20,2025-08-04,2025-08-04,Balanced,FALSE
JP,Japan,2023-12-04,2023,NA,49,29,https://www.niid.go.jp/niid/en/survaillance-data-table-english.html,week,Weekly surveillance,211.12809058401334,186.33272999909593,6.417070321791536,570.407861571659,ARIMA + Fourier,2025-01-20,2025-08-04,2025-08-04,Balanced,FALSE
JP,Japan,2023-12-11,2023,NA,50,19,https://www.niid.go.jp/niid/en/survaillance-data-table-english.html,week,Weekly surveillance,202.50940052294956,175.9222383356854,5.11389683211982,564.6888370888465,ARIMA + Fourier,2025-01-20,2025-08-04,2025-08-04,Balanced,FALSE
JP,Japan,2023-12-18,2023,NA,51,20,https://www.niid.go.jp/niid/en/survaillance-data-table-english.html,week,Weekly surveillance,194.74593803067873,165.19701640669172,4.668787907609822,547.5065002748664,ARIMA + Fourier,2025-01-20,2025-08-04,2025-08-04,Balanced,FALSE
JP,Japan,2023-12-25,2023,NA,52,9,https://www.niid.go.jp/niid/en/survaillance-data-table-english.html,week,Weekly surveillance,193.22091965046525,164.48240417608483,2.796445086077466,544.476518115029,ARIMA + Fourier,2025-01-20,2025-08-04,2025-08-04,Balanced,FALSE
JP,Japan,2024-01-01,2024,NA,1,3,https://www.niid.go.jp/niid/en/survaillance-data-table-english.html,week,Weekly surveillance,194.77825713980602,167.81817404832486,2.849843422117964,548.031136833471,ARIMA + Fourier,2025-01-20,2025-08-04,2025-08-04,Balanced,FALSE
JP,Japan,2024-01-08,2024,NA,2,5,https://www.niid.go.jp/niid/en/survaillance-data-table-english.html,week,Weekly surveillance,200.17044992803122,173.59404692487763,4.328154992710198,556.85563223033,ARIMA + Fourier,2025-01-20,2025-08-04,2025-08-04,Balanced,FALSE
JP,Japan,2024-01-15,2024,NA,3,7,https://www.niid.go.jp/niid/en/survaillance-data-table-english.html,week,Weekly surveillance,203.8900572808017,175.41969932549586,2.6220995398395024,579.0588636672321,ARIMA + Fourier,2025-01-20,2025-08-04,2025-08-04,Balanced,FALSE
JP,Japan,2024-01-22,2024,NA,4,8,https://www.niid.go.jp/niid/en/survaillance-data-table-english.html,week,Weekly surveillance,206.96067224192865,180.1917911982315,4.1577997774450255,557.1207557049574,ARIMA + Fourier,2025-01-20,2025-08-04,2025-08-04,Balanced,FALSE
JP,Japan,2024-01-29,2024,NA,5,14,https://www.niid.go.jp/niid/en/survaillance-data-table-english.html,week,Weekly surveillance,210.24132162158162,182.6397413957381,4.400376811280204,570.7878574372127,ARIMA + Fourier,2025-01-20,2025-08-04,2025-08-04,Balanced,FALSE
JP,Japan,2024-02-05,2024,NA,6,8,https://www.niid.go.jp/niid/en/survaillance-data-table-english.html,week,Weekly surveillance,208.51108363565052,181.19525827465947,3.9885268520295396,561.333169467936,ARIMA + Fourier,2025-01-20,2025-08-04,2025-08-04,Balanced,FALSE
JP,Japan,2024-02-12,2024,NA,7,8,https://www.niid.go.jp/niid/en/survaillance-data-table-english.html,week,Weekly surveillance,207.34151796226777,178.48366186452915,4.9704032149826185,558.2692448592185,ARIMA + Fourier,2025-01-20,2025-08-04,2025-08-04,Balanced,FALSE
JP,Japan,2024-02-19,2024,NA,8,7,https://www.niid.go.jp/niid/en/survaillance-data-table-english.html,week,Weekly surveillance,205.67904000312868,175.85488441153086,4.116445934163946,560.0809886349278,ARIMA + Fourier,2025-01-20,2025-08-04,2025-08-04,Balanced,FALSE
JP,Japan,2024-02-26,2024,NA,9,12,https://www.niid.go.jp/niid/en/survaillance-data-table-english.html,week,Weekly surveillance,206.5561901624243,175.53615488282944,3.42523073515035,570.8893281598664,ARIMA + Fourier,2025-01-20,2025-08-04,2025-08-04,Balanced,FALSE
JP,Japan,2024-03-04,2024,NA,10,10,https://www.niid.go.jp/niid/en/survaillance-data-table-english.html,week,Weekly surveillance,207.41415950274913,179.14839154753625,2.062397073605124,564.8816144018579,ARIMA + Fourier,2025-01-20,2025-08-04,2025-08-04,Balanced,FALSE
JP,Japan,2024-03-11,2024,NA,11,6,https://www.niid.go.jp/niid/en/survaillance-data-table-english.html,week,Weekly surveillance,208.385879911764,177.32959704520306,3.5209028521920005,572.4421628060272,ARIMA + Fourier,2025-01-20,2025-08-04,2025-08-04,Balanced,FALSE
JP,Japan,2024-03-18,2024,NA,12,4,https://www.niid.go.jp/niid/en/survaillance-data-table-english.html,week,Weekly surveillance,209.79483836653245,178.9726025104465,4.180314638401955,575.1351557907643,ARIMA + Fourier,2025-01-20,2025-08-04,2025-08-04,Balanced,FALSE
JP,Japan,2024-03-25,2024,NA,13,14,https://www.niid.go.jp/niid/en/survaillance-data-table-english.html,week,Weekly surveillance,210.93479614757695,179.6387245615336,4.555426027809436,583.8464163039738,ARIMA + Fourier,2025-01-20,2025-08-04,2025-08-04,Balanced,FALSE
JP,Japan,2024-04-01,2024,NA,14,27,https://www.niid.go.jp/niid/en/survaillance-data-table-english.html,week,Weekly surveillance,211.51234767870915,180.41503280341817,3.084428188284505,584.5345325230484,ARIMA + Fourier,2025-01-20,2025-08-04,2025-08-04,Balanced,FALSE
JP,Japan,2024-04-08,2024,NA,15,21,https://www.niid.go.jp/niid/en/survaillance-data-table-english.html,week,Weekly surveillance,210.4398122892077,179.16538777002688,3.96209418372886,586.623513245873,ARIMA + Fourier,2025-01-20,2025-08-04,2025-08-04,Balanced,FALSE
JP,Japan,2024-04-15,2024,NA,16,14,https://www.niid.go.jp/niid/en/survaillance-data-table-english.html,week,Weekly surveillance,211.84323822100123,182.2886918087562,3.923040323499674,588.2141474706284,ARIMA + Fourier,2025-01-20,2025-08-04,2025-08-04,Balanced,FALSE
JP,Japan,2024-04-22,2024,NA,17,24,https://www.niid.go.jp/niid/en/survaillance-data-table-english.html,week,Weekly surveillance,216.9915232298823,183.68838833649397,4.308019256553305,586.0935975665461,ARIMA + Fourier,2025-01-20,2025-08-04,2025-08-04,Balanced,FALSE
JP,Japan,2024-04-29,2024,NA,18,14,https://www.niid.go.jp/niid/en/survaillance-data-table-english.html,week,Weekly surveillance,222.5441787467414,189.55463876887666,3.871676761548085,608.5330660221043,ARIMA + Fourier,2025-01-20,2025-08-04,2025-08-04,Balanced,FALSE
JP,Japan,2024-05-06,2024,NA,19,19,https://www.niid.go.jp/niid/en/survaillance-data-table-english.html,week,Weekly surveillance,232.72534996735268,200.41142853843587,7.290447298420258,622.9476343616644,ARIMA + Fourier,2025-01-20,2025-08-04,2025-08-04,Balanced,FALSE
JP,Japan,2024-05-13,2024,NA,20,20,https://www.niid.go.jp/niid/en/survaillance-data-table-english.html,week,Weekly surveillance,248.41562092249478,213.25989929343802,9.481979008628581,661.1003951952185,ARIMA + Fourier,2025-01-20,2025-08-04,2025-08-04,Balanced,FALSE
JP,Japan,2024-05-20,2024,NA,21,21,https://www.niid.go.jp/niid/en/survaillance-data-table-english.html,week,Weekly surveillance,264.1790387180755,231.77958876319983,12.48785513402523,686.398511222041,ARIMA + Fourier,2025-01-20,2025-08-04,2025-08-04,Balanced,FALSE
JP,Japan,2024-05-27,2024,NA,22,33,https://www.niid.go.jp/niid/en/survaillance-data-table-english.html,week,Weekly surveillance,277.2873209914118,243.09700117933778,16.81461423602459,715.8905523608767,ARIMA + Fourier,2025-01-20,2025-08-04,2025-08-04,Balanced,FALSE
JP,Japan,2024-06-03,2024,NA,23,26,https://www.niid.go.jp/niid/en/survaillance-data-table-english.html,week,Weekly surveillance,288.1789133237111,254.73947133274862,22.41633355362688,730.9181654519004,ARIMA + Fourier,2025-01-20,2025-08-04,2025-08-04,Balanced,FALSE
JP,Japan,2024-06-10,2024,NA,24,54,https://www.niid.go.jp/niid/en/survaillance-data-table-english.html,week,Weekly surveillance,294.1107962555077,265.49368199899044,19.683871849815958,736.2149137911731,ARIMA + Fourier,2025-01-20,2025-08-04,2025-08-04,Balanced,FALSE
JP,Japan,2024-06-17,2024,NA,25,33,https://www.niid.go.jp/niid/en/survaillance-data-table-english.html,week,Weekly surveillance,292.84632871174625,261.4077913332401,17.713544109237354,729.7004680157294,ARIMA + Fourier,2025-01-20,2025-08-04,2025-08-04,Balanced,FALSE
JP,Japan,2024-06-24,2024,NA,26,37,https://www.niid.go.jp/niid/en/survaillance-data-table-english.html,week,Weekly surveillance,288.28426028091025,257.3569176367133,16.998057614147648,721.1740806451685,ARIMA + Fourier,2025-01-20,2025-08-04,2025-08-04,Balanced,FALSE
JP,Japan,2024-07-01,2024,NA,27,62,https://www.niid.go.jp/niid/en/survaillance-data-table-english.html,week,Weekly surveillance,280.1131937495257,247.36548771027336,14.134026240188312,720.3962600792279,ARIMA + Fourier,2025-01-20,2025-08-04,2025-08-04,Balanced,FALSE
JP,Japan,2024-07-08,2024,NA,28,55,https://www.niid.go.jp/niid/en/survaillance-data-table-english.html,week,Weekly surveillance,271.19057063797794,239.78200106286653,14.77105262581843,695.4228089718222,ARIMA + Fourier,2025-01-20,2025-08-04,2025-08-04,Balanced,FALSE
JP,Japan,2024-07-15,2024,NA,29,53,https://www.niid.go.jp/niid/en/survaillance-data-table-english.html,week,Weekly surveillance,267.10054403966274,231.92925013498234,10.431600690859986,699.7428622701075,ARIMA + Fourier,2025-01-20,2025-08-04,2025-08-04,Balanced,FALSE
JP,Japan,2024-07-22,2024,NA,30,58,https://www.niid.go.jp/niid/en/survaillance-data-table-english.html,week,Weekly surveillance,266.7248733459946,234.52145511192097,11.969184181829151,687.5464215301896,ARIMA + Fourier,2025-01-20,2025-08-04,2025-08-04,Balanced,FALSE
JP,Japan,2024-07-29,2024,NA,31,55,https://www.niid.go.jp/niid/en/survaillance-data-table-english.html,week,Weekly surveillance,266.58433649397335,236.5938924756227,11.504422212838234,701.3621757866131,ARIMA + Fourier,2025-01-20,2025-08-04,2025-08-04,Balanced,FALSE
JP,Japan,2024-08-05,2024,NA,32,74,https://www.niid.go.jp/niid/en/survaillance-data-table-english.html,week,Weekly surveillance,268.18339476457254,236.7300466167418,9.608566193387137,705.3540893402026,ARIMA + Fourier,2025-01-20,2025-08-04,2025-08-04,Balanced,FALSE
JP,Japan,2024-08-12,2024,NA,33,60,https://www.niid.go.jp/niid/en/survaillance-data-table-english.html,week,Weekly surveillance,271.36449443030693,239.03549450293426,9.988492644636647,699.0893565812373,ARIMA + Fourier,2025-01-20,2025-08-04,2025-08-04,Balanced,FALSE
JP,Japan,2024-08-19,2024,NA,34,96,https://www.niid.go.jp/niid/en/survaillance-data-table-english.html,week,Weekly surveillance,273.82996664350236,237.58340538841196,10.387864449978588,718.1855289973379,ARIMA + Fourier,2025-01-20,2025-08-04,2025-08-04,Balanced,FALSE
JP,Japan,2024-08-26,2024,NA,35,92,https://www.niid.go.jp/niid/en/survaillance-data-table-english.html,week,Weekly surveillance,271.70126370108017,238.61559030139566,11.557247498075304,703.385957805529,ARIMA + Fourier,2025-01-20,2025-08-04,2025-08-04,Balanced,FALSE
JP,Japan,2024-09-02,2024,NA,36,89,https://www.niid.go.jp/niid/en/survaillance-data-table-english.html,week,Weekly surveillance,267.44154525888837,236.88273309221,10.073379799748215,693.042407689843,ARIMA + Fourier,2025-01-20,2025-08-04,2025-08-04,Balanced,FALSE
JP,Japan,2024-09-09,2024,NA,37,103,https://www.niid.go.jp/niid/en/survaillance-data-table-english.html,week,Weekly surveillance,259.6450785353959,223.18332806450212,8.451671654345795,690.2577522344911,ARIMA + Fourier,2025-01-20,2025-08-04,2025-08-04,Balanced,FALSE
JP,Japan,2024-09-16,2024,NA,38,105,https://www.niid.go.jp/niid/en/survaillance-data-table-english.html,week,Weekly surveillance,255.77276672417017,222.44256015520267,8.097532710789975,690.7453548529461,ARIMA + Fourier,2025-01-20,2025-08-04,2025-08-04,Balanced,FALSE
JP,Japan,2024-09-23,2024,NA,39,93,https://www.niid.go.jp/niid/en/survaillance-data-table-english.html,week,Weekly surveillance,252.32730876196345,216.99666516911478,8.090088407362046,672.9266643113039,ARIMA + Fourier,2025-01-20,2025-08-04,2025-08-04,Balanced,FALSE
JP,Japan,2024-09-30,2024,NA,40,133,https://id-info.jihs.go.jp/surveillance/idwr/rapid/2024/,week,Weekly surveillance,254.83537824875404,219.8652703758052,8.571812971803766,680.8765815011394,ARIMA + Fourier,2025-01-20,2025-08-04,2025-08-04,Balanced,FALSE
JP,Japan,2024-10-07,2024,NA,41,139,https://id-info.jihs.go.jp/surveillance/idwr/rapid/2024/,week,Weekly surveillance,256.5288250048673,221.85026954951007,8.63291275830835,682.389480294701,ARIMA + Fourier,2025-01-20,2025-08-04,2025-08-04,Balanced,FALSE
JP,Japan,2024-10-14,2024,NA,42,122,https://id-info.jihs.go.jp/surveillance/idwr/rapid/2024/,week,Weekly surveillance,263.0137747021812,229.4677777943176,7.394216058102119,691.2739517486849,ARIMA + Fourier,2025-01-20,2025-08-04,2025-08-04,Balanced,FALSE
JP,Japan,2024-10-21,2024,NA,43,147,https://id-info.jihs.go.jp/surveillance/idwr/rapid/2024/,week,Weekly surveillance,268.77967624980425,233.6754317486957,11.075278949150968,705.8489015535309,ARIMA + Fourier,2025-01-20,2025-08-04,2025-08-04,Balanced,FALSE
JP,Japan,2024-10-28,2024,NA,44,120,https://id-info.jihs.go.jp/surveillance/idwr/rapid/2024/,week,Weekly surveillance,272.3105009566525,233.20765597169094,10.83205337432325,724.9333405380356,ARIMA + Fourier,2025-01-20,2025-08-04,2025-08-04,Balanced,FALSE
JP,Japan,2024-11-04,2024,NA,45,109,https://id-info.jihs.go.jp/surveillance/idwr/rapid/2024/,week,Weekly surveillance,268.01711854502776,231.26356344299273,11.938851943962915,711.9495847485747,ARIMA + Fourier,2025-01-20,2025-08-04,2025-08-04,Balanced,FALSE
JP,Japan,2024-11-11,2024,NA,46,144,https://id-info.jihs.go.jp/surveillance/idwr/rapid/2024/,week,Weekly surveillance,261.13165250410214,222.6994410943226,10.123928557850453,715.1578774360892,ARIMA + Fourier,2025-01-20,2025-08-04,2025-08-04,Balanced,FALSE
JP,Japan,2024-11-18,2024,NA,47,127,https://id-info.jihs.go.jp/surveillance/idwr/rapid/2024/,week,Weekly surveillance,248.22859952449426,212.9778575467826,5.431421857455015,678.7102261166085,ARIMA + Fourier,2025-01-20,2025-08-04,2025-08-04,Balanced,FALSE
JP,Japan,2024-11-25,2024,NA,48,139,https://id-info.jihs.go.jp/surveillance/idwr/rapid/2024/,week,Weekly surveillance,232.3715519393775,197.10204304056077,5.330681035071508,661.9837531579292,ARIMA + Fourier,2025-01-20,2025-08-04,2025-08-04,Balanced,FALSE
JP,Japan,2024-12-02,2024,NA,49,135,https://id-info.jihs.go.jp/surveillance/idwr/rapid/2024/,week,Weekly surveillance,220.5070411276435,185.33443044717637,2.6257403281917826,628.7796938784526,ARIMA + Fourier,2025-01-20,2025-08-04,2025-08-04,Balanced,FALSE
JP,Japan,2024-12-09,2024,NA,50,131,https://id-info.jihs.go.jp/surveillance/idwr/rapid/2024/,week,Weekly surveillance,209.29633592906535,171.4225446632608,0.5133709257569176,604.7288344014528,ARIMA + Fourier,2025-01-20,2025-08-04,2025-08-04,Balanced,FALSE
JP,Japan,2024-12-16,2024,NA,51,144,https://id-info.jihs.go.jp/surveillance/idwr/rapid/2024/,week,Weekly surveillance,202.65909348281033,164.3884729536024,1.1906431660285297,593.2917175726257,ARIMA + Fourier,2025-01-20,2025-08-04,2025-08-04,Balanced,FALSE
JP,Japan,2024-12-23,2024,NA,52,158,https://id-info.jihs.go.jp/surveillance/idwr/rapid/2024/,week,Weekly surveillance,201.46508862404534,162.58112468917915,0.8532424660747384,583.2086663984453,ARIMA + Fourier,2025-01-20,2025-08-04,2025-08-04,Balanced,FALSE
JP,Japan,2024-12-30,2025,NA,1,25,https://id-info.jihs.go.jp/surveillance/idwr/rapid/2024/,week,Weekly surveillance,203.7224239800852,165.07016696508217,0.3318597613298125,591.8643130616105,ARIMA + Fourier,2025-01-20,2025-08-04,2025-08-04,Balanced,FALSE
JP,Japan,2025-01-06,2025,NA,2,135,https://id-info.jihs.go.jp/surveillance/idwr/rapid/2025/,week,Weekly surveillance,206.14093111915378,166.28419153334335,0.5882464730363461,596.3250577648627,ARIMA + Fourier,2025-01-20,2025-08-04,2025-08-04,Balanced,FALSE
JP,Japan,2025-01-13,2025,NA,3,140,https://id-info.jihs.go.jp/surveillance/idwr/rapid/2025/,week,Weekly surveillance,210.61859082185637,174.47914419478593,1.2663651025252347,598.0966182489649,ARIMA + Fourier,2025-01-20,2025-08-04,2025-08-04,Balanced,FALSE
JP,Japan,2025-01-20,2025,NA,4,195,https://id-info.jihs.go.jp/surveillance/idwr/rapid/2025/,week,Weekly surveillance,213.94562518494072,178.26245806373402,0.8040320954379425,609.0839415862308,ARIMA + Fourier,2025-01-20,2025-08-04,2025-08-04,Balanced,TRUE
JP,Japan,2025-01-27,2025,NA,5,246,https://id-info.jihs.go.jp/surveillance/idwr/rapid/2025/,week,Weekly surveillance,216.63622600281565,178.5744027395353,1.2005825557045147,623.8541401582587,ARIMA + Fourier,2025-01-20,2025-08-04,2025-08-04,Balanced,TRUE
JP,Japan,2025-02-03,2025,NA,6,262,https://id-info.jihs.go.jp/surveillance/idwr/rapid/2025/,week,Weekly surveillance,215.8679477534973,179.6664206282549,0.5153516255019508,616.5108673087583,ARIMA + Fourier,2025-01-20,2025-08-04,2025-08-04,Balanced,TRUE
JP,Japan,2025-02-10,2025,NA,7,280,https://id-info.jihs.go.jp/surveillance/idwr/rapid/2025/,week,Weekly surveillance,213.916026903822,178.07094752521502,1.1935891202463156,625.5818631428007,ARIMA + Fourier,2025-01-20,2025-08-04,2025-08-04,Balanced,TRUE
JP,Japan,2025-02-17,2025,NA,8,358,https://id-info.jihs.go.jp/surveillance/idwr/rapid/2025/,week,Weekly surveillance,212.91091542201937,177.579756038355,0.5798227215667116,625.7297445552572,ARIMA + Fourier,2025-01-20,2025-08-04,2025-08-04,Balanced,TRUE
JP,Japan,2025-02-24,2025,NA,9,353,https://id-info.jihs.go.jp/surveillance/idwr/rapid/2025/,week,Weekly surveillance,214.2267094674299,176.7830112655436,0.7457332104702704,609.8660502991639,ARIMA + Fourier,2025-01-20,2025-08-04,2025-08-04,Balanced,TRUE
JP,Japan,2025-03-03,2025,NA,10,482,https://id-info.jihs.go.jp/surveillance/idwr/rapid/2025/,week,Weekly surveillance,214.4696821889525,175.1937453310778,0.5531576668790197,634.6125608809075,ARIMA + Fourier,2025-01-20,2025-08-04,2025-08-04,Balanced,TRUE
JP,Japan,2025-03-10,2025,NA,11,561,https://id-info.jihs.go.jp/surveillance/idwr/rapid/2025/,week,Weekly surveillance,216.6013661368465,181.54496632854926,0.8959890921492543,626.764967619399,ARIMA + Fourier,2025-01-20,2025-08-04,2025-08-04,Balanced,TRUE
JP,Japan,2025-03-17,2025,NA,12,458,https://id-info.jihs.go.jp/surveillance/idwr/rapid/2025/,week,Weekly surveillance,215.94411751779776,177.38968102659788,0.903532544485802,622.2176324379341,ARIMA + Fourier,2025-01-20,2025-08-04,2025-08-04,Balanced,TRUE
JP,Japan,2025-03-24,2025,NA,13,578,https://id-info.jihs.go.jp/surveillance/idwr/rapid/2025/,week,Weekly surveillance,215.77282899110867,181.07452389340688,0.6118443563534727,616.2274778648517,ARIMA + Fourier,2025-01-20,2025-08-04,2025-08-04,Balanced,TRUE
JP,Japan,2025-03-31,2025,NA,14,722,https://id-info.jihs.go.jp/surveillance/idwr/rapid/2025/,week,Weekly surveillance,217.31759282401282,180.83751076234716,0.5637229655559859,620.7182970475834,ARIMA + Fourier,2025-01-20,2025-08-04,2025-08-04,Balanced,TRUE
JP,Japan,2025-04-07,2025,NA,15,1222,https://id-info.jihs.go.jp/surveillance/idwr/rapid/2025/,week,Weekly surveillance,218.48572499355197,183.9722260375196,0.6045369022723293,634.731920296754,ARIMA + Fourier,2025-01-20,2025-08-04,2025-08-04,Balanced,TRUE
JP,Japan,2025-04-14,2025,NA,16,1884,https://id-info.jihs.go.jp/surveillance/idwr/rapid/2025/,week,Weekly surveillance,219.03029230033326,179.94672829748936,0.6777418977189787,624.8993973885534,ARIMA + Fourier,2025-01-20,2025-08-04,2025-08-04,Balanced,TRUE
JP,Japan,2025-04-21,2025,NA,17,2176,https://id-info.jihs.go.jp/surveillance/idwr/rapid/2025/,week,Weekly surveillance,222.94871395405207,185.92810427636635,2.248725100407216,646.9878496318934,ARIMA + Fourier,2025-01-20,2025-08-04,2025-08-04,Balanced,TRUE
JP,Japan,2025-04-28,2025,NA,18,1746,https://id-info.jihs.go.jp/surveillance/idwr/rapid/2025/,week,Weekly surveillance,231.2352030532213,193.86976534533494,3.4707502281699245,642.0829171140786,ARIMA + Fourier,2025-01-20,2025-08-04,2025-08-04,Balanced,TRUE
JP,Japan,2025-05-05,2025,NA,19,1792,https://id-info.jihs.go.jp/surveillance/idwr/rapid/2025/,week,Weekly surveillance,241.36706005349572,203.58965697990953,2.806038307194629,674.5528622086168,ARIMA + Fourier,2025-01-20,2025-08-04,2025-08-04,Balanced,TRUE
JP,Japan,2025-05-12,2025,NA,20,2299,https://id-info.jihs.go.jp/surveillance/idwr/rapid/2025/,week,Weekly surveillance,256.0807628507837,220.11074657044986,6.2995206725049355,703.185002225139,ARIMA + Fourier,2025-01-20,2025-08-04,2025-08-04,Balanced,TRUE
JP,Japan,2025-05-19,2025,NA,21,2660,https://id-info.jihs.go.jp/surveillance/idwr/rapid/2025/,week,Weekly surveillance,271.58118204452154,231.34719875739194,6.990543187293728,726.7571962748771,ARIMA + Fourier,2025-01-20,2025-08-04,2025-08-04,Balanced,TRUE
JP,Japan,2025-05-26,2025,NA,22,2329,https://id-info.jihs.go.jp/surveillance/idwr/rapid/2025/,week,Weekly surveillance,285.4611834181769,243.89963447194998,11.706321615631401,753.7136185313689,ARIMA + Fourier,2025-01-20,2025-08-04,2025-08-04,Balanced,TRUE
JP,Japan,2025-06-02,2025,NA,23,3044,https://id-info.jihs.go.jp/surveillance/idwr/rapid/2025/,week,Weekly surveillance,296.19981058658794,261.6648068957785,15.58955567986054,771.3509545677508,ARIMA + Fourier,2025-01-20,2025-08-04,2025-08-04,Balanced,TRUE
JP,Japan,2025-06-09,2025,NA,24,2970,https://id-info.jihs.go.jp/surveillance/idwr/rapid/2025/,week,Weekly surveillance,300.7282466464252,261.72418217647294,14.332940701100615,789.3800579207002,ARIMA + Fourier,2025-01-20,2025-08-04,2025-08-04,Balanced,TRUE
JP,Japan,2025-06-16,2025,NA,25,3211,https://id-info.jihs.go.jp/surveillance/idwr/rapid/2025/,week,Weekly surveillance,300.5134709145229,266.5362949948184,14.472120579973152,784.8997619453568,ARIMA + Fourier,2025-01-20,2025-08-04,2025-08-04,Balanced,TRUE
JP,Japan,2025-06-23,2025,NA,26,3353,https://id-info.jihs.go.jp/surveillance/idwr/rapid/2025/,week,Weekly surveillance,296.4885382832897,262.7238316394528,11.57173864103427,781.1964238231968,ARIMA + Fourier,2025-01-20,2025-08-04,2025-08-04,Balanced,TRUE
JP,Japan,2025-06-30,2025,NA,27,3578,https://id-info.jihs.go.jp/surveillance/idwr/rapid/2025/,week,Weekly surveillance,287.7493390677059,244.67161236942388,11.018677685115785,770.2867257998992,ARIMA + Fourier,2025-01-20,2025-08-04,2025-08-04,Balanced,TRUE
JP,Japan,2025-07-07,2025,NA,28,3682,https://id-info.jihs.go.jp/surveillance/idwr/rapid/2025/,week,Weekly surveillance,280.0313111170038,243.7431168367741,10.096807948441148,769.7812943892077,ARIMA + Fourier,2025-01-20,2025-08-04,2025-08-04,Balanced,TRUE
JP,Japan,2025-07-14,2025,NA,29,3908,https://id-info.jihs.go.jp/surveillance/idwr/rapid/2025/,week,Weekly surveillance,274.03219809901674,234.05097720583018,8.508419755913957,753.4136914118363,ARIMA + Fourier,2025-01-20,2025-08-04,2025-08-04,Balanced,TRUE
JP,Japan,2025-07-21,2025,NA,30,3399,https://id-info.jihs.go.jp/surveillance/idwr/rapid/2025/,week,Weekly surveillance,273.1733738593969,233.62240262890327,8.963061482032955,764.8866085158193,ARIMA + Fourier,2025-01-20,2025-08-04,2025-08-04,Balanced,TRUE
JP,Japan,2025-07-28,2025,NA,31,3599,https://id-info.jihs.go.jp/surveillance/idwr/rapid/2025/,week,Weekly surveillance,274.36379890709,234.13977548349834,7.4662596756798765,755.6344951898858,ARIMA + Fourier,2025-01-20,2025-08-04,2025-08-04,Balanced,TRUE
JP,Japan,2025-08-04,2025,NA,32,3211,https://id-info.jihs.go.jp/surveillance/idwr/rapid/2025/,week,Weekly surveillance,276.22199008613956,235.80871624599754,7.4825055057007095,754.3107959466822,ARIMA + Fourier,2025-01-20,2025-08-04,2025-08-04,Balanced,TRUE
JP,Japan,2025-08-11,2025,NA,33,1506,https://id-info.jihs.go.jp/surveillance/idwr/rapid/2025/,week,Weekly surveillance,279.1313508300323,238.7691041847745,5.851724805643411,775.0947580274234,ARIMA + Fourier,2025-01-20,2025-08-04,2025-08-04,Balanced,FALSE
JP,Japan,2025-08-18,2025,NA,34,2762,https://id-info.jihs.go.jp/surveillance/idwr/rapid/2025/,week,Weekly surveillance,278.79161917496845,243.90309689189053,6.903228953791835,744.5654441389906,ARIMA + Fourier,2025-01-20,2025-08-04,2025-08-04,Balanced,FALSE
JP,Japan,2025-08-25,2025,NA,35,2258,https://id-info.jihs.go.jp/surveillance/idwr/rapid/2025/,week,Weekly surveillance,275.81270320764816,235.34639558049918,5.873762773777735,759.6842549154334,ARIMA + Fourier,2025-01-20,2025-08-04,2025-08-04,Balanced,FALSE
JP,Japan,2025-09-01,2025,NA,36,1921,https://id-info.jihs.go.jp/surveillance/idwr/rapid/2025/,week,Weekly surveillance,272.7687317095978,232.99235852266798,4.361006337653021,752.4880663854528,ARIMA + Fourier,2025-01-20,2025-08-04,2025-08-04,Balanced,FALSE
JP,Japan,2025-09-08,2025,NA,37,1552,https://id-info.jihs.go.jp/surveillance/idwr/rapid/2025/,week,Weekly surveillance,267.22585339781733,226.21024232920996,4.435426694235038,745.0309940949473,ARIMA + Fourier,2025-01-20,2025-08-04,2025-08-04,Balanced,FALSE
JP,Japan,2025-09-15,2025,NA,38,1168,https://id-info.jihs.go.jp/surveillance/idwr/rapid/2025/,week,Weekly surveillance,261.4203063924459,221.009162689495,4.046908716531385,748.5243238145853,ARIMA + Fourier,2025-01-20,2025-08-04,2025-08-04,Balanced,FALSE
JP,Japan,2025-09-22,2025,NA,39,1001,https://id-info.jihs.go.jp/surveillance/idwr/rapid/2025/,week,Weekly surveillance,259.71897933016317,222.20290306108024,1.768018893958792,732.6167382173111,ARIMA + Fourier,2025-01-20,2025-08-04,2025-08-04,Balanced,FALSE
JP,Japan,2025-09-29,2025,NA,40,1193,https://id-info.jihs.go.jp/surveillance/idwr/rapid/2025/,week,Weekly surveillance,261.3516458987819,222.64798139022696,3.7901431646034878,746.3526739504705,ARIMA + Fourier,2025-01-20,2025-08-04,2025-08-04,Balanced,FALSE
JP,Japan,2025-10-06,2025,NA,41,944,https://id-info.jihs.go.jp/surveillance/idwr/rapid/2025/,week,Weekly surveillance,265.4555157282513,227.46650937035312,2.808739588656212,751.2217339262761,ARIMA + Fourier,2025-01-20,2025-08-04,2025-08-04,Balanced,FALSE
JP,Japan,2025-10-13,2025,NA,42,773,https://id-info.jihs.go.jp/surveillance/idwr/rapid/2025/,week,Weekly surveillance,270.981571247284,234.9544545044417,3.1267901571146424,779.9480327277909,ARIMA + Fourier,2025-01-20,2025-08-04,2025-08-04,Balanced,FALSE
JP,Japan,2025-10-20,2025,NA,43,884,https://id-info.jihs.go.jp/surveillance/idwr/rapid/2025/,week,Weekly surveillance,275.7328390515975,235.66486403352735,5.34783101610953,763.4160370407304,ARIMA + Fourier,2025-01-20,2025-08-04,2025-08-04,Balanced,FALSE
JP,Japan,2025-10-27,2025,NA,44,718,https://id-info.jihs.go.jp/surveillance/idwr/rapid/2025/,week,Weekly surveillance,278.61163807435645,239.34121178425653,3.911286915202906,765.7711396404895,ARIMA + Fourier,2025-01-20,2025-08-04,2025-08-04,Balanced,FALSE
JP,Japan,2025-11-03,2025,NA,45,598,https://id-info.jihs.go.jp/surveillance/idwr/rapid/2025/,week,Weekly surveillance,275.0614954501259,232.37047078330812,3.980504066988701,765.1415859024544,ARIMA + Fourier,2025-01-20,2025-08-04,2025-08-04,Balanced,FALSE
JP,Japan,2025-11-10,2025,NA,46,613,https://id-info.jihs.go.jp/surveillance/idwr/rapid/2025/,week,Weekly surveillance,266.7195912853581,223.73229640278436,3.1258569864602372,744.7616985098988,ARIMA + Fourier,2025-01-20,2025-08-04,2025-08-04,Balanced,FALSE
JP,Japan,2025-11-17,2025,NA,47,508,https://id-info.jihs.go.jp/surveillance/idwr/rapid/2025/,week,Weekly surveillance,253.500515544876,210.9900612836316,2.025600027005916,715.5356215769997,ARIMA + Fourier,2025-01-20,2025-08-04,2025-08-04,Balanced,FALSE
JP,Japan,2025-11-24,2025,NA,48,380,https://id-info.jihs.go.jp/surveillance/idwr/rapid/2025/,week,Weekly surveillance,239.13417683707908,196.79892877323985,0.42901314269885465,706.1246488471912,ARIMA + Fourier,2025-01-20,2025-08-04,2025-08-04,Balanced,FALSE
JP,Japan,2025-12-01,2025,NA,49,498,https://id-info.jihs.go.jp/surveillance/idwr/rapid/2025/,week,Weekly surveillance,226.6724023767207,185.79732984860846,0.12447813960631285,669.3261580809917,ARIMA + Fourier,2025-01-20,2025-08-04,2025-08-04,Balanced,FALSE
JP,Japan,2025-12-08,2025,NA,50,431,https://id-info.jihs.go.jp/surveillance/idwr/rapid/2025/,week,Weekly surveillance,217.02448646203084,173.7536305914077,0.010000000000000002,662.1417857517806,ARIMA + Fourier,2025-01-20,2025-08-04,2025-08-04,Balanced,FALSE
JP,Japan,2025-12-15,2025,NA,51,377,https://id-info.jihs.go.jp/surveillance/idwr/rapid/2025/,week,Weekly surveillance,209.41413631700146,167.7415240967162,0.010000000000000002,635.523617850134,ARIMA + Fourier,2025-01-20,2025-08-04,2025-08-04,Balanced,FALSE
JP,Japan,2025-12-22,2025,NA,52,352,https://id-info.jihs.go.jp/surveillance/idwr/rapid/2025/,week,Weekly surveillance,208.7997951354537,165.37628813223256,0.010000000000000002,636.8024137937409,ARIMA + Fourier,2025-01-20,2025-08-04,2025-08-04,Balanced,FALSE
NZ,New Zealand,2020-01-01,2020,1,NA,40,https://www.esr.cri.nz/digital-library/monthly-notifiable-disease-surveillance-reports-for-2020/,month,Monthly surveillance,58.62612136938954,55.65758022018265,13.605095672193713,93.00686335566115,ARIMA + Fourier,2024-05-01,2024-12-01,2024-12-01,Balanced,FALSE
NZ,New Zealand,2020-02-01,2020,2,NA,56,https://www.esr.cri.nz/digital-library/monthly-notifiable-disease-surveillance-reports-for-2020/,month,Monthly surveillance,53.386227162553,48.27244516456501,7.518509270945808,171.68589550319703,ARIMA + Fourier,2024-05-01,2024-12-01,2024-12-01,Balanced,FALSE
NZ,New Zealand,2020-03-01,2020,3,NA,33,https://www.esr.cri.nz/digital-library/monthly-notifiable-disease-surveillance-reports-for-2020/,month,Monthly surveillance,46.05091367844631,37.23336050862156,1.4645963820832808,175.3642748248826,ARIMA + Fourier,2024-05-01,2024-12-01,2024-12-01,Balanced,FALSE
NZ,New Zealand,2020-04-01,2020,4,NA,7,https://www.esr.cri.nz/digital-library/monthly-notifiable-disease-surveillance-reports-for-2020/,month,Monthly surveillance,40.16580497261523,27.31975677371865,0.010000000000000002,176.04184909983235,ARIMA + Fourier,2024-05-01,2024-12-01,2024-12-01,Balanced,FALSE
NZ,New Zealand,2020-05-01,2020,5,NA,7,https://www.esr.cri.nz/digital-library/monthly-notifiable-disease-surveillance-reports-for-2020/,month,Monthly surveillance,36.34859639833059,21.450599152997682,0.010000000000000002,170.83979261207435,ARIMA + Fourier,2024-05-01,2024-12-01,2024-12-01,Balanced,FALSE
NZ,New Zealand,2020-06-01,2020,6,NA,7,https://www.esr.cri.nz/digital-library/monthly-notifiable-disease-surveillance-reports-for-2020/,month,Monthly surveillance,36.753674089294904,20.048670143095823,0.010000000000000002,174.1924202066728,ARIMA + Fourier,2024-05-01,2024-12-01,2024-12-01,Balanced,FALSE
NZ,New Zealand,2020-07-01,2020,7,NA,10,https://www.esr.cri.nz/digital-library/monthly-notifiable-disease-surveillance-reports-for-2020/,month,Monthly surveillance,41.79621269244271,23.388915690691604,0.010000000000000002,206.1902289368408,ARIMA + Fourier,2024-05-01,2024-12-01,2024-12-01,Balanced,FALSE
NZ,New Zealand,2020-08-01,2020,8,NA,4,https://www.esr.cri.nz/digital-library/monthly-notifiable-disease-surveillance-reports-for-2020/,month,Monthly surveillance,49.1178859331811,27.092739342427663,0.010000000000000002,239.72042255236607,ARIMA + Fourier,2024-05-01,2024-12-01,2024-12-01,Balanced,FALSE
NZ,New Zealand,2020-09-01,2020,9,NA,2,https://www.esr.cri.nz/digital-library/monthly-notifiable-disease-surveillance-reports-for-2020/,month,Monthly surveillance,60.682542870473576,34.942011103480965,0.010000000000000002,297.0342594822611,ARIMA + Fourier,2024-05-01,2024-12-01,2024-12-01,Balanced,FALSE
NZ,New Zealand,2020-10-01,2020,10,NA,3,https://www.esr.cri.nz/digital-library/monthly-notifiable-disease-surveillance-reports-for-2020/,month,Monthly surveillance,74.14484461218998,44.82430231483855,0.010000000000000002,334.21372284942106,ARIMA + Fourier,2024-05-01,2024-12-01,2024-12-01,Balanced,FALSE
NZ,New Zealand,2020-11-01,2020,11,NA,8,https://www.esr.cri.nz/digital-library/monthly-notifiable-disease-surveillance-reports-for-2020/,month,Monthly surveillance,85.97453896827732,54.43068125606701,0.010000000000000002,374.99009432120096,ARIMA + Fourier,2024-05-01,2024-12-01,2024-12-01,Balanced,FALSE
NZ,New Zealand,2020-12-01,2020,12,NA,11,https://www.esr.cri.nz/digital-library/monthly-notifiable-disease-surveillance-reports-for-2020/,month,Monthly surveillance,90.47197954451059,57.21230637610828,0.010000000000000002,387.12932181747175,ARIMA + Fourier,2024-05-01,2024-12-01,2024-12-01,Balanced,FALSE
NZ,New Zealand,2021-01-01,2021,1,NA,6,https://www.esr.cri.nz/digital-library/monthly-notifiable-disease-surveillance-reports-for-2021/,month,Monthly surveillance,91.38221649137175,54.95984300169543,0.010000000000000002,388.0009058247331,ARIMA + Fourier,2024-05-01,2024-12-01,2024-12-01,Balanced,FALSE
NZ,New Zealand,2021-02-01,2021,2,NA,8,https://www.esr.cri.nz/digital-library/monthly-notifiable-disease-surveillance-reports-for-2021/,month,Monthly surveillance,86.32596442762299,47.01257106009251,0.010000000000000002,390.8713714364404,ARIMA + Fourier,2024-05-01,2024-12-01,2024-12-01,Balanced,FALSE
NZ,New Zealand,2021-03-01,2021,3,NA,10,https://www.esr.cri.nz/digital-library/monthly-notifiable-disease-surveillance-reports-for-2021/,month,Monthly surveillance,77.15576023356977,38.1011556005697,0.010000000000000002,382.9607691707625,ARIMA + Fourier,2024-05-01,2024-12-01,2024-12-01,Balanced,FALSE
NZ,New Zealand,2021-04-01,2021,4,NA,2,https://www.esr.cri.nz/digital-library/monthly-notifiable-disease-surveillance-reports-for-2021/,month,Monthly surveillance,68.66805393499695,28.964360154145297,0.010000000000000002,375.8169429816888,ARIMA + Fourier,2024-05-01,2024-12-01,2024-12-01,Balanced,FALSE
NZ,New Zealand,2021-05-01,2021,5,NA,8,https://www.esr.cri.nz/digital-library/monthly-notifiable-disease-surveillance-reports-for-2021/,month,Monthly surveillance,63.25586568019274,23.48061964646857,0.010000000000000002,353.6709726073292,ARIMA + Fourier,2024-05-01,2024-12-01,2024-12-01,Balanced,FALSE
NZ,New Zealand,2021-06-01,2021,6,NA,6,https://www.esr.cri.nz/digital-library/monthly-notifiable-disease-surveillance-reports-for-2021/,month,Monthly surveillance,63.18161523422452,20.69694708244672,0.010000000000000002,357.63761041398186,ARIMA + Fourier,2024-05-01,2024-12-01,2024-12-01,Balanced,FALSE
NZ,New Zealand,2021-07-01,2021,7,NA,5,https://www.esr.cri.nz/digital-library/monthly-notifiable-disease-surveillance-reports-for-2021/,month,Monthly surveillance,67.02159201543252,20.587997386294305,0.010000000000000002,382.60095061893185,ARIMA + Fourier,2024-05-01,2024-12-01,2024-12-01,Balanced,FALSE
NZ,New Zealand,2021-08-01,2021,8,NA,10,https://www.esr.cri.nz/digital-library/monthly-notifiable-disease-surveillance-reports-for-2021/,month,Monthly surveillance,75.92699635766067,25.16392211983012,0.010000000000000002,427.44785571831557,ARIMA + Fourier,2024-05-01,2024-12-01,2024-12-01,Balanced,FALSE
NZ,New Zealand,2021-09-01,2021,9,NA,2,https://www.esr.cri.nz/digital-library/monthly-notifiable-disease-surveillance-reports-for-2021/,month,Monthly surveillance,87.85463436120517,32.859183297144114,0.010000000000000002,471.12331034339655,ARIMA + Fourier,2024-05-01,2024-12-01,2024-12-01,Balanced,FALSE
NZ,New Zealand,2021-10-01,2021,10,NA,4,https://www.esr.cri.nz/digital-library/monthly-notifiable-disease-surveillance-reports-for-2021/,month,Monthly surveillance,100.40766162891387,41.92013865326324,0.010000000000000002,528.8001438127914,ARIMA + Fourier,2024-05-01,2024-12-01,2024-12-01,Balanced,FALSE
NZ,New Zealand,2021-11-01,2021,11,NA,1,https://www.esr.cri.nz/digital-library/monthly-notifiable-disease-surveillance-reports-for-2021/,month,Monthly surveillance,111.59426307921044,49.2412687221114,0.010000000000000002,551.2399200499354,ARIMA + Fourier,2024-05-01,2024-12-01,2024-12-01,Balanced,FALSE
NZ,New Zealand,2021-12-01,2021,12,NA,0,https://www.esr.cri.nz/digital-library/monthly-notifiable-disease-surveillance-reports-for-2021/,month,Monthly surveillance,117.12780299504153,53.50878247827657,0.010000000000000002,586.6035970366319,ARIMA + Fourier,2024-05-01,2024-12-01,2024-12-01,Balanced,FALSE
NZ,New Zealand,2022-01-01,2022,1,NA,0,https://www.esr.cri.nz/digital-library/pertussis-dashboard/,month,Monthly surveillance,117.01681875624521,50.655319824854104,0.010000000000000002,605.4480216898843,ARIMA + Fourier,2024-05-01,2024-12-01,2024-12-01,Balanced,FALSE
NZ,New Zealand,2022-02-01,2022,2,NA,1,https://www.esr.cri.nz/digital-library/pertussis-dashboard/,month,Monthly surveillance,109.80811249189574,45.1586421067715,0.010000000000000002,582.4447128280952,ARIMA + Fourier,2024-05-01,2024-12-01,2024-12-01,Balanced,FALSE
NZ,New Zealand,2022-03-01,2022,3,NA,2,https://www.esr.cri.nz/digital-library/pertussis-dashboard/,month,Monthly surveillance,100.2716532202358,36.03668984444539,0.010000000000000002,540.8186192778785,ARIMA + Fourier,2024-05-01,2024-12-01,2024-12-01,Balanced,FALSE
NZ,New Zealand,2022-04-01,2022,4,NA,0,https://www.esr.cri.nz/digital-library/pertussis-dashboard/,month,Monthly surveillance,92.6935359708153,27.143224557867967,0.010000000000000002,527.8521410775068,ARIMA + Fourier,2024-05-01,2024-12-01,2024-12-01,Balanced,FALSE
NZ,New Zealand,2022-05-01,2022,5,NA,2,https://www.esr.cri.nz/digital-library/pertussis-dashboard/,month,Monthly surveillance,87.75392922089306,20.953028613212762,0.010000000000000002,529.5518898917844,ARIMA + Fourier,2024-05-01,2024-12-01,2024-12-01,Balanced,FALSE
NZ,New Zealand,2022-06-01,2022,6,NA,0,https://www.esr.cri.nz/digital-library/pertussis-dashboard/,month,Monthly surveillance,87.46297241960448,16.857983756087194,0.010000000000000002,528.8421588109458,ARIMA + Fourier,2024-05-01,2024-12-01,2024-12-01,Balanced,FALSE
NZ,New Zealand,2022-07-01,2022,7,NA,4,https://www.esr.cri.nz/digital-library/pertussis-dashboard/,month,Monthly surveillance,89.74926997480515,17.565561561856292,0.010000000000000002,523.8638572012402,ARIMA + Fourier,2024-05-01,2024-12-01,2024-12-01,Balanced,FALSE
NZ,New Zealand,2022-08-01,2022,8,NA,3,https://www.esr.cri.nz/digital-library/pertussis-dashboard/,month,Monthly surveillance,100.36514959297878,23.059780318779396,0.010000000000000002,575.731798925259,ARIMA + Fourier,2024-05-01,2024-12-01,2024-12-01,Balanced,FALSE
NZ,New Zealand,2022-09-01,2022,9,NA,1,https://www.esr.cri.nz/digital-library/pertussis-dashboard/,month,Monthly surveillance,113.87680076997019,30.299582847810377,0.010000000000000002,640.386801155727,ARIMA + Fourier,2024-05-01,2024-12-01,2024-12-01,Balanced,FALSE
NZ,New Zealand,2022-10-01,2022,10,NA,1,https://www.esr.cri.nz/digital-library/pertussis-dashboard/,month,Monthly surveillance,128.7580891273442,43.732955476898525,0.010000000000000002,683.8202596275783,ARIMA + Fourier,2024-05-01,2024-12-01,2024-12-01,Balanced,FALSE
NZ,New Zealand,2022-11-01,2022,11,NA,3,https://www.esr.cri.nz/digital-library/pertussis-dashboard/,month,Monthly surveillance,140.59507073650659,49.705469839285776,0.010000000000000002,753.8399999816077,ARIMA + Fourier,2024-05-01,2024-12-01,2024-12-01,Balanced,FALSE
NZ,New Zealand,2022-12-01,2022,12,NA,1,https://www.esr.cri.nz/digital-library/pertussis-dashboard/,month,Monthly surveillance,146.76631312605372,56.26748579593695,0.010000000000000002,773.7640473157079,ARIMA + Fourier,2024-05-01,2024-12-01,2024-12-01,Balanced,FALSE
NZ,New Zealand,2023-01-01,2023,1,NA,1,https://www.esr.cri.nz/digital-library/pertussis-dashboard/,month,Monthly surveillance,146.32726351563446,52.051038203077525,0.010000000000000002,768.1406888896149,ARIMA + Fourier,2024-05-01,2024-12-01,2024-12-01,Balanced,FALSE
NZ,New Zealand,2023-02-01,2023,2,NA,5,https://www.esr.cri.nz/digital-library/pertussis-dashboard/,month,Monthly surveillance,140.17939604437686,45.377350525232366,0.010000000000000002,794.2049092960373,ARIMA + Fourier,2024-05-01,2024-12-01,2024-12-01,Balanced,FALSE
NZ,New Zealand,2023-03-01,2023,3,NA,9,https://www.esr.cri.nz/digital-library/pertussis-dashboard/,month,Monthly surveillance,131.37035231356626,37.3864346458202,0.010000000000000002,765.9227693987399,ARIMA + Fourier,2024-05-01,2024-12-01,2024-12-01,Balanced,FALSE
NZ,New Zealand,2023-04-01,2023,4,NA,11,https://www.esr.cri.nz/digital-library/pertussis-dashboard/,month,Monthly surveillance,120.94001758695917,28.488372305478023,0.010000000000000002,739.3956196192149,ARIMA + Fourier,2024-05-01,2024-12-01,2024-12-01,Balanced,FALSE
NZ,New Zealand,2023-05-01,2023,5,NA,5,https://www.esr.cri.nz/digital-library/pertussis-dashboard/,month,Monthly surveillance,114.10367481671452,19.22702500343331,0.010000000000000002,685.8413018349272,ARIMA + Fourier,2024-05-01,2024-12-01,2024-12-01,Balanced,FALSE
NZ,New Zealand,2023-06-01,2023,6,NA,2,https://www.esr.cri.nz/digital-library/pertussis-dashboard/,month,Monthly surveillance,112.58173188647989,18.300277601925476,0.010000000000000002,670.2384299685642,ARIMA + Fourier,2024-05-01,2024-12-01,2024-12-01,Balanced,FALSE
NZ,New Zealand,2023-07-01,2023,7,NA,5,https://www.esr.cri.nz/digital-library/pertussis-dashboard/,month,Monthly surveillance,118.3057460050967,19.358464186210142,0.010000000000000002,714.7184062523562,ARIMA + Fourier,2024-05-01,2024-12-01,2024-12-01,Balanced,FALSE
NZ,New Zealand,2023-08-01,2023,8,NA,34,https://www.esr.cri.nz/digital-library/pertussis-dashboard/,month,Monthly surveillance,128.94847120484317,24.465238937379354,0.010000000000000002,757.9477093595274,ARIMA + Fourier,2024-05-01,2024-12-01,2024-12-01,Balanced,FALSE
NZ,New Zealand,2023-09-01,2023,9,NA,21,https://www.esr.cri.nz/digital-library/pertussis-dashboard/,month,Monthly surveillance,142.033305157004,31.18707616632797,0.010000000000000002,836.7333267797195,ARIMA + Fourier,2024-05-01,2024-12-01,2024-12-01,Balanced,FALSE
NZ,New Zealand,2023-10-01,2023,10,NA,9,https://www.esr.cri.nz/digital-library/pertussis-dashboard/,month,Monthly surveillance,156.55343762703973,40.14002129982855,0.010000000000000002,890.3847993551549,ARIMA + Fourier,2024-05-01,2024-12-01,2024-12-01,Balanced,FALSE
NZ,New Zealand,2023-11-01,2023,11,NA,18,https://www.esr.cri.nz/digital-library/pertussis-dashboard/,month,Monthly surveillance,168.52564720983477,48.56034818240714,0.010000000000000002,926.9980557870704,ARIMA + Fourier,2024-05-01,2024-12-01,2024-12-01,Balanced,FALSE
NZ,New Zealand,2023-12-01,2023,12,NA,21,https://www.esr.cri.nz/digital-library/pertussis-dashboard/,month,Monthly surveillance,176.29146543553236,56.225677051768315,0.010000000000000002,991.0216944933004,ARIMA + Fourier,2024-05-01,2024-12-01,2024-12-01,Balanced,FALSE
NZ,New Zealand,2024-01-01,2024,1,NA,14,https://www.esr.cri.nz/digital-library/pertussis-dashboard/,month,Monthly surveillance,174.19120785436235,55.82970618153386,0.010000000000000002,985.9406646520799,ARIMA + Fourier,2024-05-01,2024-12-01,2024-12-01,Balanced,FALSE
NZ,New Zealand,2024-02-01,2024,2,NA,19,https://www.esr.cri.nz/digital-library/pertussis-dashboard/,month,Monthly surveillance,166.66619910081442,46.99284001778684,0.010000000000000002,991.389832633916,ARIMA + Fourier,2024-05-01,2024-12-01,2024-12-01,Balanced,FALSE
NZ,New Zealand,2024-03-01,2024,3,NA,16,https://www.esr.cri.nz/digital-library/pertussis-dashboard/,month,Monthly surveillance,156.33065106418226,37.46107604147685,0.010000000000000002,946.7726396484092,ARIMA + Fourier,2024-05-01,2024-12-01,2024-12-01,Balanced,FALSE
NZ,New Zealand,2024-04-01,2024,4,NA,22,https://www.esr.cri.nz/digital-library/pertussis-dashboard/,month,Monthly surveillance,145.87940138704062,26.704485399907774,0.010000000000000002,879.976341049451,ARIMA + Fourier,2024-05-01,2024-12-01,2024-12-01,Balanced,FALSE
NZ,New Zealand,2024-05-01,2024,5,NA,72,https://www.esr.cri.nz/digital-library/pertussis-dashboard/,month,Monthly surveillance,138.87194449767523,21.997112631430863,0.010000000000000002,869.2152977511405,ARIMA + Fourier,2024-05-01,2024-12-01,2024-12-01,Balanced,TRUE
NZ,New Zealand,2024-06-01,2024,6,NA,82,https://www.esr.cri.nz/digital-library/pertussis-dashboard/,month,Monthly surveillance,138.02702210732537,19.640023582184487,0.010000000000000002,874.9461589685282,ARIMA + Fourier,2024-05-01,2024-12-01,2024-12-01,Balanced,TRUE
NZ,New Zealand,2024-07-01,2024,7,NA,72,https://www.esr.cri.nz/digital-library/pertussis-dashboard/,month,Monthly surveillance,143.46228635659799,21.192992481645543,0.010000000000000002,928.3004989244837,ARIMA + Fourier,2024-05-01,2024-12-01,2024-12-01,Balanced,TRUE
NZ,New Zealand,2024-08-01,2024,8,NA,75,https://www.esr.cri.nz/digital-library/pertussis-dashboard/,month,Monthly surveillance,152.14882913206708,24.911644367227122,0.010000000000000002,979.5858906452613,ARIMA + Fourier,2024-05-01,2024-12-01,2024-12-01,Balanced,TRUE
NZ,New Zealand,2024-09-01,2024,9,NA,189,https://www.esr.cri.nz/digital-library/pertussis-dashboard/,month,Monthly surveillance,167.4293859106378,33.00819418569718,0.010000000000000002,1049.6921654028522,ARIMA + Fourier,2024-05-01,2024-12-01,2024-12-01,Balanced,TRUE
NZ,New Zealand,2024-10-01,2024,10,NA,192,https://www.esr.cri.nz/digital-library/pertussis-dashboard/,month,Monthly surveillance,181.7670867514275,44.11918371850037,0.010000000000000002,1054.393581797183,ARIMA + Fourier,2024-05-01,2024-12-01,2024-12-01,Balanced,TRUE
NZ,New Zealand,2024-11-01,2024,11,NA,421,https://www.esr.cri.nz/digital-library/pertussis-dashboard/,month,Monthly surveillance,194.742752640425,50.225790614365195,0.010000000000000002,1155.1523451198932,ARIMA + Fourier,2024-05-01,2024-12-01,2024-12-01,Balanced,TRUE
NZ,New Zealand,2024-12-01,2024,12,NA,582,https://www.esr.cri.nz/digital-library/pertussis-dashboard/,month,Monthly surveillance,201.64832438514577,52.13158810175087,0.010000000000000002,1163.6406603129158,ARIMA + Fourier,2024-05-01,2024-12-01,2024-12-01,Balanced,TRUE
NZ,New Zealand,2025-01-01,2025,1,NA,455,https://www.esr.cri.nz/digital-library/pertussis-dashboard/,month,Monthly surveillance,199.89559569247203,50.62271963318426,0.010000000000000002,1098.4622230023504,ARIMA + Fourier,2024-05-01,2024-12-01,2024-12-01,Balanced,FALSE
NZ,New Zealand,2025-02-01,2025,2,NA,345,https://www.esr.cri.nz/digital-library/pertussis-dashboard/,month,Monthly surveillance,190.13288348037403,43.434975443691684,0.010000000000000002,1102.770205062982,ARIMA + Fourier,2024-05-01,2024-12-01,2024-12-01,Balanced,FALSE
NZ,New Zealand,2025-03-01,2025,3,NA,212,https://www.esr.cri.nz/digital-library/pertussis-dashboard/,month,Monthly surveillance,178.05396981921427,33.52457742327961,0.010000000000000002,1046.0832445568117,ARIMA + Fourier,2024-05-01,2024-12-01,2024-12-01,Balanced,FALSE
NZ,New Zealand,2025-04-01,2025,4,NA,159,https://www.esr.cri.nz/digital-library/pertussis-dashboard/,month,Monthly surveillance,166.35684349846156,25.37337743400893,0.010000000000000002,981.0829825309105,ARIMA + Fourier,2024-05-01,2024-12-01,2024-12-01,Balanced,FALSE
NZ,New Zealand,2025-05-01,2025,5,NA,180,https://www.esr.cri.nz/digital-library/pertussis-dashboard/,month,Monthly surveillance,157.62085329364976,20.31124167506934,0.010000000000000002,977.044423981176,ARIMA + Fourier,2024-05-01,2024-12-01,2024-12-01,Balanced,FALSE
NZ,New Zealand,2025-06-01,2025,6,NA,189,https://www.esr.cri.nz/digital-library/pertussis-dashboard/,month,Monthly surveillance,156.28890737904848,21.437718907442786,0.010000000000000002,942.6215286437935,ARIMA + Fourier,2024-05-01,2024-12-01,2024-12-01,Balanced,FALSE
NZ,New Zealand,2025-07-01,2025,7,NA,141,https://www.esr.cri.nz/digital-library/pertussis-dashboard/,month,Monthly surveillance,161.3087881900661,23.220598494734883,0.010000000000000002,1000.0247796518572,ARIMA + Fourier,2024-05-01,2024-12-01,2024-12-01,Balanced,FALSE
NZ,New Zealand,2025-08-01,2025,8,NA,188,https://www.esr.cri.nz/digital-library/pertussis-dashboard/,month,Monthly surveillance,172.4102143735646,26.950905094797058,0.010000000000000002,1085.7669194988407,ARIMA + Fourier,2024-05-01,2024-12-01,2024-12-01,Balanced,FALSE
NZ,New Zealand,2025-09-01,2025,9,NA,156,https://www.esr.cri.nz/digital-library/pertussis-dashboard/,month,Monthly surveillance,187.71802261743554,36.35713146552165,0.010000000000000002,1130.3753985366134,ARIMA + Fourier,2024-05-01,2024-12-01,2024-12-01,Balanced,FALSE
NZ,New Zealand,2025-10-01,2025,10,NA,205,https://www.esr.cri.nz/digital-library/pertussis-dashboard/,month,Monthly surveillance,203.79831220783177,47.17806528940859,0.010000000000000002,1185.4190253986678,ARIMA + Fourier,2024-05-01,2024-12-01,2024-12-01,Balanced,FALSE
NZ,New Zealand,2025-11-01,2025,11,NA,197,https://www.esr.cri.nz/digital-library/pertussis-dashboard/,month,Monthly surveillance,216.97922437250526,54.48272837565108,0.010000000000000002,1240.9094028061793,ARIMA + Fourier,2024-05-01,2024-12-01,2024-12-01,Balanced,FALSE
NZ,New Zealand,2025-12-01,2025,12,NA,259,https://www.esr.cri.nz/digital-library/pertussis-dashboard/,month,Monthly surveillance,223.0395991189451,56.897422543236715,0.010000000000000002,1259.7193109038933,ARIMA + Fourier,2024-05-01,2024-12-01,2024-12-01,Balanced,FALSE
SE,Sweden,2020-01-01,2020,1,NA,62,https://www.folkhalsomyndigheten.se/folkhalsorapportering-statistik/statistik-a-o/sjukdomsstatistik/kikhosta/?tab=tab-region&year%5B%5D=2024&rid%5B%5D=112229,month,Monthly surveillance,69.33070527942412,67.40273431132812,43.03761704485187,120.16016772044453,ARIMA + Fourier,2024-03-01,NA,2025-12-01,RP achieved without BP,FALSE
SE,Sweden,2020-02-01,2020,2,NA,66,https://www.folkhalsomyndigheten.se/folkhalsorapportering-statistik/statistik-a-o/sjukdomsstatistik/kikhosta/?tab=tab-region&year%5B%5D=2024&rid%5B%5D=112229,month,Monthly surveillance,56.598957520487524,54.30947434680738,28.544841616198198,104.99204290070548,ARIMA + Fourier,2024-03-01,NA,2025-12-01,RP achieved without BP,FALSE
SE,Sweden,2020-03-01,2020,3,NA,76,https://www.folkhalsomyndigheten.se/folkhalsorapportering-statistik/statistik-a-o/sjukdomsstatistik/kikhosta/?tab=tab-region&year%5B%5D=2024&rid%5B%5D=112229,month,Monthly surveillance,46.50782249704849,44.2286246779268,21.24818230984941,87.08212866257902,ARIMA + Fourier,2024-03-01,NA,2025-12-01,RP achieved without BP,FALSE
SE,Sweden,2020-04-01,2020,4,NA,37,https://www.folkhalsomyndigheten.se/folkhalsorapportering-statistik/statistik-a-o/sjukdomsstatistik/kikhosta/?tab=tab-region&year%5B%5D=2024&rid%5B%5D=112229,month,Monthly surveillance,41.043916632476154,38.70585372923899,17.067905155177602,83.56770471834517,ARIMA + Fourier,2024-03-01,NA,2025-12-01,RP achieved without BP,FALSE
SE,Sweden,2020-05-01,2020,5,NA,13,https://www.folkhalsomyndigheten.se/folkhalsorapportering-statistik/statistik-a-o/sjukdomsstatistik/kikhosta/?tab=tab-region&year%5B%5D=2024&rid%5B%5D=112229,month,Monthly surveillance,41.19904742862604,38.94136222037407,15.401288702909238,81.28616901312388,ARIMA + Fourier,2024-03-01,NA,2025-12-01,RP achieved without BP,FALSE
SE,Sweden,2020-06-01,2020,6,NA,3,https://www.folkhalsomyndigheten.se/folkhalsorapportering-statistik/statistik-a-o/sjukdomsstatistik/kikhosta/?tab=tab-region&year%5B%5D=2024&rid%5B%5D=112229,month,Monthly surveillance,45.79491525535375,43.545619756761425,18.258019218321255,89.14024838369663,ARIMA + Fourier,2024-03-01,NA,2025-12-01,RP achieved without BP,FALSE
SE,Sweden,2020-07-01,2020,7,NA,5,https://www.folkhalsomyndigheten.se/folkhalsorapportering-statistik/statistik-a-o/sjukdomsstatistik/kikhosta/?tab=tab-region&year%5B%5D=2024&rid%5B%5D=112229,month,Monthly surveillance,54.75762876944589,52.386616822311495,24.456874604671484,102.7751340336268,ARIMA + Fourier,2024-03-01,NA,2025-12-01,RP achieved without BP,FALSE
SE,Sweden,2020-08-01,2020,8,NA,3,https://www.folkhalsomyndigheten.se/folkhalsorapportering-statistik/statistik-a-o/sjukdomsstatistik/kikhosta/?tab=tab-region&year%5B%5D=2024&rid%5B%5D=112229,month,Monthly surveillance,66.83980655895893,64.56583341436581,31.88428354393746,120.10505468129458,ARIMA + Fourier,2024-03-01,NA,2025-12-01,RP achieved without BP,FALSE
SE,Sweden,2020-09-01,2020,9,NA,2,https://www.folkhalsomyndigheten.se/folkhalsorapportering-statistik/statistik-a-o/sjukdomsstatistik/kikhosta/?tab=tab-region&year%5B%5D=2024&rid%5B%5D=112229,month,Monthly surveillance,77.61302629377428,75.31716488777877,38.55743877835273,131.9097535028462,ARIMA + Fourier,2024-03-01,NA,2025-12-01,RP achieved without BP,FALSE
SE,Sweden,2020-10-01,2020,10,NA,1,https://www.folkhalsomyndigheten.se/folkhalsorapportering-statistik/statistik-a-o/sjukdomsstatistik/kikhosta/?tab=tab-region&year%5B%5D=2024&rid%5B%5D=112229,month,Monthly surveillance,84.27139940414874,81.73586453012962,45.2512909524074,138.6649887365751,ARIMA + Fourier,2024-03-01,NA,2025-12-01,RP achieved without BP,FALSE
SE,Sweden,2020-11-01,2020,11,NA,0,https://www.folkhalsomyndigheten.se/folkhalsorapportering-statistik/statistik-a-o/sjukdomsstatistik/kikhosta/?tab=tab-region&year%5B%5D=2024&rid%5B%5D=112229,month,Monthly surveillance,84.14879364004385,81.27740471113822,44.90065864217827,142.9970407164364,ARIMA + Fourier,2024-03-01,NA,2025-12-01,RP achieved without BP,FALSE
SE,Sweden,2020-12-01,2020,12,NA,1,https://www.folkhalsomyndigheten.se/folkhalsorapportering-statistik/statistik-a-o/sjukdomsstatistik/kikhosta/?tab=tab-region&year%5B%5D=2024&rid%5B%5D=112229,month,Monthly surveillance,77.34269135447418,75.36088975753412,41.01117196685582,132.8574654833842,ARIMA + Fourier,2024-03-01,NA,2025-12-01,RP achieved without BP,FALSE
SE,Sweden,2021-01-01,2021,1,NA,0,https://www.folkhalsomyndigheten.se/folkhalsorapportering-statistik/statistik-a-o/sjukdomsstatistik/kikhosta/?tab=tab-region&year%5B%5D=2024&rid%5B%5D=112229,month,Monthly surveillance,66.44398157324868,64.40959032521693,32.18647330202545,117.17164120515362,ARIMA + Fourier,2024-03-01,NA,2025-12-01,RP achieved without BP,FALSE
SE,Sweden,2021-02-01,2021,2,NA,1,https://www.folkhalsomyndigheten.se/folkhalsorapportering-statistik/statistik-a-o/sjukdomsstatistik/kikhosta/?tab=tab-region&year%5B%5D=2024&rid%5B%5D=112229,month,Monthly surveillance,54.849024138680264,52.64753512166238,23.269099301811778,103.01014819190667,ARIMA + Fourier,2024-03-01,NA,2025-12-01,RP achieved without BP,FALSE
SE,Sweden,2021-03-01,2021,3,NA,0,https://www.folkhalsomyndigheten.se/folkhalsorapportering-statistik/statistik-a-o/sjukdomsstatistik/kikhosta/?tab=tab-region&year%5B%5D=2024&rid%5B%5D=112229,month,Monthly surveillance,45.069342350657024,42.896282965091046,18.22200379379432,88.2172338781066,ARIMA + Fourier,2024-03-01,NA,2025-12-01,RP achieved without BP,FALSE
SE,Sweden,2021-04-01,2021,4,NA,1,https://www.folkhalsomyndigheten.se/folkhalsorapportering-statistik/statistik-a-o/sjukdomsstatistik/kikhosta/?tab=tab-region&year%5B%5D=2024&rid%5B%5D=112229,month,Monthly surveillance,39.928775045011754,38.047877435437506,14.40825343865287,80.51781751498456,ARIMA + Fourier,2024-03-01,NA,2025-12-01,RP achieved without BP,FALSE
SE,Sweden,2021-05-01,2021,5,NA,1,https://www.folkhalsomyndigheten.se/folkhalsorapportering-statistik/statistik-a-o/sjukdomsstatistik/kikhosta/?tab=tab-region&year%5B%5D=2024&rid%5B%5D=112229,month,Monthly surveillance,40.30743335447549,37.89141733684881,14.226726174491576,80.94413498643134,ARIMA + Fourier,2024-03-01,NA,2025-12-01,RP achieved without BP,FALSE
SE,Sweden,2021-06-01,2021,6,NA,3,https://www.folkhalsomyndigheten.se/folkhalsorapportering-statistik/statistik-a-o/sjukdomsstatistik/kikhosta/?tab=tab-region&year%5B%5D=2024&rid%5B%5D=112229,month,Monthly surveillance,44.72220840408091,42.70212446243972,17.968871049717837,87.78046557798511,ARIMA + Fourier,2024-03-01,NA,2025-12-01,RP achieved without BP,FALSE
SE,Sweden,2021-07-01,2021,7,NA,1,https://www.folkhalsomyndigheten.se/folkhalsorapportering-statistik/statistik-a-o/sjukdomsstatistik/kikhosta/?tab=tab-region&year%5B%5D=2024&rid%5B%5D=112229,month,Monthly surveillance,54.38458243672605,51.69417277344334,23.36936759121771,105.18247272579595,ARIMA + Fourier,2024-03-01,NA,2025-12-01,RP achieved without BP,FALSE
SE,Sweden,2021-08-01,2021,8,NA,1,https://www.folkhalsomyndigheten.se/folkhalsorapportering-statistik/statistik-a-o/sjukdomsstatistik/kikhosta/?tab=tab-region&year%5B%5D=2024&rid%5B%5D=112229,month,Monthly surveillance,66.20674162640789,63.6663420508613,32.164192109440805,118.41876157073597,ARIMA + Fourier,2024-03-01,NA,2025-12-01,RP achieved without BP,FALSE
SE,Sweden,2021-09-01,2021,9,NA,0,https://www.folkhalsomyndigheten.se/folkhalsorapportering-statistik/statistik-a-o/sjukdomsstatistik/kikhosta/?tab=tab-region&year%5B%5D=2024&rid%5B%5D=112229,month,Monthly surveillance,77.99007993584014,75.01861117151971,39.890416363582574,136.40919919841494,ARIMA + Fourier,2024-03-01,NA,2025-12-01,RP achieved without BP,FALSE
SE,Sweden,2021-10-01,2021,10,NA,0,https://www.folkhalsomyndigheten.se/folkhalsorapportering-statistik/statistik-a-o/sjukdomsstatistik/kikhosta/?tab=tab-region&year%5B%5D=2024&rid%5B%5D=112229,month,Monthly surveillance,84.66984921305207,82.12074637817389,45.80371232181502,142.08286878391712,ARIMA + Fourier,2024-03-01,NA,2025-12-01,RP achieved without BP,FALSE
SE,Sweden,2021-11-01,2021,11,NA,1,https://www.folkhalsomyndigheten.se/folkhalsorapportering-statistik/statistik-a-o/sjukdomsstatistik/kikhosta/?tab=tab-region&year%5B%5D=2024&rid%5B%5D=112229,month,Monthly surveillance,84.7048548991043,81.85220458997014,46.0727986988986,143.064047348649,ARIMA + Fourier,2024-03-01,NA,2025-12-01,RP achieved without BP,FALSE
SE,Sweden,2021-12-01,2021,12,NA,2,https://www.folkhalsomyndigheten.se/folkhalsorapportering-statistik/statistik-a-o/sjukdomsstatistik/kikhosta/?tab=tab-region&year%5B%5D=2024&rid%5B%5D=112229,month,Monthly surveillance,77.72300242230364,74.57021726195035,40.80183564827574,134.2189668235442,ARIMA + Fourier,2024-03-01,NA,2025-12-01,RP achieved without BP,FALSE
SE,Sweden,2022-01-01,2022,1,NA,0,https://www.folkhalsomyndigheten.se/folkhalsorapportering-statistik/statistik-a-o/sjukdomsstatistik/kikhosta/?tab=tab-region&year%5B%5D=2024&rid%5B%5D=112229,month,Monthly surveillance,66.5624190223582,63.87139013987681,31.225025776972192,118.45284138399137,ARIMA + Fourier,2024-03-01,NA,2025-12-01,RP achieved without BP,FALSE
SE,Sweden,2022-02-01,2022,2,NA,0,https://www.folkhalsomyndigheten.se/folkhalsorapportering-statistik/statistik-a-o/sjukdomsstatistik/kikhosta/?tab=tab-region&year%5B%5D=2024&rid%5B%5D=112229,month,Monthly surveillance,53.8532988790366,51.70518032977445,23.58255046923076,100.22237304170724,ARIMA + Fourier,2024-03-01,NA,2025-12-01,RP achieved without BP,FALSE
SE,Sweden,2022-03-01,2022,3,NA,0,https://www.folkhalsomyndigheten.se/folkhalsorapportering-statistik/statistik-a-o/sjukdomsstatistik/kikhosta/?tab=tab-region&year%5B%5D=2024&rid%5B%5D=112229,month,Monthly surveillance,44.70293601371358,42.649250895144824,17.32083567046425,89.59576486107659,ARIMA + Fourier,2024-03-01,NA,2025-12-01,RP achieved without BP,FALSE
SE,Sweden,2022-04-01,2022,4,NA,0,https://www.folkhalsomyndigheten.se/folkhalsorapportering-statistik/statistik-a-o/sjukdomsstatistik/kikhosta/?tab=tab-region&year%5B%5D=2024&rid%5B%5D=112229,month,Monthly surveillance,39.90617610604427,36.93988912808551,13.92332657794766,83.7975831808758,ARIMA + Fourier,2024-03-01,NA,2025-12-01,RP achieved without BP,FALSE
SE,Sweden,2022-05-01,2022,5,NA,2,https://www.folkhalsomyndigheten.se/folkhalsorapportering-statistik/statistik-a-o/sjukdomsstatistik/kikhosta/?tab=tab-region&year%5B%5D=2024&rid%5B%5D=112229,month,Monthly surveillance,39.954146414648775,37.582242618894654,14.763570233897232,80.31794847558166,ARIMA + Fourier,2024-03-01,NA,2025-12-01,RP achieved without BP,FALSE
SE,Sweden,2022-06-01,2022,6,NA,0,https://www.folkhalsomyndigheten.se/folkhalsorapportering-statistik/statistik-a-o/sjukdomsstatistik/kikhosta/?tab=tab-region&year%5B%5D=2024&rid%5B%5D=112229,month,Monthly surveillance,44.51855705616572,41.590043901396186,17.604321368372812,87.80129634381062,ARIMA + Fourier,2024-03-01,NA,2025-12-01,RP achieved without BP,FALSE
SE,Sweden,2022-07-01,2022,7,NA,0,https://www.folkhalsomyndigheten.se/folkhalsorapportering-statistik/statistik-a-o/sjukdomsstatistik/kikhosta/?tab=tab-region&year%5B%5D=2024&rid%5B%5D=112229,month,Monthly surveillance,53.63318325766233,51.18060901167391,23.78903812633633,100.77094499669353,ARIMA + Fourier,2024-03-01,NA,2025-12-01,RP achieved without BP,FALSE
SE,Sweden,2022-08-01,2022,8,NA,0,https://www.folkhalsomyndigheten.se/folkhalsorapportering-statistik/statistik-a-o/sjukdomsstatistik/kikhosta/?tab=tab-region&year%5B%5D=2024&rid%5B%5D=112229,month,Monthly surveillance,65.19807762305098,62.58409237149276,30.940200967627813,113.78240512225008,ARIMA + Fourier,2024-03-01,NA,2025-12-01,RP achieved without BP,FALSE
SE,Sweden,2022-09-01,2022,9,NA,8,https://www.folkhalsomyndigheten.se/folkhalsorapportering-statistik/statistik-a-o/sjukdomsstatistik/kikhosta/?tab=tab-region&year%5B%5D=2024&rid%5B%5D=112229,month,Monthly surveillance,76.26142840789568,73.53205070443863,39.88527590355382,130.6368522231303,ARIMA + Fourier,2024-03-01,NA,2025-12-01,RP achieved without BP,FALSE
SE,Sweden,2022-10-01,2022,10,NA,1,https://www.folkhalsomyndigheten.se/folkhalsorapportering-statistik/statistik-a-o/sjukdomsstatistik/kikhosta/?tab=tab-region&year%5B%5D=2024&rid%5B%5D=112229,month,Monthly surveillance,82.99284485450339,80.4487928130302,43.96239399616506,138.54874636528805,ARIMA + Fourier,2024-03-01,NA,2025-12-01,RP achieved without BP,FALSE
SE,Sweden,2022-11-01,2022,11,NA,0,https://www.folkhalsomyndigheten.se/folkhalsorapportering-statistik/statistik-a-o/sjukdomsstatistik/kikhosta/?tab=tab-region&year%5B%5D=2024&rid%5B%5D=112229,month,Monthly surveillance,83.2894378304261,80.63787128339273,45.07379411787531,141.63691510099426,ARIMA + Fourier,2024-03-01,NA,2025-12-01,RP achieved without BP,FALSE
SE,Sweden,2022-12-01,2022,12,NA,2,https://www.folkhalsomyndigheten.se/folkhalsorapportering-statistik/statistik-a-o/sjukdomsstatistik/kikhosta/?tab=tab-region&year%5B%5D=2024&rid%5B%5D=112229,month,Monthly surveillance,76.23069903276543,73.14928305925676,38.961948738547655,131.6810226405199,ARIMA + Fourier,2024-03-01,NA,2025-12-01,RP achieved without BP,FALSE
SE,Sweden,2023-01-01,2023,1,NA,0,https://www.folkhalsomyndigheten.se/folkhalsorapportering-statistik/statistik-a-o/sjukdomsstatistik/kikhosta/?tab=tab-region&year%5B%5D=2024&rid%5B%5D=112229,month,Monthly surveillance,64.92515318029464,62.359755311750995,30.755576619936377,117.11027651202681,ARIMA + Fourier,2024-03-01,NA,2025-12-01,RP achieved without BP,FALSE
SE,Sweden,2023-02-01,2023,2,NA,2,https://www.folkhalsomyndigheten.se/folkhalsorapportering-statistik/statistik-a-o/sjukdomsstatistik/kikhosta/?tab=tab-region&year%5B%5D=2024&rid%5B%5D=112229,month,Monthly surveillance,53.72344196427904,51.15974191028457,23.64280190929153,101.67965738387053,ARIMA + Fourier,2024-03-01,NA,2025-12-01,RP achieved without BP,FALSE
SE,Sweden,2023-03-01,2023,3,NA,1,https://www.folkhalsomyndigheten.se/folkhalsorapportering-statistik/statistik-a-o/sjukdomsstatistik/kikhosta/?tab=tab-region&year%5B%5D=2024&rid%5B%5D=112229,month,Monthly surveillance,44.79669968796738,42.42265730555549,17.17971177966775,88.77884855788366,ARIMA + Fourier,2024-03-01,NA,2025-12-01,RP achieved without BP,FALSE
SE,Sweden,2023-04-01,2023,4,NA,0,https://www.folkhalsomyndigheten.se/folkhalsorapportering-statistik/statistik-a-o/sjukdomsstatistik/kikhosta/?tab=tab-region&year%5B%5D=2024&rid%5B%5D=112229,month,Monthly surveillance,39.586108215524405,37.37691436806607,14.511954852269161,80.80265805856426,ARIMA + Fourier,2024-03-01,NA,2025-12-01,RP achieved without BP,FALSE
SE,Sweden,2023-05-01,2023,5,NA,3,https://www.folkhalsomyndigheten.se/folkhalsorapportering-statistik/statistik-a-o/sjukdomsstatistik/kikhosta/?tab=tab-region&year%5B%5D=2024&rid%5B%5D=112229,month,Monthly surveillance,39.56549668639768,36.94906927906038,14.818166788050055,80.18370206714303,ARIMA + Fourier,2024-03-01,NA,2025-12-01,RP achieved without BP,FALSE
SE,Sweden,2023-06-01,2023,6,NA,8,https://www.folkhalsomyndigheten.se/folkhalsorapportering-statistik/statistik-a-o/sjukdomsstatistik/kikhosta/?tab=tab-region&year%5B%5D=2024&rid%5B%5D=112229,month,Monthly surveillance,45.265843818099384,42.630292364425074,17.578631733511276,90.1177699451693,ARIMA + Fourier,2024-03-01,NA,2025-12-01,RP achieved without BP,FALSE
SE,Sweden,2023-07-01,2023,7,NA,6,https://www.folkhalsomyndigheten.se/folkhalsorapportering-statistik/statistik-a-o/sjukdomsstatistik/kikhosta/?tab=tab-region&year%5B%5D=2024&rid%5B%5D=112229,month,Monthly surveillance,54.29491877312883,51.359268155137144,24.554817660677877,101.13187856796002,ARIMA + Fourier,2024-03-01,NA,2025-12-01,RP achieved without BP,FALSE
SE,Sweden,2023-08-01,2023,8,NA,10,https://www.folkhalsomyndigheten.se/folkhalsorapportering-statistik/statistik-a-o/sjukdomsstatistik/kikhosta/?tab=tab-region&year%5B%5D=2024&rid%5B%5D=112229,month,Monthly surveillance,65.81889184993899,63.06994329175414,31.865360688464822,114.98240905483254,ARIMA + Fourier,2024-03-01,NA,2025-12-01,RP achieved without BP,FALSE
SE,Sweden,2023-09-01,2023,9,NA,18,https://www.folkhalsomyndigheten.se/folkhalsorapportering-statistik/statistik-a-o/sjukdomsstatistik/kikhosta/?tab=tab-region&year%5B%5D=2024&rid%5B%5D=112229,month,Monthly surveillance,77.0576119112108,74.74120142356429,40.73337376399715,132.31670317321763,ARIMA + Fourier,2024-03-01,NA,2025-12-01,RP achieved without BP,FALSE
SE,Sweden,2023-10-01,2023,10,NA,43,https://www.folkhalsomyndigheten.se/folkhalsorapportering-statistik/statistik-a-o/sjukdomsstatistik/kikhosta/?tab=tab-region&year%5B%5D=2024&rid%5B%5D=112229,month,Monthly surveillance,84.41550222322293,81.54302181921022,45.66052977223027,142.0086577842005,ARIMA + Fourier,2024-03-01,NA,2025-12-01,RP achieved without BP,FALSE
SE,Sweden,2023-11-01,2023,11,NA,25,https://www.folkhalsomyndigheten.se/folkhalsorapportering-statistik/statistik-a-o/sjukdomsstatistik/kikhosta/?tab=tab-region&year%5B%5D=2024&rid%5B%5D=112229,month,Monthly surveillance,84.05765113008206,81.41100707673203,45.28669459792482,142.7617026099152,ARIMA + Fourier,2024-03-01,NA,2025-12-01,RP achieved without BP,FALSE
SE,Sweden,2023-12-01,2023,12,NA,21,https://www.folkhalsomyndigheten.se/folkhalsorapportering-statistik/statistik-a-o/sjukdomsstatistik/kikhosta/?tab=tab-region&year%5B%5D=2024&rid%5B%5D=112229,month,Monthly surveillance,77.40174584695598,75.0243026846822,40.02012731042368,130.9748861000635,ARIMA + Fourier,2024-03-01,NA,2025-12-01,RP achieved without BP,FALSE
SE,Sweden,2024-01-01,2024,1,NA,26,https://www.folkhalsomyndigheten.se/folkhalsorapportering-statistik/statistik-a-o/sjukdomsstatistik/kikhosta/?tab=tab-region&year%5B%5D=2024&rid%5B%5D=112229,month,Monthly surveillance,66.72377532311891,63.62226387699987,32.69895735973073,123.13274919280104,ARIMA + Fourier,2024-03-01,NA,2025-12-01,RP achieved without BP,FALSE
SE,Sweden,2024-02-01,2024,2,NA,28,https://www.folkhalsomyndigheten.se/folkhalsorapportering-statistik/statistik-a-o/sjukdomsstatistik/kikhosta/?tab=tab-region&year%5B%5D=2024&rid%5B%5D=112229,month,Monthly surveillance,54.100680110708154,52.192908342016096,22.867711497751845,99.41636797027752,ARIMA + Fourier,2024-03-01,NA,2025-12-01,RP achieved without BP,FALSE
SE,Sweden,2024-03-01,2024,3,NA,46,https://www.folkhalsomyndigheten.se/folkhalsorapportering-statistik/statistik-a-o/sjukdomsstatistik/kikhosta/?tab=tab-region&year%5B%5D=2024&rid%5B%5D=112229,month,Monthly surveillance,45.30612080929395,42.762662032473564,17.91083622258462,89.00600687501526,ARIMA + Fourier,2024-03-01,NA,2025-12-01,RP achieved without BP,TRUE
SE,Sweden,2024-04-01,2024,4,NA,68,https://www.folkhalsomyndigheten.se/folkhalsorapportering-statistik/statistik-a-o/sjukdomsstatistik/kikhosta/?tab=tab-region&year%5B%5D=2024&rid%5B%5D=112229,month,Monthly surveillance,39.808205255457054,37.17754560183087,13.954969002540208,80.54041708898836,ARIMA + Fourier,2024-03-01,NA,2025-12-01,RP achieved without BP,TRUE
SE,Sweden,2024-05-01,2024,5,NA,100,https://www.folkhalsomyndigheten.se/folkhalsorapportering-statistik/statistik-a-o/sjukdomsstatistik/kikhosta/?tab=tab-region&year%5B%5D=2024&rid%5B%5D=112229,month,Monthly surveillance,39.63385763835008,37.699011936860714,14.668033094881281,80.75855176501541,ARIMA + Fourier,2024-03-01,NA,2025-12-01,RP achieved without BP,TRUE
SE,Sweden,2024-06-01,2024,6,NA,177,https://www.folkhalsomyndigheten.se/folkhalsorapportering-statistik/statistik-a-o/sjukdomsstatistik/kikhosta/?tab=tab-region&year%5B%5D=2024&rid%5B%5D=112229,month,Monthly surveillance,44.41793318993698,42.42328837368109,18.01726943800716,85.33760418504399,ARIMA + Fourier,2024-03-01,NA,2025-12-01,RP achieved without BP,TRUE
SE,Sweden,2024-07-01,2024,7,NA,292,https://www.folkhalsomyndigheten.se/folkhalsorapportering-statistik/statistik-a-o/sjukdomsstatistik/kikhosta/?tab=tab-region&year%5B%5D=2024&rid%5B%5D=112229,month,Monthly surveillance,54.25314447516425,51.30609256097127,23.96477079368028,102.47271456616905,ARIMA + Fourier,2024-03-01,NA,2025-12-01,RP achieved without BP,TRUE
SE,Sweden,2024-08-01,2024,8,NA,495,https://www.folkhalsomyndigheten.se/folkhalsorapportering-statistik/statistik-a-o/sjukdomsstatistik/kikhosta/?tab=tab-region&year%5B%5D=2024&rid%5B%5D=112229,month,Monthly surveillance,65.55732845099152,63.41294682768987,30.657134778595434,116.98055958519497,ARIMA + Fourier,2024-03-01,NA,2025-12-01,RP achieved without BP,TRUE
SE,Sweden,2024-09-01,2024,9,NA,415,https://www.folkhalsomyndigheten.se/folkhalsorapportering-statistik/statistik-a-o/sjukdomsstatistik/kikhosta/?tab=tab-region&year%5B%5D=2024&rid%5B%5D=112229,month,Monthly surveillance,77.49789639898134,75.23478107410664,39.871028591004155,132.9641329932765,ARIMA + Fourier,2024-03-01,NA,2025-12-01,RP achieved without BP,TRUE
SE,Sweden,2024-10-01,2024,10,NA,344,https://www.folkhalsomyndigheten.se/folkhalsorapportering-statistik/statistik-a-o/sjukdomsstatistik/kikhosta/?tab=tab-region&year%5B%5D=2024&rid%5B%5D=112229,month,Monthly surveillance,83.75708452320015,80.75059615325637,45.02125267121689,137.21433459731662,ARIMA + Fourier,2024-03-01,NA,2025-12-01,RP achieved without BP,TRUE
SE,Sweden,2024-11-01,2024,11,NA,324,https://www.folkhalsomyndigheten.se/folkhalsorapportering-statistik/statistik-a-o/sjukdomsstatistik/kikhosta/?tab=tab-region&year%5B%5D=2024&rid%5B%5D=112229,month,Monthly surveillance,84.77702938320955,83.0179265418693,44.43615733582358,141.86358985918673,ARIMA + Fourier,2024-03-01,NA,2025-12-01,RP achieved without BP,TRUE
SE,Sweden,2024-12-01,2024,12,NA,230,https://www.folkhalsomyndigheten.se/folkhalsorapportering-statistik/statistik-a-o/sjukdomsstatistik/kikhosta/?tab=tab-region&year%5B%5D=2024&rid%5B%5D=112229,month,Monthly surveillance,77.06461555564213,74.91487635514899,39.00340479917618,132.4499268939343,ARIMA + Fourier,2024-03-01,NA,2025-12-01,RP achieved without BP,TRUE
SE,Sweden,2025-01-01,2025,1,NA,166,https://www.folkhalsomyndigheten.se/folkhalsorapportering-statistik/statistik-a-o/sjukdomsstatistik/kikhosta/?tab=tab-region&year%5B%5D=2025&rid%5B%5D=112229&scope%5B%5D=all,month,Monthly surveillance,66.16667782021547,62.66672432064898,32.58023583560951,118.8004469124989,ARIMA + Fourier,2024-03-01,NA,2025-12-01,RP achieved without BP,TRUE
SE,Sweden,2025-02-01,2025,2,NA,98,https://www.folkhalsomyndigheten.se/folkhalsorapportering-statistik/statistik-a-o/sjukdomsstatistik/kikhosta/?tab=tab-region&year%5B%5D=2025&rid%5B%5D=112229&scope%5B%5D=all,month,Monthly surveillance,54.22912301635905,51.94284731891031,24.022526784346923,103.80465248759172,ARIMA + Fourier,2024-03-01,NA,2025-12-01,RP achieved without BP,TRUE
SE,Sweden,2025-03-01,2025,3,NA,74,https://www.folkhalsomyndigheten.se/folkhalsorapportering-statistik/statistik-a-o/sjukdomsstatistik/kikhosta/?tab=tab-region&year%5B%5D=2025&rid%5B%5D=112229&scope%5B%5D=all,month,Monthly surveillance,44.284039250552425,42.06834480233819,17.416304601140425,84.24066038132577,ARIMA + Fourier,2024-03-01,NA,2025-12-01,RP achieved without BP,TRUE
SE,Sweden,2025-04-01,2025,4,NA,43,https://www.folkhalsomyndigheten.se/folkhalsorapportering-statistik/statistik-a-o/sjukdomsstatistik/kikhosta/?tab=tab-region&year%5B%5D=2025&rid%5B%5D=112229&scope%5B%5D=all,month,Monthly surveillance,39.97422346668223,37.418475336103995,14.68472567724964,83.1868809182436,ARIMA + Fourier,2024-03-01,NA,2025-12-01,RP achieved without BP,TRUE
SE,Sweden,2025-05-01,2025,5,NA,36,https://www.folkhalsomyndigheten.se/folkhalsorapportering-statistik/statistik-a-o/sjukdomsstatistik/kikhosta/?tab=tab-region&year%5B%5D=2025&rid%5B%5D=112229&scope%5B%5D=all,month,Monthly surveillance,39.90166506781455,37.57106389954845,14.632228107038593,81.32779320281205,ARIMA + Fourier,2024-03-01,NA,2025-12-01,RP achieved without BP,TRUE
SE,Sweden,2025-06-01,2025,6,NA,34,https://www.folkhalsomyndigheten.se/folkhalsorapportering-statistik/statistik-a-o/sjukdomsstatistik/kikhosta/?tab=tab-region&year%5B%5D=2025&rid%5B%5D=112229&scope%5B%5D=all,month,Monthly surveillance,45.10508806590404,43.08084398142508,17.582383488457197,91.0773577494657,ARIMA + Fourier,2024-03-01,NA,2025-12-01,RP achieved without BP,TRUE
SE,Sweden,2025-07-01,2025,7,NA,55,https://www.folkhalsomyndigheten.se/folkhalsorapportering-statistik/statistik-a-o/sjukdomsstatistik/kikhosta/?tab=tab-region&year%5B%5D=2025&rid%5B%5D=112229&scope%5B%5D=all,month,Monthly surveillance,54.434935017357795,51.39773961137746,23.647568462250263,104.33727616088991,ARIMA + Fourier,2024-03-01,NA,2025-12-01,RP achieved without BP,TRUE
SE,Sweden,2025-08-01,2025,8,NA,79,https://www.folkhalsomyndigheten.se/folkhalsorapportering-statistik/statistik-a-o/sjukdomsstatistik/kikhosta/?tab=tab-region&year%5B%5D=2025&rid%5B%5D=112229&scope%5B%5D=all,month,Monthly surveillance,66.77768751780897,63.626071455128084,32.7221456963073,118.35422101690486,ARIMA + Fourier,2024-03-01,NA,2025-12-01,RP achieved without BP,TRUE
SE,Sweden,2025-09-01,2025,9,NA,45,https://www.folkhalsomyndigheten.se/folkhalsorapportering-statistik/statistik-a-o/sjukdomsstatistik/kikhosta/?tab=tab-region&year%5B%5D=2025&rid%5B%5D=112229&scope%5B%5D=all,month,Monthly surveillance,78.1722890683998,76.17395819053075,39.105008184122994,133.49517433722247,ARIMA + Fourier,2024-03-01,NA,2025-12-01,RP achieved without BP,TRUE
SE,Sweden,2025-10-01,2025,10,NA,47,https://www.folkhalsomyndigheten.se/statistik-och-data/hitta-statistik-och-data/kikhosta-statistik/?year%5B%5D=2026,month,Monthly surveillance,83.93854256517987,81.65025627272782,44.58460759579983,137.70259318120745,ARIMA + Fourier,2024-03-01,NA,2025-12-01,RP achieved without BP,TRUE
SE,Sweden,2025-11-01,2025,11,NA,26,https://www.folkhalsomyndigheten.se/statistik-och-data/hitta-statistik-och-data/kikhosta-statistik/?year%5B%5D=2026,month,Monthly surveillance,83.89339692403763,80.96197371179234,43.80869931899556,140.0462353948823,ARIMA + Fourier,2024-03-01,NA,2025-12-01,RP achieved without BP,TRUE
SE,Sweden,2025-12-01,2025,12,NA,80,https://www.folkhalsomyndigheten.se/statistik-och-data/hitta-statistik-och-data/kikhosta-statistik/?year%5B%5D=2026,month,Monthly surveillance,76.94495148240907,74.74597661798043,39.85543473566987,131.4506495119024,ARIMA + Fourier,2024-03-01,NA,2025-12-01,RP achieved without BP,TRUE
US,United States,2019-12-29,2020,NA,1,74,https://wonder.cdc.gov/nndss/static/2020/01/2020-01-table1z.html,week,Weekly surveillance,115.64032925820634,113.08463000737241,62.849070684546525,184.96521800905097,SARIMA,2024-04-28,NA,2025-12-28,RP achieved without BP,FALSE
US,United States,2020-01-05,2020,NA,2,112,https://wonder.cdc.gov/nndss/static/2020/02/2020-02-table1z.html,week,Weekly surveillance,126.20905783535949,122.9140378086625,70.21070053581742,203.94150554708435,SARIMA,2024-04-28,NA,2025-12-28,RP achieved without BP,FALSE
US,United States,2020-01-12,2020,NA,3,108,https://wonder.cdc.gov/nndss/static/2020/03/2020-03-table1z.html,week,Weekly surveillance,123.05139227279406,120.2972779286568,69.4697947930593,194.71293381175133,SARIMA,2024-04-28,NA,2025-12-28,RP achieved without BP,FALSE
US,United States,2020-01-19,2020,NA,4,109,https://wonder.cdc.gov/nndss/static/2020/04/2020-04-table1z.html,week,Weekly surveillance,123.96308422851845,120.03291536512282,67.41912893213072,202.44492505010717,SARIMA,2024-04-28,NA,2025-12-28,RP achieved without BP,FALSE
US,United States,2020-01-26,2020,NA,5,122,https://wonder.cdc.gov/nndss/static/2020/05/2020-05-table1z.html,week,Weekly surveillance,117.60872876895249,113.93496602643535,58.49006737626497,195.95160461862716,SARIMA,2024-04-28,NA,2025-12-28,RP achieved without BP,FALSE
US,United States,2020-02-02,2020,NA,6,120,https://wonder.cdc.gov/nndss/static/2020/06/2020-06-table1z.html,week,Weekly surveillance,119.60361807735072,115.86126279289866,61.408593716326706,193.77013133590356,SARIMA,2024-04-28,NA,2025-12-28,RP achieved without BP,FALSE
US,United States,2020-02-09,2020,NA,7,93,https://wonder.cdc.gov/nndss/static/2020/07/2020-07-table1z.html,week,Weekly surveillance,118.12339354763921,114.58043626374617,60.706219969027025,200.54491180124373,SARIMA,2024-04-28,NA,2025-12-28,RP achieved without BP,FALSE
US,United States,2020-02-16,2020,NA,8,107,https://wonder.cdc.gov/nndss/static/2020/08/2020-08-table1z.html,week,Weekly surveillance,121.83562055763728,119.38243416424804,62.254412858964784,203.5263010214494,SARIMA,2024-04-28,NA,2025-12-28,RP achieved without BP,FALSE
US,United States,2020-02-23,2020,NA,9,122,https://wonder.cdc.gov/nndss/static/2020/09/2020-09-table1z.html,week,Weekly surveillance,114.93742695168564,110.05348360193538,58.261193514082976,195.7407277760715,SARIMA,2024-04-28,NA,2025-12-28,RP achieved without BP,FALSE
US,United States,2020-03-01,2020,NA,10,98,https://wonder.cdc.gov/nndss/static/2020/10/2020-10-table1z.html,week,Weekly surveillance,119.6748816562425,116.3008405327979,58.50426611806566,198.03204078729604,SARIMA,2024-04-28,NA,2025-12-28,RP achieved without BP,FALSE
US,United States,2020-03-08,2020,NA,11,97,https://wonder.cdc.gov/nndss/static/2020/11/2020-11-table1z.html,week,Weekly surveillance,113.24289989525775,109.80233929889106,53.914682377140515,189.13777852021488,SARIMA,2024-04-28,NA,2025-12-28,RP achieved without BP,FALSE
US,United States,2020-03-15,2020,NA,12,89,https://wonder.cdc.gov/nndss/static/2020/12/2020-12-table1z.html,week,Weekly surveillance,119.8016676281992,116.81051563118184,60.53552185739597,194.46901750778005,SARIMA,2024-04-28,NA,2025-12-28,RP achieved without BP,FALSE
US,United States,2020-03-22,2020,NA,13,70,https://wonder.cdc.gov/nndss/static/2020/13/2020-13-table1z.html,week,Weekly surveillance,115.89673258871774,113.55751176491373,55.8979355473827,195.47594053062784,SARIMA,2024-04-28,NA,2025-12-28,RP achieved without BP,FALSE
US,United States,2020-03-29,2020,NA,14,48,https://wonder.cdc.gov/nndss/static/2020/14/2020-14-table1z.html,week,Weekly surveillance,118.45109468514868,114.66098382371152,57.521425447156894,200.3151621082096,SARIMA,2024-04-28,NA,2025-12-28,RP achieved without BP,FALSE
US,United States,2020-04-05,2020,NA,15,47,https://wonder.cdc.gov/nndss/static/2020/15/2020-15-table1z.html,week,Weekly surveillance,118.36702313465648,114.6804941543891,57.72490276268772,200.6637882347062,SARIMA,2024-04-28,NA,2025-12-28,RP achieved without BP,FALSE
US,United States,2020-04-12,2020,NA,16,52,https://wonder.cdc.gov/nndss/static/2020/16/2020-16-table1z.html,week,Weekly surveillance,116.10400739719316,112.60898977532214,53.745829773455746,204.64509816804733,SARIMA,2024-04-28,NA,2025-12-28,RP achieved without BP,FALSE
US,United States,2020-04-19,2020,NA,17,24,https://wonder.cdc.gov/nndss/static/2020/17/2020-17-table1z.html,week,Weekly surveillance,113.63831378753252,109.60193133939195,53.456541534947974,195.82472775560996,SARIMA,2024-04-28,NA,2025-12-28,RP achieved without BP,FALSE
US,United States,2020-04-26,2020,NA,18,42,https://wonder.cdc.gov/nndss/static/2020/18/2020-18-table1z.html,week,Weekly surveillance,116.62312759477089,112.39806474969097,56.07654347185853,201.27403340286872,SARIMA,2024-04-28,NA,2025-12-28,RP achieved without BP,FALSE
US,United States,2020-05-03,2020,NA,19,21,https://wonder.cdc.gov/nndss/static/2020/19/2020-19-table1z.html,week,Weekly surveillance,115.67428481545859,112.24070535735271,51.931601707048145,201.2244855949885,SARIMA,2024-04-28,NA,2025-12-28,RP achieved without BP,FALSE
US,United States,2020-05-10,2020,NA,20,22,https://wonder.cdc.gov/nndss/static/2020/20/2020-20-table1z.html,week,Weekly surveillance,124.45504163254948,120.91591560199598,59.647338002908604,213.06627835320444,SARIMA,2024-04-28,NA,2025-12-28,RP achieved without BP,FALSE
US,United States,2020-05-17,2020,NA,21,39,https://wonder.cdc.gov/nndss/static/2020/21/2020-21-table1z.html,week,Weekly surveillance,122.61007851651492,119.68292231772935,57.92009320224805,204.152220817047,SARIMA,2024-04-28,NA,2025-12-28,RP achieved without BP,FALSE
US,United States,2020-05-24,2020,NA,22,22,https://wonder.cdc.gov/nndss/static/2020/22/2020-22-table1z.html,week,Weekly surveillance,123.11922480839621,119.98481269035908,61.05434303368644,207.18639119345036,SARIMA,2024-04-28,NA,2025-12-28,RP achieved without BP,FALSE
US,United States,2020-05-31,2020,NA,23,13,https://wonder.cdc.gov/nndss/static/2020/23/2020-23-table1z.html,week,Weekly surveillance,121.91366948829216,119.09474514071584,55.14995844443505,211.47270679402791,SARIMA,2024-04-28,NA,2025-12-28,RP achieved without BP,FALSE
US,United States,2020-06-07,2020,NA,24,10,https://wonder.cdc.gov/nndss/static/2020/24/2020-24-table1z.html,week,Weekly surveillance,125.46475287907379,121.87233564584884,57.98890048999332,212.62869332984306,SARIMA,2024-04-28,NA,2025-12-28,RP achieved without BP,FALSE
US,United States,2020-06-14,2020,NA,25,22,https://wonder.cdc.gov/nndss/static/2020/25/2020-25-table1z.html,week,Weekly surveillance,124.235382231254,121.16429426073243,59.00394981206159,208.82389674333052,SARIMA,2024-04-28,NA,2025-12-28,RP achieved without BP,FALSE
US,United States,2020-06-21,2020,NA,26,5,https://wonder.cdc.gov/nndss/static/2020/26/2020-26-table1z.html,week,Weekly surveillance,120.49989819568437,117.0567811880077,55.72520911543488,205.5881514032609,SARIMA,2024-04-28,NA,2025-12-28,RP achieved without BP,FALSE
US,United States,2020-06-28,2020,NA,27,9,https://wonder.cdc.gov/nndss/static/2020/27/2020-27-table1z.html,week,Weekly surveillance,117.22229473229916,114.10203032762291,52.01253958971124,199.89845038073852,SARIMA,2024-04-28,NA,2025-12-28,RP achieved without BP,FALSE
US,United States,2020-07-05,2020,NA,28,12,https://wonder.cdc.gov/nndss/static/2020/28/2020-28-table1z.html,week,Weekly surveillance,129.21990742274107,125.46354365169455,61.23182937675025,224.06043136269082,SARIMA,2024-04-28,NA,2025-12-28,RP achieved without BP,FALSE
US,United States,2020-07-12,2020,NA,29,8,https://wonder.cdc.gov/nndss/static/2020/29/2020-29-table1z.html,week,Weekly surveillance,123.60161016248016,118.72262081349191,56.57137711998573,214.44031665640244,SARIMA,2024-04-28,NA,2025-12-28,RP achieved without BP,FALSE
US,United States,2020-07-19,2020,NA,30,12,https://wonder.cdc.gov/nndss/static/2020/30/2020-30-table1z.html,week,Weekly surveillance,124.4613976406273,119.62992969628488,59.3475373191599,215.6174612642953,SARIMA,2024-04-28,NA,2025-12-28,RP achieved without BP,FALSE
US,United States,2020-07-26,2020,NA,31,9,https://wonder.cdc.gov/nndss/static/2020/31/2020-31-table1z.html,week,Weekly surveillance,124.71711719114725,121.07663527885423,57.917675547236826,218.02758010349308,SARIMA,2024-04-28,NA,2025-12-28,RP achieved without BP,FALSE
US,United States,2020-08-02,2020,NA,32,12,https://wonder.cdc.gov/nndss/static/2020/32/2020-32-table1z.html,week,Weekly surveillance,123.51473571738764,120.00162782823737,52.62242360939787,215.38650340091746,SARIMA,2024-04-28,NA,2025-12-28,RP achieved without BP,FALSE
US,United States,2020-08-09,2020,NA,33,4,https://wonder.cdc.gov/nndss/static/2020/33/2020-33-table1z.html,week,Weekly surveillance,124.47554340891266,121.25933763954929,55.192854779832345,216.26475870403704,SARIMA,2024-04-28,NA,2025-12-28,RP achieved without BP,FALSE
US,United States,2020-08-16,2020,NA,34,11,https://wonder.cdc.gov/nndss/static/2020/34/2020-34-table1z.html,week,Weekly surveillance,128.96784377611365,125.4205068867187,57.39033111466693,225.54557595759073,SARIMA,2024-04-28,NA,2025-12-28,RP achieved without BP,FALSE
US,United States,2020-08-23,2020,NA,35,3,https://wonder.cdc.gov/nndss/static/2020/35/2020-35-table1z.html,week,Weekly surveillance,120.39126065845984,115.8906187351317,53.147060750565835,220.00529048281408,SARIMA,2024-04-28,NA,2025-12-28,RP achieved without BP,FALSE
US,United States,2020-08-30,2020,NA,36,5,https://wonder.cdc.gov/nndss/static/2020/36/2020-36-table1z.html,week,Weekly surveillance,123.97193903976051,120.20791867179435,52.30890227450807,216.5466508213841,SARIMA,2024-04-28,NA,2025-12-28,RP achieved without BP,FALSE
US,United States,2020-09-06,2020,NA,37,1,https://wonder.cdc.gov/nndss/static/2020/37/2020-37-table1z.html,week,Weekly surveillance,123.15583924309705,119.6037950579585,50.84312483255288,216.46493700476958,SARIMA,2024-04-28,NA,2025-12-28,RP achieved without BP,FALSE
US,United States,2020-09-13,2020,NA,38,11,https://wonder.cdc.gov/nndss/static/2020/38/2020-38-table1z.html,week,Weekly surveillance,120.96193937032022,115.94831243939106,48.62245531087954,216.9159503829314,SARIMA,2024-04-28,NA,2025-12-28,RP achieved without BP,FALSE
US,United States,2020-09-20,2020,NA,39,8,https://wonder.cdc.gov/nndss/static/2020/39/2020-39-table1z.html,week,Weekly surveillance,123.92304326540349,120.07041475825193,52.79733622224443,222.81044189978456,SARIMA,2024-04-28,NA,2025-12-28,RP achieved without BP,FALSE
US,United States,2020-09-27,2020,NA,40,12,https://wonder.cdc.gov/nndss/static/2020/40/2020-40-table1z.html,week,Weekly surveillance,120.29459827534062,116.82029970033865,48.333606487306156,213.10725325219627,SARIMA,2024-04-28,NA,2025-12-28,RP achieved without BP,FALSE
US,United States,2020-10-04,2020,NA,41,8,https://wonder.cdc.gov/nndss/static/2020/41/2020-41-table1z.html,week,Weekly surveillance,117.7605433277797,114.27271687308969,47.846382758489675,204.69552462066883,SARIMA,2024-04-28,NA,2025-12-28,RP achieved without BP,FALSE
US,United States,2020-10-11,2020,NA,42,5,https://wonder.cdc.gov/nndss/static/2020/42/2020-42-table1z.html,week,Weekly surveillance,117.07114361814153,112.9407174361416,47.62866527831289,214.53496601654066,SARIMA,2024-04-28,NA,2025-12-28,RP achieved without BP,FALSE
US,United States,2020-10-18,2020,NA,43,7,https://wonder.cdc.gov/nndss/static/2020/43/2020-43-table1z.html,week,Weekly surveillance,116.73762443177073,111.96783084220749,45.26859520734988,214.00207906552825,SARIMA,2024-04-28,NA,2025-12-28,RP achieved without BP,FALSE
US,United States,2020-10-25,2020,NA,44,5,https://wonder.cdc.gov/nndss/static/2020/44/2020-44-table1z.html,week,Weekly surveillance,124.36352005539341,120.76730184686926,50.257173983909325,215.47087061450387,SARIMA,2024-04-28,NA,2025-12-28,RP achieved without BP,FALSE
US,United States,2020-11-01,2020,NA,45,3,https://wonder.cdc.gov/nndss/static/2020/45/2020-45-table1z.html,week,Weekly surveillance,122.9172128207962,118.23833271440168,47.462093567107246,221.91847337685675,SARIMA,2024-04-28,NA,2025-12-28,RP achieved without BP,FALSE
US,United States,2020-11-08,2020,NA,46,6,https://wonder.cdc.gov/nndss/static/2020/46/2020-46-table1z.html,week,Weekly surveillance,126.80599732635461,122.65192482855427,52.723186871092594,231.29987114363138,SARIMA,2024-04-28,NA,2025-12-28,RP achieved without BP,FALSE
US,United States,2020-11-15,2020,NA,47,12,https://wonder.cdc.gov/nndss/static/2020/47/2020-47-table1z.html,week,Weekly surveillance,130.24289697871524,126.58810767709642,52.831100355817156,240.49735540375457,SARIMA,2024-04-28,NA,2025-12-28,RP achieved without BP,FALSE
US,United States,2020-11-22,2020,NA,48,6,https://wonder.cdc.gov/nndss/static/2020/48/2020-48-table1z.html,week,Weekly surveillance,125.13255025283176,119.80908734378524,50.71373372640679,225.18290677356103,SARIMA,2024-04-28,NA,2025-12-28,RP achieved without BP,FALSE
US,United States,2020-11-29,2020,NA,49,3,https://wonder.cdc.gov/nndss/static/2020/49/2020-49-table1z.html,week,Weekly surveillance,132.3750430619034,128.6304391607518,53.340447829051556,236.78206016950338,SARIMA,2024-04-28,NA,2025-12-28,RP achieved without BP,FALSE
US,United States,2020-12-06,2020,NA,50,8,https://wonder.cdc.gov/nndss/static/2020/50/2020-50-table1z.html,week,Weekly surveillance,133.24062323082563,128.06359349079065,54.05916949441146,242.041560810975,SARIMA,2024-04-28,NA,2025-12-28,RP achieved without BP,FALSE
US,United States,2020-12-13,2020,NA,51,8,https://wonder.cdc.gov/nndss/static/2020/51/2020-51-table1z.html,week,Weekly surveillance,123.2770024983122,119.94964412691081,48.299200985186474,221.7095211746606,SARIMA,2024-04-28,NA,2025-12-28,RP achieved without BP,FALSE
US,United States,2020-12-20,2020,NA,52,7,https://wonder.cdc.gov/nndss/static/2020/52/2020-52-table1z.html,week,Weekly surveillance,131.15464255743981,127.9171710230305,53.70378769370344,228.8985365620709,SARIMA,2024-04-28,NA,2025-12-28,RP achieved without BP,FALSE
US,United States,2020-12-27,2020,NA,53,1,https://wonder.cdc.gov/nndss/static/2020/53/2020-53-table1z.html,week,Weekly surveillance,126.48515868525803,120.83676764250856,47.82573208807469,229.62553461494153,SARIMA,2024-04-28,NA,2025-12-28,RP achieved without BP,FALSE
US,United States,2021-01-03,2021,NA,1,1,https://wonder.cdc.gov/nndss/static/2021/01/2021-01-table1z.html,week,Weekly surveillance,126.8185862835632,120.95098420577244,48.49914127820337,226.16677637990796,SARIMA,2024-04-28,NA,2025-12-28,RP achieved without BP,FALSE
US,United States,2021-01-10,2021,NA,2,2,https://wonder.cdc.gov/nndss/static/2021/02/2021-02-table1z.html,week,Weekly surveillance,127.42387765771043,122.38894981312697,46.7861129803625,230.86252339309337,SARIMA,2024-04-28,NA,2025-12-28,RP achieved without BP,FALSE
US,United States,2021-01-17,2021,NA,3,4,https://wonder.cdc.gov/nndss/static/2021/03/2021-03-table1z.html,week,Weekly surveillance,127.18358610536883,122.97049612472604,46.24977047313025,235.24661631832672,SARIMA,2024-04-28,NA,2025-12-28,RP achieved without BP,FALSE
US,United States,2021-01-24,2021,NA,4,4,https://wonder.cdc.gov/nndss/static/2021/04/2021-04-table1z.html,week,Weekly surveillance,124.78061808695414,121.53015972166182,45.43622511737647,221.96256835059302,SARIMA,2024-04-28,NA,2025-12-28,RP achieved without BP,FALSE
US,United States,2021-01-31,2021,NA,5,3,https://wonder.cdc.gov/nndss/static/2021/05/2021-05-table1z.html,week,Weekly surveillance,126.09585644727241,120.5626053258429,43.94541280832054,234.45951643673666,SARIMA,2024-04-28,NA,2025-12-28,RP achieved without BP,FALSE
US,United States,2021-02-07,2021,NA,6,0,https://wonder.cdc.gov/nndss/static/2021/06/2021-06-table1z.html,week,Weekly surveillance,125.84995246175593,120.0406335313676,44.22187337090566,235.96788838135726,SARIMA,2024-04-28,NA,2025-12-28,RP achieved without BP,FALSE
US,United States,2021-02-14,2021,NA,7,2,https://wonder.cdc.gov/nndss/static/2021/07/2021-07-table1z.html,week,Weekly surveillance,126.1142370773418,122.0730469401969,42.11045239967751,231.04019505385673,SARIMA,2024-04-28,NA,2025-12-28,RP achieved without BP,FALSE
US,United States,2021-02-21,2021,NA,8,9,https://wonder.cdc.gov/nndss/static/2021/08/2021-08-table1z.html,week,Weekly surveillance,125.70596772094862,121.4169132838484,44.3753285895741,231.7136363417076,SARIMA,2024-04-28,NA,2025-12-28,RP achieved without BP,FALSE
US,United States,2021-02-28,2021,NA,9,4,https://wonder.cdc.gov/nndss/static/2021/09/2021-09-table1z.html,week,Weekly surveillance,125.74484155942586,122.00020184783446,43.34699263548248,231.09569080888852,SARIMA,2024-04-28,NA,2025-12-28,RP achieved without BP,FALSE
US,United States,2021-03-07,2021,NA,10,6,https://wonder.cdc.gov/nndss/static/2021/10/2021-10-table1z.html,week,Weekly surveillance,125.52329308508145,121.4486770212823,43.03618811403286,237.6538179736707,SARIMA,2024-04-28,NA,2025-12-28,RP achieved without BP,FALSE
US,United States,2021-03-14,2021,NA,11,2,https://wonder.cdc.gov/nndss/static/2021/11/2021-11-table1z.html,week,Weekly surveillance,126.85094519055886,121.47835998760138,41.388755217983785,243.35338304774953,SARIMA,2024-04-28,NA,2025-12-28,RP achieved without BP,FALSE
US,United States,2021-03-21,2021,NA,12,7,https://wonder.cdc.gov/nndss/static/2021/12/2021-12-table1z.html,week,Weekly surveillance,127.86639674311344,123.15165172198806,42.93408165532671,246.41508762830807,SARIMA,2024-04-28,NA,2025-12-28,RP achieved without BP,FALSE
US,United States,2021-03-28,2021,NA,13,12,https://wonder.cdc.gov/nndss/static/2021/13/2021-13-table1z.html,week,Weekly surveillance,128.37625851817242,123.07661674961794,42.5910160947494,244.49224480397652,SARIMA,2024-04-28,NA,2025-12-28,RP achieved without BP,FALSE
US,United States,2021-04-04,2021,NA,14,3,https://wonder.cdc.gov/nndss/static/2021/14/2021-14-table1z.html,week,Weekly surveillance,128.32985174473328,121.34173526256117,45.37741751845906,244.3607410580909,SARIMA,2024-04-28,NA,2025-12-28,RP achieved without BP,FALSE
US,United States,2021-04-11,2021,NA,15,5,https://wonder.cdc.gov/nndss/static/2021/15/2021-15-table1z.html,week,Weekly surveillance,126.88877862021812,121.73850041940912,44.49583087861135,241.97157409014972,SARIMA,2024-04-28,NA,2025-12-28,RP achieved without BP,FALSE
US,United States,2021-04-18,2021,NA,16,3,https://wonder.cdc.gov/nndss/static/2021/16/2021-16-table1z.html,week,Weekly surveillance,128.21372889919328,122.51209363186044,40.439068733181394,245.44171532665013,SARIMA,2024-04-28,NA,2025-12-28,RP achieved without BP,FALSE
US,United States,2021-04-25,2021,NA,17,10,https://wonder.cdc.gov/nndss/static/2021/17/2021-17-table1z.html,week,Weekly surveillance,127.81055576011786,123.42477196536245,39.14234581258844,243.0215892707925,SARIMA,2024-04-28,NA,2025-12-28,RP achieved without BP,FALSE
US,United States,2021-05-02,2021,NA,18,8,https://wonder.cdc.gov/nndss/static/2021/18/2021-18-table1z.html,week,Weekly surveillance,127.26422701836492,120.94027572350247,39.346257365584314,242.77874079439405,SARIMA,2024-04-28,NA,2025-12-28,RP achieved without BP,FALSE
US,United States,2021-05-09,2021,NA,19,14,https://wonder.cdc.gov/nndss/static/2021/19/2021-19-table1z.html,week,Weekly surveillance,128.385849034555,122.92670519281278,40.93207323858992,244.5712701672516,SARIMA,2024-04-28,NA,2025-12-28,RP achieved without BP,FALSE
US,United States,2021-05-16,2021,NA,20,9,https://wonder.cdc.gov/nndss/static/2021/20/2021-20-table1z.html,week,Weekly surveillance,128.47958386541993,122.4153888160745,41.553891907057526,249.10905791176802,SARIMA,2024-04-28,NA,2025-12-28,RP achieved without BP,FALSE
US,United States,2021-05-23,2021,NA,21,10,https://wonder.cdc.gov/nndss/static/2021/21/2021-21-table1z.html,week,Weekly surveillance,128.761684139387,123.00629945087732,40.62690098376108,241.65175940977238,SARIMA,2024-04-28,NA,2025-12-28,RP achieved without BP,FALSE
US,United States,2021-05-30,2021,NA,22,16,https://wonder.cdc.gov/nndss/static/2021/22/2021-22-table1z.html,week,Weekly surveillance,127.24984211621175,122.00308763950804,41.97658489297264,244.51764672357706,SARIMA,2024-04-28,NA,2025-12-28,RP achieved without BP,FALSE
US,United States,2021-06-06,2021,NA,23,16,https://wonder.cdc.gov/nndss/static/2021/23/2021-23-table1z.html,week,Weekly surveillance,128.32146392330282,124.12693588145308,39.98768826738261,247.41058715228587,SARIMA,2024-04-28,NA,2025-12-28,RP achieved without BP,FALSE
US,United States,2021-06-13,2021,NA,24,11,https://wonder.cdc.gov/nndss/static/2021/24/2021-24-table1z.html,week,Weekly surveillance,129.4344769603539,124.09624551179829,41.057538179863194,247.15903095105537,SARIMA,2024-04-28,NA,2025-12-28,RP achieved without BP,FALSE
US,United States,2021-06-20,2021,NA,25,17,https://wonder.cdc.gov/nndss/static/2021/25/2021-25-table1z.html,week,Weekly surveillance,128.25598909265736,120.59946434903284,39.83633762489141,254.8586189956661,SARIMA,2024-04-28,NA,2025-12-28,RP achieved without BP,FALSE
US,United States,2021-06-27,2021,NA,26,9,https://wonder.cdc.gov/nndss/static/2021/26/2021-26-table1z.html,week,Weekly surveillance,128.36308920134255,122.18536339902802,40.33677102594459,249.92786376821536,SARIMA,2024-04-28,NA,2025-12-28,RP achieved without BP,FALSE
US,United States,2021-07-04,2021,NA,27,8,https://wonder.cdc.gov/nndss/static/2021/27/2021-27-table1z.html,week,Weekly surveillance,129.89708471324613,124.31774478808535,43.04779359735946,258.7052921647015,SARIMA,2024-04-28,NA,2025-12-28,RP achieved without BP,FALSE
US,United States,2021-07-11,2021,NA,28,11,https://wonder.cdc.gov/nndss/static/2021/28/2021-28-table1z.html,week,Weekly surveillance,129.4912705719344,122.96271811524136,38.06436885845166,255.48349647670491,SARIMA,2024-04-28,NA,2025-12-28,RP achieved without BP,FALSE
US,United States,2021-07-18,2021,NA,29,13,https://wonder.cdc.gov/nndss/static/2021/29/2021-29-table1z.html,week,Weekly surveillance,129.2841425852108,122.74618354285869,41.508294418635494,250.52570012816835,SARIMA,2024-04-28,NA,2025-12-28,RP achieved without BP,FALSE
US,United States,2021-07-25,2021,NA,30,4,https://wonder.cdc.gov/nndss/static/2021/30/2021-30-table1z.html,week,Weekly surveillance,128.55999940136678,121.96234029259736,39.208830023538226,258.9257159353979,SARIMA,2024-04-28,NA,2025-12-28,RP achieved without BP,FALSE
US,United States,2021-08-01,2021,NA,31,19,https://wonder.cdc.gov/nndss/static/2021/31/2021-31-table1z.html,week,Weekly surveillance,127.73767405370646,120.57407953664301,40.07864610136042,250.91878891083073,SARIMA,2024-04-28,NA,2025-12-28,RP achieved without BP,FALSE
US,United States,2021-08-08,2021,NA,32,6,https://wonder.cdc.gov/nndss/static/2021/32/2021-32-table1z.html,week,Weekly surveillance,129.6729059370272,124.44190393877903,38.83658700158512,258.7408636003847,SARIMA,2024-04-28,NA,2025-12-28,RP achieved without BP,FALSE
US,United States,2021-08-15,2021,NA,33,18,https://wonder.cdc.gov/nndss/static/2021/33/2021-33-table1z.html,week,Weekly surveillance,128.6049111064593,121.80869513690243,39.63502937840895,262.97484046113766,SARIMA,2024-04-28,NA,2025-12-28,RP achieved without BP,FALSE
US,United States,2021-08-22,2021,NA,34,15,https://wonder.cdc.gov/nndss/static/2021/34/2021-34-table1z.html,week,Weekly surveillance,129.20430321720244,123.00764380200098,37.210061062050805,264.07857157529014,SARIMA,2024-04-28,NA,2025-12-28,RP achieved without BP,FALSE
US,United States,2021-08-29,2021,NA,35,12,https://wonder.cdc.gov/nndss/static/2021/35/2021-35-table1z.html,week,Weekly surveillance,130.3019511225751,122.36144239862294,37.280572339682216,263.83985840962293,SARIMA,2024-04-28,NA,2025-12-28,RP achieved without BP,FALSE
US,United States,2021-09-05,2021,NA,36,10,https://wonder.cdc.gov/nndss/static/2021/36/2021-36-table1z.html,week,Weekly surveillance,129.97441433186455,120.61173318129636,36.64755063496358,270.05278882224087,SARIMA,2024-04-28,NA,2025-12-28,RP achieved without BP,FALSE
US,United States,2021-09-12,2021,NA,37,20,https://wonder.cdc.gov/nndss/static/2021/37/2021-37-table1z.html,week,Weekly surveillance,129.46559023070435,121.45284257835286,36.83677313888372,260.5135435037594,SARIMA,2024-04-28,NA,2025-12-28,RP achieved without BP,FALSE
US,United States,2021-09-19,2021,NA,38,12,https://wonder.cdc.gov/nndss/static/2021/38/2021-38-table1z.html,week,Weekly surveillance,129.27701701060545,122.14680884284238,37.8780808967183,260.71164783553763,SARIMA,2024-04-28,NA,2025-12-28,RP achieved without BP,FALSE
US,United States,2021-09-26,2021,NA,39,16,https://wonder.cdc.gov/nndss/static/2021/39/2021-39-table1z.html,week,Weekly surveillance,128.683802073195,120.65763603960664,36.59095281004903,268.0579606616984,SARIMA,2024-04-28,NA,2025-12-28,RP achieved without BP,FALSE
US,United States,2021-10-03,2021,NA,40,13,https://wonder.cdc.gov/nndss/static/2021/40/2021-40-table1z.html,week,Weekly surveillance,127.99007767009034,119.42769264803749,37.405050397448754,262.28944713955264,SARIMA,2024-04-28,NA,2025-12-28,RP achieved without BP,FALSE
US,United States,2021-10-10,2021,NA,41,17,https://wonder.cdc.gov/nndss/static/2021/41/2021-41-table1z.html,week,Weekly surveillance,127.1316057022891,119.07310069659054,35.31012193671772,259.5527586737798,SARIMA,2024-04-28,NA,2025-12-28,RP achieved without BP,FALSE
US,United States,2021-10-17,2021,NA,42,13,https://wonder.cdc.gov/nndss/static/2021/42/2021-42-table1z.html,week,Weekly surveillance,126.89170432005959,118.60418179804043,34.77441136485697,263.215637584234,SARIMA,2024-04-28,NA,2025-12-28,RP achieved without BP,FALSE
US,United States,2021-10-24,2021,NA,43,12,https://wonder.cdc.gov/nndss/static/2021/43/2021-43-table1z.html,week,Weekly surveillance,129.8872077308622,122.36957295356913,35.29863808294678,258.14613692527735,SARIMA,2024-04-28,NA,2025-12-28,RP achieved without BP,FALSE
US,United States,2021-10-31,2021,NA,44,15,https://wonder.cdc.gov/nndss/static/2021/44/2021-44-table1z.html,week,Weekly surveillance,131.10246048646172,124.12211481869096,34.68403178486817,267.6867044872082,SARIMA,2024-04-28,NA,2025-12-28,RP achieved without BP,FALSE
US,United States,2021-11-07,2021,NA,45,11,https://wonder.cdc.gov/nndss/static/2021/45/2021-45-table1z.html,week,Weekly surveillance,131.50996924089992,124.07425348261117,32.8394768957645,265.6446736275928,SARIMA,2024-04-28,NA,2025-12-28,RP achieved without BP,FALSE
US,United States,2021-11-14,2021,NA,46,10,https://wonder.cdc.gov/nndss/static/2021/46/2021-46-table1z.html,week,Weekly surveillance,131.87767826236308,125.8418242724923,32.98703840338907,265.1513839947559,SARIMA,2024-04-28,NA,2025-12-28,RP achieved without BP,FALSE
US,United States,2021-11-21,2021,NA,47,12,https://wonder.cdc.gov/nndss/static/2021/47/2021-47-table1z.html,week,Weekly surveillance,131.41147261431527,123.33240352248714,35.8735417458189,265.971905298122,SARIMA,2024-04-28,NA,2025-12-28,RP achieved without BP,FALSE
US,United States,2021-11-28,2021,NA,48,14,https://wonder.cdc.gov/nndss/static/2021/48/2021-48-table1z.html,week,Weekly surveillance,131.37810451032934,124.71791281276606,32.08200086023513,266.81496079079835,SARIMA,2024-04-28,NA,2025-12-28,RP achieved without BP,FALSE
US,United States,2021-12-05,2021,NA,49,14,https://wonder.cdc.gov/nndss/static/2021/49/2021-49-table1z.html,week,Weekly surveillance,131.14483490123447,125.13533445789182,31.41018439014927,262.06243209241586,SARIMA,2024-04-28,NA,2025-12-28,RP achieved without BP,FALSE
US,United States,2021-12-12,2021,NA,50,18,https://wonder.cdc.gov/nndss/static/2021/50/2021-50-table1z.html,week,Weekly surveillance,129.9521046373513,123.36546141927738,35.683927295377984,264.10740937185676,SARIMA,2024-04-28,NA,2025-12-28,RP achieved without BP,FALSE
US,United States,2021-12-19,2021,NA,51,9,https://wonder.cdc.gov/nndss/static/2021/51/2021-51-table1z.html,week,Weekly surveillance,130.5843021220219,123.82602933504526,33.372052388083006,266.75531240969923,SARIMA,2024-04-28,NA,2025-12-28,RP achieved without BP,FALSE
US,United States,2021-12-26,2021,NA,52,7,https://wonder.cdc.gov/nndss/static/2021/52/2021-52-table1z.html,week,Weekly surveillance,131.00295066465816,124.0963105205791,32.25092387346742,268.0865690317001,SARIMA,2024-04-28,NA,2025-12-28,RP achieved without BP,FALSE
US,United States,2022-01-02,2022,NA,1,5,https://wonder.cdc.gov/nndss/static/2022/01/2022-01-table1z.html,week,Weekly surveillance,129.98354962926535,121.08643834556611,33.19256867269438,269.51715489786807,SARIMA,2024-04-28,NA,2025-12-28,RP achieved without BP,FALSE
US,United States,2022-01-09,2022,NA,2,2,https://wonder.cdc.gov/nndss/static/2022/02/2022-02-table1z.html,week,Weekly surveillance,130.69070714560885,123.21495741138963,31.279545279071613,264.89752351755493,SARIMA,2024-04-28,NA,2025-12-28,RP achieved without BP,FALSE
US,United States,2022-01-16,2022,NA,3,7,https://wonder.cdc.gov/nndss/static/2022/03/2022-03-table1z.html,week,Weekly surveillance,130.4908546551425,123.69964432148635,30.921745249914554,261.9194121511102,SARIMA,2024-04-28,NA,2025-12-28,RP achieved without BP,FALSE
US,United States,2022-01-23,2022,NA,4,4,https://wonder.cdc.gov/nndss/static/2022/04/2022-04-table1z.html,week,Weekly surveillance,129.98218181741626,122.28774669513771,31.426366136532494,266.9761078291103,SARIMA,2024-04-28,NA,2025-12-28,RP achieved without BP,FALSE
US,United States,2022-01-30,2022,NA,5,8,https://wonder.cdc.gov/nndss/static/2022/05/2022-05-table1z.html,week,Weekly surveillance,131.22294653942416,124.65992797617082,32.17245235847133,275.33992477286546,SARIMA,2024-04-28,NA,2025-12-28,RP achieved without BP,FALSE
US,United States,2022-02-06,2022,NA,6,14,https://wonder.cdc.gov/nndss/static/2022/06/2022-06-table1z.html,week,Weekly surveillance,130.17168482577716,122.34528586315952,30.347237588262846,270.4411769808816,SARIMA,2024-04-28,NA,2025-12-28,RP achieved without BP,FALSE
US,United States,2022-02-13,2022,NA,7,4,https://wonder.cdc.gov/nndss/static/2022/07/2022-07-table1z.html,week,Weekly surveillance,132.07114480547114,124.71274355606779,30.95471211213638,279.68788423971256,SARIMA,2024-04-28,NA,2025-12-28,RP achieved without BP,FALSE
US,United States,2022-02-20,2022,NA,8,4,https://wonder.cdc.gov/nndss/static/2022/08/2022-08-table1z.html,week,Weekly surveillance,130.71606613786088,123.61914485873692,27.310279654102896,269.4440828171722,SARIMA,2024-04-28,NA,2025-12-28,RP achieved without BP,FALSE
US,United States,2022-02-27,2022,NA,9,3,https://wonder.cdc.gov/nndss/static/2022/09/2022-09-table1z.html,week,Weekly surveillance,131.21915140767405,122.55020417015268,28.425746041175497,279.6503096092716,SARIMA,2024-04-28,NA,2025-12-28,RP achieved without BP,FALSE
US,United States,2022-03-06,2022,NA,10,1,https://wonder.cdc.gov/nndss/static/2022/10/2022-10-table1z.html,week,Weekly surveillance,130.95696753314616,124.9439553408277,29.123849933814856,272.8705955337276,SARIMA,2024-04-28,NA,2025-12-28,RP achieved without BP,FALSE
US,United States,2022-03-13,2022,NA,11,3,https://wonder.cdc.gov/nndss/static/2022/11/2022-11-table1z.html,week,Weekly surveillance,130.151364977111,122.6872477802491,28.921870705293465,271.3214302770867,SARIMA,2024-04-28,NA,2025-12-28,RP achieved without BP,FALSE
US,United States,2022-03-20,2022,NA,12,16,https://wonder.cdc.gov/nndss/static/2022/12/2022-12-table1z.html,week,Weekly surveillance,131.70962964675334,125.78876543186476,32.514643623428086,280.44435305721674,SARIMA,2024-04-28,NA,2025-12-28,RP achieved without BP,FALSE
US,United States,2022-03-27,2022,NA,13,9,https://wonder.cdc.gov/nndss/static/2022/13/2022-13-table1z.html,week,Weekly surveillance,131.59149494691556,124.2047746215018,26.38569316040576,278.4678856314462,SARIMA,2024-04-28,NA,2025-12-28,RP achieved without BP,FALSE
US,United States,2022-04-03,2022,NA,14,12,https://wonder.cdc.gov/nndss/static/2022/14/2022-14-table1z.html,week,Weekly surveillance,131.40293646585832,124.26281349259298,29.674460758948214,277.5815188400844,SARIMA,2024-04-28,NA,2025-12-28,RP achieved without BP,FALSE
US,United States,2022-04-10,2022,NA,15,6,https://wonder.cdc.gov/nndss/static/2022/15/2022-15-table1z.html,week,Weekly surveillance,132.03955798641644,123.98699281898053,29.57396721716709,276.47404444225424,SARIMA,2024-04-28,NA,2025-12-28,RP achieved without BP,FALSE
US,United States,2022-04-17,2022,NA,16,6,https://wonder.cdc.gov/nndss/static/2022/16/2022-16-table1z.html,week,Weekly surveillance,131.66955310701505,123.42699409728763,31.10798363518277,278.23638697125693,SARIMA,2024-04-28,NA,2025-12-28,RP achieved without BP,FALSE
US,United States,2022-04-24,2022,NA,17,10,https://wonder.cdc.gov/nndss/static/2022/17/2022-17-table1z.html,week,Weekly surveillance,131.7858585128447,123.99096079136957,27.27113242087467,279.1898005817798,SARIMA,2024-04-28,NA,2025-12-28,RP achieved without BP,FALSE
US,United States,2022-05-01,2022,NA,18,13,https://wonder.cdc.gov/nndss/static/2022/18/2022-18-table1z.html,week,Weekly surveillance,132.15495588217524,125.58659552428026,29.865947479188513,275.45255730019915,SARIMA,2024-04-28,NA,2025-12-28,RP achieved without BP,FALSE
US,United States,2022-05-08,2022,NA,19,11,https://wonder.cdc.gov/nndss/static/2022/19/2022-19-table1z.html,week,Weekly surveillance,132.579243190567,123.25726208780398,28.569063595588144,274.39365991825946,SARIMA,2024-04-28,NA,2025-12-28,RP achieved without BP,FALSE
US,United States,2022-05-15,2022,NA,20,20,https://wonder.cdc.gov/nndss/static/2022/20/2022-20-table1z.html,week,Weekly surveillance,132.70113286247974,125.15893593222094,30.35751704038719,285.8437119227264,SARIMA,2024-04-28,NA,2025-12-28,RP achieved without BP,FALSE
US,United States,2022-05-22,2022,NA,21,12,https://wonder.cdc.gov/nndss/static/2022/21/2022-21-table1z.html,week,Weekly surveillance,133.24712421111542,125.35369943531929,26.932472599035865,282.85694993739435,SARIMA,2024-04-28,NA,2025-12-28,RP achieved without BP,FALSE
US,United States,2022-05-29,2022,NA,22,13,https://wonder.cdc.gov/nndss/static/2022/22/2022-22-table1z.html,week,Weekly surveillance,133.1347325467388,125.0465254049544,29.443686337888664,287.10791802120133,SARIMA,2024-04-28,NA,2025-12-28,RP achieved without BP,FALSE
US,United States,2022-06-05,2022,NA,23,17,https://wonder.cdc.gov/nndss/static/2022/23/2022-23-table1z.html,week,Weekly surveillance,133.4261024761697,124.0915596760713,30.039099502152304,282.40409177971827,SARIMA,2024-04-28,NA,2025-12-28,RP achieved without BP,FALSE
US,United States,2022-06-12,2022,NA,24,14,https://wonder.cdc.gov/nndss/static/2022/24/2022-24-table1z.html,week,Weekly surveillance,134.00885196529623,125.8406541509951,28.955440246552676,288.7739319229278,SARIMA,2024-04-28,NA,2025-12-28,RP achieved without BP,FALSE
US,United States,2022-06-19,2022,NA,25,24,https://wonder.cdc.gov/nndss/static/2022/25/2022-25-table1z.html,week,Weekly surveillance,132.39967369506732,124.99771719355347,27.776314375910367,287.8109499522195,SARIMA,2024-04-28,NA,2025-12-28,RP achieved without BP,FALSE
US,United States,2022-06-26,2022,NA,26,15,https://wonder.cdc.gov/nndss/static/2022/26/2022-26-table1z.html,week,Weekly surveillance,132.47077091041874,122.76132629031206,28.468319918804422,294.0042089318283,SARIMA,2024-04-28,NA,2025-12-28,RP achieved without BP,FALSE
US,United States,2022-07-03,2022,NA,27,6,https://wonder.cdc.gov/nndss/static/2022/27/2022-27-table1z.html,week,Weekly surveillance,132.81002694958218,124.34125484993362,29.06126433469348,284.7357759679096,SARIMA,2024-04-28,NA,2025-12-28,RP achieved without BP,FALSE
US,United States,2022-07-10,2022,NA,28,12,https://wonder.cdc.gov/nndss/static/2022/28/2022-28-table1z.html,week,Weekly surveillance,133.7099993626769,125.2530572214285,27.74044780539394,284.6967614269261,SARIMA,2024-04-28,NA,2025-12-28,RP achieved without BP,FALSE
US,United States,2022-07-17,2022,NA,29,7,https://wonder.cdc.gov/nndss/static/2022/29/2022-29-table1z.html,week,Weekly surveillance,133.61918597616284,124.12379394525362,28.662703395007867,290.9546722476344,SARIMA,2024-04-28,NA,2025-12-28,RP achieved without BP,FALSE
US,United States,2022-07-24,2022,NA,30,17,https://wonder.cdc.gov/nndss/static/2022/30/2022-30-table1z.html,week,Weekly surveillance,132.79587325331264,122.45785666493973,26.280190862170162,297.73596811982617,SARIMA,2024-04-28,NA,2025-12-28,RP achieved without BP,FALSE
US,United States,2022-07-31,2022,NA,31,29,https://wonder.cdc.gov/nndss/static/2022/31/2022-31-table1z.html,week,Weekly surveillance,132.83356833619493,125.78783541780328,26.96538138421251,282.6584749601972,SARIMA,2024-04-28,NA,2025-12-28,RP achieved without BP,FALSE
US,United States,2022-08-07,2022,NA,32,24,https://wonder.cdc.gov/nndss/static/2022/32/2022-32-table1z.html,week,Weekly surveillance,132.84510139117074,124.8523472149578,26.74955887852492,289.9079715755034,SARIMA,2024-04-28,NA,2025-12-28,RP achieved without BP,FALSE
US,United States,2022-08-14,2022,NA,33,25,https://wonder.cdc.gov/nndss/static/2022/33/2022-33-table1z.html,week,Weekly surveillance,133.3917812223534,123.53998788243047,26.082567581953583,292.05896517331354,SARIMA,2024-04-28,NA,2025-12-28,RP achieved without BP,FALSE
US,United States,2022-08-21,2022,NA,34,20,https://wonder.cdc.gov/nndss/static/2022/34/2022-34-table1z.html,week,Weekly surveillance,133.8106752454157,123.8983429236917,28.577057031960425,291.79164157857787,SARIMA,2024-04-28,NA,2025-12-28,RP achieved without BP,FALSE
US,United States,2022-08-28,2022,NA,35,29,https://wonder.cdc.gov/nndss/static/2022/35/2022-35-table1z.html,week,Weekly surveillance,134.17551350577406,124.07580241182276,24.506152156750993,294.63143672205064,SARIMA,2024-04-28,NA,2025-12-28,RP achieved without BP,FALSE
US,United States,2022-09-04,2022,NA,36,18,https://wonder.cdc.gov/nndss/static/2022/36/2022-36-table1z.html,week,Weekly surveillance,132.21028504072873,123.31926615558633,25.25602020411192,294.3504182534209,SARIMA,2024-04-28,NA,2025-12-28,RP achieved without BP,FALSE
US,United States,2022-09-11,2022,NA,37,11,https://wonder.cdc.gov/nndss/static/2022/37/2022-37-table1z.html,week,Weekly surveillance,133.37436118930657,123.2632571752717,25.62512534522054,289.6751453759431,SARIMA,2024-04-28,NA,2025-12-28,RP achieved without BP,FALSE
US,United States,2022-09-18,2022,NA,38,17,https://wonder.cdc.gov/nndss/static/2022/38/2022-38-table1z.html,week,Weekly surveillance,132.22344321248292,122.68830412022908,25.998523900795085,293.26456438145635,SARIMA,2024-04-28,NA,2025-12-28,RP achieved without BP,FALSE
US,United States,2022-09-25,2022,NA,39,13,https://wonder.cdc.gov/nndss/static/2022/39/2022-39-table1z.html,week,Weekly surveillance,133.02585929612053,123.28406256515024,25.52494405836184,291.8076720483505,SARIMA,2024-04-28,NA,2025-12-28,RP achieved without BP,FALSE
US,United States,2022-10-02,2022,NA,40,19,https://wonder.cdc.gov/nndss/static/2022/40/2022-40-table1z.html,week,Weekly surveillance,133.3626763719032,123.32528831316611,28.233218972808857,294.93216556816907,SARIMA,2024-04-28,NA,2025-12-28,RP achieved without BP,FALSE
US,United States,2022-10-09,2022,NA,41,28,https://wonder.cdc.gov/nndss/static/2022/41/2022-41-table1z.html,week,Weekly surveillance,132.72648209508594,122.37942067448614,24.775267303523002,300.95062603571506,SARIMA,2024-04-28,NA,2025-12-28,RP achieved without BP,FALSE
US,United States,2022-10-16,2022,NA,42,23,https://wonder.cdc.gov/nndss/static/2022/42/2022-42-table1z.html,week,Weekly surveillance,133.27733241933186,124.00987686781842,24.7714624158709,294.00390185325176,SARIMA,2024-04-28,NA,2025-12-28,RP achieved without BP,FALSE
US,United States,2022-10-23,2022,NA,43,28,https://wonder.cdc.gov/nndss/static/2022/43/2022-43-table1z.html,week,Weekly surveillance,134.54694667902956,122.78062421213387,25.21979908231363,292.52634554919365,SARIMA,2024-04-28,NA,2025-12-28,RP achieved without BP,FALSE
US,United States,2022-10-30,2022,NA,44,36,https://wonder.cdc.gov/nndss/static/2022/44/2022-44-table1z.html,week,Weekly surveillance,134.77953642354854,123.05644744343078,25.150727838614113,296.9623663011904,SARIMA,2024-04-28,NA,2025-12-28,RP achieved without BP,FALSE
US,United States,2022-11-06,2022,NA,45,40,https://wonder.cdc.gov/nndss/static/2022/45/2022-45-table1z.html,week,Weekly surveillance,133.73481968521818,124.58487546572645,23.76312977998174,289.39973919314156,SARIMA,2024-04-28,NA,2025-12-28,RP achieved without BP,FALSE
US,United States,2022-11-13,2022,NA,46,46,https://wonder.cdc.gov/nndss/static/2022/46/2022-46-table1z.html,week,Weekly surveillance,134.23303307351756,123.25718470336832,24.95802582209545,291.5747498426481,SARIMA,2024-04-28,NA,2025-12-28,RP achieved without BP,FALSE
US,United States,2022-11-20,2022,NA,47,28,https://wonder.cdc.gov/nndss/static/2022/47/2022-47-table1z.html,week,Weekly surveillance,134.47221826537316,124.79481096403022,27.415244810212073,298.54984344111347,SARIMA,2024-04-28,NA,2025-12-28,RP achieved without BP,FALSE
US,United States,2022-11-27,2022,NA,48,21,https://wonder.cdc.gov/nndss/static/2022/48/2022-48-table1z.html,week,Weekly surveillance,133.6467816435981,125.60098841595281,26.021743856200423,294.42439185822917,SARIMA,2024-04-28,NA,2025-12-28,RP achieved without BP,FALSE
US,United States,2022-12-04,2022,NA,49,40,https://wonder.cdc.gov/nndss/static/2022/49/2022-49-table1z.html,week,Weekly surveillance,134.1146035937587,125.27530595224437,28.30481790493169,289.0864433663033,SARIMA,2024-04-28,NA,2025-12-28,RP achieved without BP,FALSE
US,United States,2022-12-11,2022,NA,50,32,https://wonder.cdc.gov/nndss/static/2022/50/2022-50-table1z.html,week,Weekly surveillance,134.47902386167496,125.84099053361433,26.24186883192374,295.4574037164199,SARIMA,2024-04-28,NA,2025-12-28,RP achieved without BP,FALSE
US,United States,2022-12-18,2022,NA,51,37,https://wonder.cdc.gov/nndss/static/2022/51/2022-51-table1z.html,week,Weekly surveillance,133.6319550740366,125.75366169104262,26.010314939068433,299.14704344031884,SARIMA,2024-04-28,NA,2025-12-28,RP achieved without BP,FALSE
US,United States,2022-12-25,2022,NA,52,3,https://wonder.cdc.gov/nndss/static/2022/52/2022-52-table1z.html,week,Weekly surveillance,133.89943979429006,125.9382719025529,23.085828124341532,298.5459729193998,SARIMA,2024-04-28,NA,2025-12-28,RP achieved without BP,FALSE
US,United States,2023-01-01,2023,NA,1,18,https://wonder.cdc.gov/nndss/static/2023/01/2023-01-table990.html,week,Weekly surveillance,133.49240941656504,122.93884588447389,23.600559889126135,302.2595542083534,SARIMA,2024-04-28,NA,2025-12-28,RP achieved without BP,FALSE
US,United States,2023-01-08,2023,NA,2,15,https://wonder.cdc.gov/nndss/static/2023/02/2023-02-table990.html,week,Weekly surveillance,133.68461435454307,123.05672812802774,24.308701538996278,301.8977713296162,SARIMA,2024-04-28,NA,2025-12-28,RP achieved without BP,FALSE
US,United States,2023-01-15,2023,NA,3,36,https://wonder.cdc.gov/nndss/static/2023/03/2023-03-table990.html,week,Weekly surveillance,133.72096747442623,124.53505435668569,23.896616493836614,302.9782203150768,SARIMA,2024-04-28,NA,2025-12-28,RP achieved without BP,FALSE
US,United States,2023-01-22,2023,NA,4,29,https://wonder.cdc.gov/nndss/static/2023/04/2023-04-table990.html,week,Weekly surveillance,133.79103603137716,122.5631699142382,23.605821107291806,298.8938939770774,SARIMA,2024-04-28,NA,2025-12-28,RP achieved without BP,FALSE
US,United States,2023-01-29,2023,NA,5,35,https://wonder.cdc.gov/nndss/static/2023/05/2023-05-table990.html,week,Weekly surveillance,134.65154824032206,122.39187168053613,24.47891823688776,303.94123443897166,SARIMA,2024-04-28,NA,2025-12-28,RP achieved without BP,FALSE
US,United States,2023-02-05,2023,NA,6,28,https://wonder.cdc.gov/nndss/static/2023/06/2023-06-table990.html,week,Weekly surveillance,134.4587702206511,124.59165886585771,23.646878727769028,310.4671337580733,SARIMA,2024-04-28,NA,2025-12-28,RP achieved without BP,FALSE
US,United States,2023-02-12,2023,NA,7,33,https://wonder.cdc.gov/nndss/static/2023/07/2023-07-table990.html,week,Weekly surveillance,135.8385853769042,124.07034046647209,21.75957007337752,314.3544595369333,SARIMA,2024-04-28,NA,2025-12-28,RP achieved without BP,FALSE
US,United States,2023-02-19,2023,NA,8,41,https://wonder.cdc.gov/nndss/static/2023/08/2023-08-table990.html,week,Weekly surveillance,135.00898178498716,122.78756614051585,24.435460123549426,307.8940425948294,SARIMA,2024-04-28,NA,2025-12-28,RP achieved without BP,FALSE
US,United States,2023-02-26,2023,NA,9,58,https://wonder.cdc.gov/nndss/static/2023/09/2023-09-table990.html,week,Weekly surveillance,134.34783526584087,123.76409665928738,21.783380140003324,307.9653328388893,SARIMA,2024-04-28,NA,2025-12-28,RP achieved without BP,FALSE
US,United States,2023-03-05,2023,NA,10,52,https://wonder.cdc.gov/nndss/static/2023/10/2023-10-table990.html,week,Weekly surveillance,134.5476384783002,122.18460675578075,20.68843023196852,306.4987701794424,SARIMA,2024-04-28,NA,2025-12-28,RP achieved without BP,FALSE
US,United States,2023-03-12,2023,NA,11,44,https://wonder.cdc.gov/nndss/static/2023/11/2023-11-table990.html,week,Weekly surveillance,134.2739982529396,123.99409778313826,21.454761648740792,306.9060293797442,SARIMA,2024-04-28,NA,2025-12-28,RP achieved without BP,FALSE
US,United States,2023-03-19,2023,NA,12,53,https://wonder.cdc.gov/nndss/static/2023/12/2023-12-table990.html,week,Weekly surveillance,134.30817204208964,121.70886592916185,21.452945859128533,307.64874951164836,SARIMA,2024-04-28,NA,2025-12-28,RP achieved without BP,FALSE
US,United States,2023-03-26,2023,NA,13,43,https://wonder.cdc.gov/nndss/static/2023/13/2023-13-table990.html,week,Weekly surveillance,134.23198212626872,123.48697789637933,22.594161846371485,309.6394601049511,SARIMA,2024-04-28,NA,2025-12-28,RP achieved without BP,FALSE
US,United States,2023-04-02,2023,NA,14,53,https://wonder.cdc.gov/nndss/static/2023/14/2023-14-table990.html,week,Weekly surveillance,135.12608265345918,125.89043282527048,21.48064004896291,317.216500967249,SARIMA,2024-04-28,NA,2025-12-28,RP achieved without BP,FALSE
US,United States,2023-04-09,2023,NA,15,26,https://wonder.cdc.gov/nndss/static/2023/15/2023-15-table990.html,week,Weekly surveillance,135.02733146839648,123.7856910905723,21.96974308813426,304.6885864620315,SARIMA,2024-04-28,NA,2025-12-28,RP achieved without BP,FALSE
US,United States,2023-04-16,2023,NA,16,33,https://wonder.cdc.gov/nndss/static/2023/16/2023-16-table990.html,week,Weekly surveillance,134.9913286831454,124.3629632867065,20.530913960312322,310.37060082489006,SARIMA,2024-04-28,NA,2025-12-28,RP achieved without BP,FALSE
US,United States,2023-04-23,2023,NA,17,23,https://wonder.cdc.gov/nndss/static/2023/17/2023-17-table990.html,week,Weekly surveillance,134.61564818836314,124.18505697006186,21.071927013145952,319.19723139895285,SARIMA,2024-04-28,NA,2025-12-28,RP achieved without BP,FALSE
US,United States,2023-04-30,2023,NA,18,36,https://wonder.cdc.gov/nndss/static/2023/18/2023-18-table990.html,week,Weekly surveillance,134.63469653927265,124.59868129096405,19.594147193413612,305.17892046857435,SARIMA,2024-04-28,NA,2025-12-28,RP achieved without BP,FALSE
US,United States,2023-05-07,2023,NA,19,59,https://wonder.cdc.gov/nndss/static/2023/19/2023-19-table990.html,week,Weekly surveillance,134.74165902135596,123.64670261663717,21.476857647146247,319.20522984767183,SARIMA,2024-04-28,NA,2025-12-28,RP achieved without BP,FALSE
US,United States,2023-05-14,2023,NA,20,31,https://wonder.cdc.gov/nndss/static/2023/20/2023-20-table990.html,week,Weekly surveillance,133.7540881527687,122.86096668806414,19.352747923278468,311.91577824256177,SARIMA,2024-04-28,NA,2025-12-28,RP achieved without BP,FALSE
US,United States,2023-05-21,2023,NA,21,41,https://wonder.cdc.gov/nndss/static/2023/21/2023-21-table990.html,week,Weekly surveillance,134.02725441633925,123.55263174863208,21.962490128937432,308.63939014730136,SARIMA,2024-04-28,NA,2025-12-28,RP achieved without BP,FALSE
US,United States,2023-05-28,2023,NA,22,38,https://wonder.cdc.gov/nndss/static/2023/22/2023-22-table990.html,week,Weekly surveillance,134.11721382514824,122.91871646687332,22.08857096190912,310.17397950477334,SARIMA,2024-04-28,NA,2025-12-28,RP achieved without BP,FALSE
US,United States,2023-06-04,2023,NA,23,49,https://wonder.cdc.gov/nndss/static/2023/23/2023-23-table990.html,week,Weekly surveillance,133.56383317794234,122.3681931025067,19.94069964422402,312.3373592362318,SARIMA,2024-04-28,NA,2025-12-28,RP achieved without BP,FALSE
US,United States,2023-06-11,2023,NA,24,72,https://wonder.cdc.gov/nndss/static/2023/24/2023-24-table990.html,week,Weekly surveillance,134.94048329533004,123.93456649492083,16.994408223678278,318.6050253824359,SARIMA,2024-04-28,NA,2025-12-28,RP achieved without BP,FALSE
US,United States,2023-06-18,2023,NA,25,51,https://wonder.cdc.gov/nndss/static/2023/25/2023-25-table990.html,week,Weekly surveillance,132.44571748250007,121.19510882765755,16.661668971418962,306.8821371905837,SARIMA,2024-04-28,NA,2025-12-28,RP achieved without BP,FALSE
US,United States,2023-06-25,2023,NA,26,34,https://wonder.cdc.gov/nndss/static/2023/26/2023-26-table990.html,week,Weekly surveillance,134.13701933555075,124.12032222340164,18.804340684284075,310.9776423364874,SARIMA,2024-04-28,NA,2025-12-28,RP achieved without BP,FALSE
US,United States,2023-07-02,2023,NA,27,31,https://wonder.cdc.gov/nndss/static/2023/27/2023-27-table990.html,week,Weekly surveillance,132.96979361070953,121.85387600062086,16.675110168938236,309.3893914878588,SARIMA,2024-04-28,NA,2025-12-28,RP achieved without BP,FALSE
US,United States,2023-07-09,2023,NA,28,40,https://wonder.cdc.gov/nndss/static/2023/28/2023-28-table990.html,week,Weekly surveillance,134.54547288289734,125.75913451153929,21.37466169654469,316.2340171612375,SARIMA,2024-04-28,NA,2025-12-28,RP achieved without BP,FALSE
US,United States,2023-07-16,2023,NA,29,56,https://wonder.cdc.gov/nndss/static/2023/29/2023-29-table990.html,week,Weekly surveillance,134.29144625154956,122.87330173630139,20.00216151305104,314.1718491178319,SARIMA,2024-04-28,NA,2025-12-28,RP achieved without BP,FALSE
US,United States,2023-07-23,2023,NA,30,38,https://wonder.cdc.gov/nndss/static/2023/30/2023-30-table990.html,week,Weekly surveillance,134.48867294089027,121.35077938185711,17.87458333134446,315.84813063607135,SARIMA,2024-04-28,NA,2025-12-28,RP achieved without BP,FALSE
US,United States,2023-07-30,2023,NA,31,58,https://wonder.cdc.gov/nndss/static/2023/31/2023-31-table990.html,week,Weekly surveillance,134.3141327343287,122.7316654148042,18.00705421203838,309.67655093476867,SARIMA,2024-04-28,NA,2025-12-28,RP achieved without BP,FALSE
US,United States,2023-08-06,2023,NA,32,40,https://wonder.cdc.gov/nndss/static/2023/32/2023-32-table990.html,week,Weekly surveillance,134.6635379103994,124.47671185581109,18.545018537087433,306.4673361812909,SARIMA,2024-04-28,NA,2025-12-28,RP achieved without BP,FALSE
US,United States,2023-08-13,2023,NA,33,34,https://wonder.cdc.gov/nndss/static/2023/33/2023-33-table990.html,week,Weekly surveillance,134.09542574594832,122.62413476056204,19.393597474002725,313.12057357249716,SARIMA,2024-04-28,NA,2025-12-28,RP achieved without BP,FALSE
US,United States,2023-08-20,2023,NA,34,27,https://wonder.cdc.gov/nndss/static/2023/34/2023-34-table990.html,week,Weekly surveillance,134.87752882585687,125.03429414938958,17.844056987071234,315.5770403274796,SARIMA,2024-04-28,NA,2025-12-28,RP achieved without BP,FALSE
US,United States,2023-08-27,2023,NA,35,48,https://wonder.cdc.gov/nndss/static/2023/35/2023-35-table990.html,week,Weekly surveillance,134.76318817331244,123.29638843658937,18.69063364580234,316.2969424163757,SARIMA,2024-04-28,NA,2025-12-28,RP achieved without BP,FALSE
US,United States,2023-09-03,2023,NA,36,38,https://wonder.cdc.gov/nndss/static/2023/36/2023-36-table990.html,week,Weekly surveillance,133.68957333976434,120.35218650963586,16.13764565356833,317.3365915208715,SARIMA,2024-04-28,NA,2025-12-28,RP achieved without BP,FALSE
US,United States,2023-09-10,2023,NA,37,28,https://wonder.cdc.gov/nndss/static/2023/37/2023-37-table990.html,week,Weekly surveillance,134.94829694053956,122.9805121960602,19.479132500069806,324.9924351542881,SARIMA,2024-04-28,NA,2025-12-28,RP achieved without BP,FALSE
US,United States,2023-09-17,2023,NA,38,42,https://wonder.cdc.gov/nndss/static/2023/38/2023-38-table990.html,week,Weekly surveillance,135.20022859797996,121.8577533306499,18.125537801274067,331.8966043252917,SARIMA,2024-04-28,NA,2025-12-28,RP achieved without BP,FALSE
US,United States,2023-09-24,2023,NA,39,40,https://wonder.cdc.gov/nndss/static/2023/39/2023-39-table990.html,week,Weekly surveillance,135.34242613474544,121.68813427397947,17.82998752109748,318.6461615681297,SARIMA,2024-04-28,NA,2025-12-28,RP achieved without BP,FALSE
US,United States,2023-10-01,2023,NA,40,46,https://wonder.cdc.gov/nndss/static/2023/40/2023-40-table990.html,week,Weekly surveillance,134.85124474942253,122.29772605448589,16.834898888430082,317.837165046978,SARIMA,2024-04-28,NA,2025-12-28,RP achieved without BP,FALSE
US,United States,2023-10-08,2023,NA,41,37,https://wonder.cdc.gov/nndss/static/2023/41/2023-41-table990.html,week,Weekly surveillance,135.85531644319198,122.70606488593278,18.61052989248713,330.8419216923962,SARIMA,2024-04-28,NA,2025-12-28,RP achieved without BP,FALSE
US,United States,2023-10-15,2023,NA,42,40,https://wonder.cdc.gov/nndss/static/2023/42/2023-42-table990.html,week,Weekly surveillance,135.12242136458755,121.2092762471093,19.390045805241336,329.83768930549337,SARIMA,2024-04-28,NA,2025-12-28,RP achieved without BP,FALSE
US,United States,2023-10-22,2023,NA,43,65,https://wonder.cdc.gov/nndss/static/2023/43/2023-43-table990.html,week,Weekly surveillance,134.91137475698235,122.28457376623456,16.597834564216956,328.9583729475934,SARIMA,2024-04-28,NA,2025-12-28,RP achieved without BP,FALSE
US,United States,2023-10-29,2023,NA,44,62,https://wonder.cdc.gov/nndss/static/2023/44/2023-44-table990.html,week,Weekly surveillance,135.9129921858602,121.53941221883817,16.433920525102206,329.0496595732201,SARIMA,2024-04-28,NA,2025-12-28,RP achieved without BP,FALSE
US,United States,2023-11-05,2023,NA,45,100,https://wonder.cdc.gov/nndss/static/2023/45/2023-45-table990.html,week,Weekly surveillance,134.69934194640365,121.3340710877052,14.872262564484037,329.3090116319167,SARIMA,2024-04-28,NA,2025-12-28,RP achieved without BP,FALSE
US,United States,2023-11-12,2023,NA,46,91,https://wonder.cdc.gov/nndss/static/2023/46/2023-46-table990.html,week,Weekly surveillance,134.36269660310597,122.52002572323033,15.994055126868709,329.5034705233034,SARIMA,2024-04-28,NA,2025-12-28,RP achieved without BP,FALSE
US,United States,2023-11-19,2023,NA,47,55,https://wonder.cdc.gov/nndss/static/2023/47/2023-47-table990.html,week,Weekly surveillance,134.8994320980217,121.13649462392226,16.80630331953346,333.2002675395353,SARIMA,2024-04-28,NA,2025-12-28,RP achieved without BP,FALSE
US,United States,2023-11-26,2023,NA,48,90,https://wonder.cdc.gov/nndss/static/2023/48/2023-48-table990.html,week,Weekly surveillance,134.62208301970261,120.23333937790706,16.110390845088883,330.3707547669901,SARIMA,2024-04-28,NA,2025-12-28,RP achieved without BP,FALSE
US,United States,2023-12-03,2023,NA,49,105,https://wonder.cdc.gov/nndss/static/2023/49/2023-49-table990.html,week,Weekly surveillance,133.66882679829317,121.02639793919559,15.912292244771898,325.9830393054096,SARIMA,2024-04-28,NA,2025-12-28,RP achieved without BP,FALSE
US,United States,2023-12-10,2023,NA,50,137,https://wonder.cdc.gov/nndss/static/2023/50/2023-50-table990.html,week,Weekly surveillance,135.12864659852153,121.99831896577052,15.689846979729108,336.90641212766354,SARIMA,2024-04-28,NA,2025-12-28,RP achieved without BP,FALSE
US,United States,2023-12-17,2023,NA,51,128,https://wonder.cdc.gov/nndss/static/2023/51/2023-51-table990.html,week,Weekly surveillance,135.4299419574636,119.44409199385616,15.541531320103989,337.9037436438447,SARIMA,2024-04-28,NA,2025-12-28,RP achieved without BP,FALSE
US,United States,2023-12-24,2023,NA,52,5,https://wonder.cdc.gov/nndss/static/2023/52/2023-52-table990.html,week,Weekly surveillance,135.31343160611553,121.80386652666246,16.8613548556472,332.1249349216798,SARIMA,2024-04-28,NA,2025-12-28,RP achieved without BP,FALSE
US,United States,2023-12-31,2024,NA,1,39,https://wonder.cdc.gov/nndss/static/2024/01/2024-01-table990.html,week,Weekly surveillance,135.20342094700612,122.36261676139696,15.121521560674271,328.59728145388476,SARIMA,2024-04-28,NA,2025-12-28,RP achieved without BP,FALSE
US,United States,2024-01-07,2024,NA,2,72,https://wonder.cdc.gov/nndss/static/2024/02/2024-02-table990.html,week,Weekly surveillance,134.1275484901757,121.10825782530873,14.411252659151545,336.3332826441619,SARIMA,2024-04-28,NA,2025-12-28,RP achieved without BP,FALSE
US,United States,2024-01-14,2024,NA,3,80,https://wonder.cdc.gov/nndss/static/2024/03/2024-03-table990.html,week,Weekly surveillance,134.94326258553616,120.26114458398017,16.179711675916,323.5994664549914,SARIMA,2024-04-28,NA,2025-12-28,RP achieved without BP,FALSE
US,United States,2024-01-21,2024,NA,4,97,https://wonder.cdc.gov/nndss/static/2024/04/2024-04-table990.html,week,Weekly surveillance,134.9727370475831,123.99840742536637,14.50102513261397,329.5090155842833,SARIMA,2024-04-28,NA,2025-12-28,RP achieved without BP,FALSE
US,United States,2024-01-28,2024,NA,5,84,https://wonder.cdc.gov/nndss/static/2024/05/2024-05-table990.html,week,Weekly surveillance,135.27573538875382,120.51367865340373,15.267362167720579,331.5266523866806,SARIMA,2024-04-28,NA,2025-12-28,RP achieved without BP,FALSE
US,United States,2024-02-04,2024,NA,6,86,https://wonder.cdc.gov/nndss/static/2024/06/2024-06-table990.html,week,Weekly surveillance,134.91604993724755,122.68107235613003,16.51908042010802,327.3535043066271,SARIMA,2024-04-28,NA,2025-12-28,RP achieved without BP,FALSE
US,United States,2024-02-11,2024,NA,7,73,https://wonder.cdc.gov/nndss/static/2024/07/2024-07-table990.html,week,Weekly surveillance,136.60261777838318,122.29195685885473,16.841763145909876,342.0267743327812,SARIMA,2024-04-28,NA,2025-12-28,RP achieved without BP,FALSE
US,United States,2024-02-18,2024,NA,8,64,https://wonder.cdc.gov/nndss/static/2024/08/2024-08-table990.html,week,Weekly surveillance,135.20853788938265,121.1534112633613,13.86436747175011,327.4655276302379,SARIMA,2024-04-28,NA,2025-12-28,RP achieved without BP,FALSE
US,United States,2024-02-25,2024,NA,9,80,https://wonder.cdc.gov/nndss/static/2024/09/2024-09-table990.html,week,Weekly surveillance,136.65240021815183,121.91795203604966,16.898669133587504,331.93318015301463,SARIMA,2024-04-28,NA,2025-12-28,RP achieved without BP,FALSE
US,United States,2024-03-03,2024,NA,10,89,https://wonder.cdc.gov/nndss/static/2024/10/2024-10-table990.html,week,Weekly surveillance,135.70873765001141,121.36653333629522,13.343338786363963,338.39125178840783,SARIMA,2024-04-28,NA,2025-12-28,RP achieved without BP,FALSE
US,United States,2024-03-10,2024,NA,11,97,https://wonder.cdc.gov/nndss/static/2024/11/2024-11-table990.html,week,Weekly surveillance,135.8483477098607,120.55696112762256,14.405613958942457,342.0946671033563,SARIMA,2024-04-28,NA,2025-12-28,RP achieved without BP,FALSE
US,United States,2024-03-17,2024,NA,12,74,https://wonder.cdc.gov/nndss/static/2024/12/2024-12-table990.html,week,Weekly surveillance,135.3133372154698,121.03663904185603,12.932760883545901,353.6375147139772,SARIMA,2024-04-28,NA,2025-12-28,RP achieved without BP,FALSE
US,United States,2024-03-24,2024,NA,13,99,https://wonder.cdc.gov/nndss/static/2024/13/2024-13-table990.html,week,Weekly surveillance,135.48537830883586,120.57603456565367,13.368404002230374,344.5318602372375,SARIMA,2024-04-28,NA,2025-12-28,RP achieved without BP,FALSE
US,United States,2024-03-31,2024,NA,14,91,https://wonder.cdc.gov/nndss/static/2024/14/2024-14-table990.html,week,Weekly surveillance,135.8152351170815,121.53920347584503,14.788662798346639,353.32671305195026,SARIMA,2024-04-28,NA,2025-12-28,RP achieved without BP,FALSE
US,United States,2024-04-07,2024,NA,15,122,https://wonder.cdc.gov/nndss/static/2024/15/2024-15-table990.html,week,Weekly surveillance,135.97991007301317,123.23630070023401,14.961209644065075,343.9187718979488,SARIMA,2024-04-28,NA,2025-12-28,RP achieved without BP,FALSE
US,United States,2024-04-14,2024,NA,16,162,https://wonder.cdc.gov/nndss/static/2024/16/2024-16-table990.html,week,Weekly surveillance,135.5654401330686,121.0614910155449,12.60313451072461,344.8949492277826,SARIMA,2024-04-28,NA,2025-12-28,RP achieved without BP,FALSE
US,United States,2024-04-21,2024,NA,17,116,https://wonder.cdc.gov/nndss/static/2024/17/2024-17-table990.html,week,Weekly surveillance,136.06419912974525,121.68120062270754,13.815461320287843,338.6003918406232,SARIMA,2024-04-28,NA,2025-12-28,RP achieved without BP,FALSE
US,United States,2024-04-28,2024,NA,18,159,https://wonder.cdc.gov/nndss/static/2024/18/2024-18-table990.html,week,Weekly surveillance,136.21248150180887,122.035897176189,14.705606797183243,344.07602228862805,SARIMA,2024-04-28,NA,2025-12-28,RP achieved without BP,TRUE
US,United States,2024-05-05,2024,NA,19,137,https://wonder.cdc.gov/nndss/static/2024/19/2024-19-table990.html,week,Weekly surveillance,136.46863047715317,119.45977860824837,13.853155907222554,343.4989973400831,SARIMA,2024-04-28,NA,2025-12-28,RP achieved without BP,TRUE
US,United States,2024-05-12,2024,NA,20,149,https://wonder.cdc.gov/nndss/static/2024/20/2024-20-table990.html,week,Weekly surveillance,136.77831335377076,119.8693213910864,12.40413008335588,356.6315109175091,SARIMA,2024-04-28,NA,2025-12-28,RP achieved without BP,TRUE
US,United States,2024-05-19,2024,NA,21,138,https://wonder.cdc.gov/nndss/static/2024/21/2024-21-table990.html,week,Weekly surveillance,136.8569489997736,123.10104909943024,16.496015287833988,351.7578825799192,SARIMA,2024-04-28,NA,2025-12-28,RP achieved without BP,TRUE
US,United States,2024-05-26,2024,NA,22,117,https://wonder.cdc.gov/nndss/static/2024/22/2024-22-table990.html,week,Weekly surveillance,136.41859553967575,122.56121771939752,14.45468031219695,350.0050097746865,SARIMA,2024-04-28,NA,2025-12-28,RP achieved without BP,TRUE
US,United States,2024-06-02,2024,NA,23,153,https://wonder.cdc.gov/nndss/static/2024/23/2024-23-table990.html,week,Weekly surveillance,136.47722584362947,120.90656062010723,14.572196945659396,350.11287685011666,SARIMA,2024-04-28,NA,2025-12-28,RP achieved without BP,TRUE
US,United States,2024-06-09,2024,NA,24,177,https://wonder.cdc.gov/nndss/static/2024/24/2024-24-table990.html,week,Weekly surveillance,137.11306629412002,122.29236555650189,11.870946896329746,350.78147057519584,SARIMA,2024-04-28,NA,2025-12-28,RP achieved without BP,TRUE
US,United States,2024-06-16,2024,NA,25,93,https://wonder.cdc.gov/nndss/static/2024/25/2024-25-table990.html,week,Weekly surveillance,136.53323915750278,122.71574529003178,12.99645182051315,343.1272127102415,SARIMA,2024-04-28,NA,2025-12-28,RP achieved without BP,TRUE
US,United States,2024-06-23,2024,NA,26,184,https://wonder.cdc.gov/nndss/static/2024/26/2024-26-table990.html,week,Weekly surveillance,137.4239677457902,122.55387977112274,9.681463288845388,339.2453078770693,SARIMA,2024-04-28,NA,2025-12-28,RP achieved without BP,TRUE
US,United States,2024-06-30,2024,NA,27,215,https://wonder.cdc.gov/nndss/static/2024/27/2024-27-table990.html,week,Weekly surveillance,137.63507339447986,123.02969038979019,12.383124700743682,350.97680435855443,SARIMA,2024-04-28,NA,2025-12-28,RP achieved without BP,TRUE
US,United States,2024-07-07,2024,NA,28,157,https://wonder.cdc.gov/nndss/static/2024/28/2024-28-table990.html,week,Weekly surveillance,136.7958498281018,121.09358419398731,14.066211734731384,344.38640136408395,SARIMA,2024-04-28,NA,2025-12-28,RP achieved without BP,TRUE
US,United States,2024-07-14,2024,NA,29,145,https://wonder.cdc.gov/nndss/static/2024/29/2024-29-table990.html,week,Weekly surveillance,137.23123922582988,123.5468929406347,11.643963154363977,351.0153806295036,SARIMA,2024-04-28,NA,2025-12-28,RP achieved without BP,TRUE
US,United States,2024-07-21,2024,NA,30,215,https://wonder.cdc.gov/nndss/static/2024/30/2024-30-table990.html,week,Weekly surveillance,137.6200366726558,123.33475636292306,14.13450636757287,347.73071631832886,SARIMA,2024-04-28,NA,2025-12-28,RP achieved without BP,TRUE
US,United States,2024-07-28,2024,NA,31,259,https://wonder.cdc.gov/nndss/static/2024/31/2024-31-table990.html,week,Weekly surveillance,137.27335544453305,123.73924352388887,12.60913486674694,345.1346468261377,SARIMA,2024-04-28,NA,2025-12-28,RP achieved without BP,TRUE
US,United States,2024-08-04,2024,NA,32,183,https://wonder.cdc.gov/nndss/static/2024/32/2024-32-table990.html,week,Weekly surveillance,137.67674412292354,122.89260337118654,12.932443736719284,352.11036618419973,SARIMA,2024-04-28,NA,2025-12-28,RP achieved without BP,TRUE
US,United States,2024-08-11,2024,NA,33,234,https://wonder.cdc.gov/nndss/static/2024/33/2024-33-table990.html,week,Weekly surveillance,137.02544530131655,122.50469143091715,12.4310310582954,343.4044219355995,SARIMA,2024-04-28,NA,2025-12-28,RP achieved without BP,TRUE
US,United States,2024-08-18,2024,NA,34,250,https://wonder.cdc.gov/nndss/static/2024/34/2024-34-table990.html,week,Weekly surveillance,137.2783263966845,120.6495066527997,12.297630630768156,343.9289550869103,SARIMA,2024-04-28,NA,2025-12-28,RP achieved without BP,TRUE
US,United States,2024-08-25,2024,NA,35,251,https://wonder.cdc.gov/nndss/static/2024/35/2024-35-table990.html,week,Weekly surveillance,137.39464787149458,119.9673425477167,12.793112933272132,351.1651404810014,SARIMA,2024-04-28,NA,2025-12-28,RP achieved without BP,TRUE
US,United States,2024-09-01,2024,NA,36,234,https://wonder.cdc.gov/nndss/static/2024/36/2024-36-table990.html,week,Weekly surveillance,137.28776061732407,121.76574463336192,10.896258105804614,356.0116082842728,SARIMA,2024-04-28,NA,2025-12-28,RP achieved without BP,TRUE
US,United States,2024-09-08,2024,NA,37,292,https://wonder.cdc.gov/nndss/static/2024/37/2024-37-table990.html,week,Weekly surveillance,137.12968053226552,123.03406683613971,10.854520099313378,349.6685629630411,SARIMA,2024-04-28,NA,2025-12-28,RP achieved without BP,TRUE
US,United States,2024-09-15,2024,NA,38,292,https://data.cdc.gov/NNDSS/NNDSS-Weekly-Data/x9gk-5huc/about_data,week,Weekly surveillance,137.76122747095198,123.54958038750627,12.054246721335204,351.2980400642666,SARIMA,2024-04-28,NA,2025-12-28,RP achieved without BP,TRUE
US,United States,2024-09-22,2024,NA,39,289,https://data.cdc.gov/NNDSS/NNDSS-Weekly-Data/x9gk-5huc/about_data,week,Weekly surveillance,136.81766863378178,122.63008100297766,10.09623078638914,344.8962045547397,SARIMA,2024-04-28,NA,2025-12-28,RP achieved without BP,TRUE
US,United States,2024-09-29,2024,NA,40,302,https://data.cdc.gov/NNDSS/NNDSS-Weekly-Data/x9gk-5huc/about_data,week,Weekly surveillance,137.85348009048695,122.96411119111859,11.666373859699476,350.19306203171556,SARIMA,2024-04-28,NA,2025-12-28,RP achieved without BP,TRUE
US,United States,2024-10-06,2024,NA,41,246,https://data.cdc.gov/NNDSS/NNDSS-Weekly-Data/x9gk-5huc/about_data,week,Weekly surveillance,137.20835821597765,123.16894339598616,9.54931208219002,344.0589547830679,SARIMA,2024-04-28,NA,2025-12-28,RP achieved without BP,TRUE
US,United States,2024-10-13,2024,NA,42,348,https://data.cdc.gov/NNDSS/NNDSS-Weekly-Data/x9gk-5huc/about_data,week,Weekly surveillance,138.12749799003868,122.61645939181611,10.935435335080793,364.61964169790724,SARIMA,2024-04-28,NA,2025-12-28,RP achieved without BP,TRUE
US,United States,2024-10-20,2024,NA,43,462,https://data.cdc.gov/NNDSS/NNDSS-Weekly-Data/x9gk-5huc/about_data,week,Weekly surveillance,137.99217593593804,120.75372071705681,11.134807549970873,358.8526715559945,SARIMA,2024-04-28,NA,2025-12-28,RP achieved without BP,TRUE
US,United States,2024-10-27,2024,NA,44,497,https://data.cdc.gov/NNDSS/NNDSS-Weekly-Data/x9gk-5huc/about_data,week,Weekly surveillance,138.19999775904262,121.721139170148,11.069332492636649,360.0753338157489,SARIMA,2024-04-28,NA,2025-12-28,RP achieved without BP,TRUE
US,United States,2024-11-03,2024,NA,45,389,https://data.cdc.gov/NNDSS/NNDSS-Weekly-Data/x9gk-5huc/about_data,week,Weekly surveillance,136.96106962302042,120.04290025471671,10.744593993955164,347.53815836893,SARIMA,2024-04-28,NA,2025-12-28,RP achieved without BP,TRUE
US,United States,2024-11-10,2024,NA,46,434,https://data.cdc.gov/NNDSS/NNDSS-Weekly-Data/x9gk-5huc/about_data,week,Weekly surveillance,137.18261192608813,120.62287367427612,10.219981303494736,348.2812447800003,SARIMA,2024-04-28,NA,2025-12-28,RP achieved without BP,TRUE
US,United States,2024-11-17,2024,NA,47,577,https://data.cdc.gov/NNDSS/NNDSS-Weekly-Data/x9gk-5huc/about_data,week,Weekly surveillance,138.8964834568246,123.80001296731078,12.414966756389765,368.7453416277263,SARIMA,2024-04-28,NA,2025-12-28,RP achieved without BP,TRUE
US,United States,2024-11-24,2024,NA,48,364,https://data.cdc.gov/NNDSS/NNDSS-Weekly-Data/x9gk-5huc/about_data,week,Weekly surveillance,137.50064790246225,119.79045029948077,12.430927923949154,348.8259792056274,SARIMA,2024-04-28,NA,2025-12-28,RP achieved without BP,TRUE
US,United States,2024-12-01,2024,NA,49,533,https://data.cdc.gov/NNDSS/NNDSS-Weekly-Data/x9gk-5huc/about_data,week,Weekly surveillance,138.68048328335257,123.14445509631045,11.532350711305023,356.9630847837269,SARIMA,2024-04-28,NA,2025-12-28,RP achieved without BP,TRUE
US,United States,2024-12-08,2024,NA,50,509,https://data.cdc.gov/NNDSS/NNDSS-Weekly-Data/x9gk-5huc/about_data,week,Weekly surveillance,137.8143297160104,122.11761559901294,10.764636199636046,360.9699620639178,SARIMA,2024-04-28,NA,2025-12-28,RP achieved without BP,TRUE
US,United States,2024-12-15,2024,NA,51,424,https://data.cdc.gov/NNDSS/NNDSS-Weekly-Data/x9gk-5huc/about_data,week,Weekly surveillance,136.73233069801248,119.09943140269121,10.658293611744455,359.4542717531794,SARIMA,2024-04-28,NA,2025-12-28,RP achieved without BP,TRUE
US,United States,2024-12-22,2024,NA,52,212,https://data.cdc.gov/NNDSS/NNDSS-Weekly-Data/x9gk-5huc/about_data,week,Weekly surveillance,137.06869893772827,120.49404172362361,9.992325903044106,360.8337303761997,SARIMA,2024-04-28,NA,2025-12-28,RP achieved without BP,TRUE
US,United States,2024-12-29,2025,NA,1,133,https://data.cdc.gov/NNDSS/NNDSS-Weekly-Data/x9gk-5huc/about_data,week,Weekly surveillance,137.04836586449142,121.46695931499741,9.54723713358638,354.4918261177373,SARIMA,2024-04-28,NA,2025-12-28,RP achieved without BP,TRUE
US,United States,2025-01-05,2025,NA,2,233,https://data.cdc.gov/NNDSS/NNDSS-Weekly-Data/x9gk-5huc/about_data,week,Weekly surveillance,137.22849855077519,120.23304714240382,10.66529041687076,359.8918310184275,SARIMA,2024-04-28,NA,2025-12-28,RP achieved without BP,TRUE
US,United States,2025-01-12,2025,NA,3,235,https://data.cdc.gov/NNDSS/NNDSS-Weekly-Data/x9gk-5huc/about_data,week,Weekly surveillance,137.32325510264226,120.43679264557758,10.559248630602873,359.1164400822826,SARIMA,2024-04-28,NA,2025-12-28,RP achieved without BP,TRUE
US,United States,2025-01-19,2025,NA,4,283,https://data.cdc.gov/NNDSS/NNDSS-Weekly-Data/x9gk-5huc/about_data,week,Weekly surveillance,138.06434075923417,122.07143854018895,8.781841253862238,353.83775362472903,SARIMA,2024-04-28,NA,2025-12-28,RP achieved without BP,TRUE
US,United States,2025-01-26,2025,NA,5,360,https://data.cdc.gov/NNDSS/NNDSS-Weekly-Data/x9gk-5huc/about_data,week,Weekly surveillance,138.0744551753286,119.66044046494156,8.696495944816684,358.53218107139065,SARIMA,2024-04-28,NA,2025-12-28,RP achieved without BP,TRUE
US,United States,2025-02-02,2025,NA,6,290,https://data.cdc.gov/NNDSS/NNDSS-Weekly-Data/x9gk-5huc/about_data,week,Weekly surveillance,137.93024904720482,121.24773600430998,8.604406130914896,347.6690682069294,SARIMA,2024-04-28,NA,2025-12-28,RP achieved without BP,TRUE
US,United States,2025-02-09,2025,NA,7,207,https://data.cdc.gov/NNDSS/NNDSS-Weekly-Data/x9gk-5huc/about_data,week,Weekly surveillance,137.34785364956588,119.08894350592017,9.605111385034771,360.4448876902225,SARIMA,2024-04-28,NA,2025-12-28,RP achieved without BP,TRUE
US,United States,2025-02-16,2025,NA,8,223,https://data.cdc.gov/NNDSS/NNDSS-Weekly-Data/x9gk-5huc/about_data,week,Weekly surveillance,137.6101044445897,120.66645404809427,9.920712089049221,359.253288398744,SARIMA,2024-04-28,NA,2025-12-28,RP achieved without BP,TRUE
US,United States,2025-02-23,2025,NA,9,228,https://data.cdc.gov/NNDSS/NNDSS-Weekly-Data/x9gk-5huc/about_data,week,Weekly surveillance,139.54008208487292,121.76405187986143,10.526701904955843,370.73759068001135,SARIMA,2024-04-28,NA,2025-12-28,RP achieved without BP,TRUE
US,United States,2025-03-02,2025,NA,10,186,https://data.cdc.gov/NNDSS/NNDSS-Weekly-Data/x9gk-5huc/about_data,week,Weekly surveillance,137.8883701087564,119.68191962671914,8.332608527026638,365.08284448079706,SARIMA,2024-04-28,NA,2025-12-28,RP achieved without BP,TRUE
US,United States,2025-03-09,2025,NA,11,158,https://data.cdc.gov/NNDSS/NNDSS-Weekly-Data/x9gk-5huc/about_data,week,Weekly surveillance,137.87852270295267,117.6278067252457,8.240427489884189,364.98354296877073,SARIMA,2024-04-28,NA,2025-12-28,RP achieved without BP,TRUE
US,United States,2025-03-16,2025,NA,12,138,https://data.cdc.gov/NNDSS/NNDSS-Weekly-Data/x9gk-5huc/about_data,week,Weekly surveillance,137.7658267100934,121.86404177756407,9.384816539528332,351.92580211250294,SARIMA,2024-04-28,NA,2025-12-28,RP achieved without BP,TRUE
US,United States,2025-03-23,2025,NA,13,195,https://data.cdc.gov/NNDSS/NNDSS-Weekly-Data/x9gk-5huc/about_data,week,Weekly surveillance,137.63205890638636,118.35000560630147,7.883311121503415,357.65569154741445,SARIMA,2024-04-28,NA,2025-12-28,RP achieved without BP,TRUE
US,United States,2025-03-30,2025,NA,14,168,https://data.cdc.gov/NNDSS/NNDSS-Weekly-Data/x9gk-5huc/about_data,week,Weekly surveillance,139.54243035660113,122.55489006387336,8.736127831602303,371.00620117448307,SARIMA,2024-04-28,NA,2025-12-28,RP achieved without BP,TRUE
US,United States,2025-04-06,2025,NA,15,185,https://data.cdc.gov/NNDSS/NNDSS-Weekly-Data/x9gk-5huc/about_data,week,Weekly surveillance,138.92282335418105,121.24545738474455,8.074128602275646,376.52564956354263,SARIMA,2024-04-28,NA,2025-12-28,RP achieved without BP,TRUE
US,United States,2025-04-13,2025,NA,16,140,https://data.cdc.gov/NNDSS/NNDSS-Weekly-Data/x9gk-5huc/about_data,week,Weekly surveillance,139.6374486995161,121.44850156141496,10.199313720178186,371.01259362357524,SARIMA,2024-04-28,NA,2025-12-28,RP achieved without BP,TRUE
US,United States,2025-04-20,2025,NA,17,176,https://data.cdc.gov/NNDSS/NNDSS-Weekly-Data/x9gk-5huc/about_data,week,Weekly surveillance,138.65525094653242,119.16093285044475,10.130370988318314,369.65690607952007,SARIMA,2024-04-28,NA,2025-12-28,RP achieved without BP,TRUE
US,United States,2025-04-27,2025,NA,18,156,https://data.cdc.gov/NNDSS/NNDSS-Weekly-Data/x9gk-5huc/about_data,week,Weekly surveillance,139.13617869521823,120.43881729819006,9.192790026131652,370.93343475991327,SARIMA,2024-04-28,NA,2025-12-28,RP achieved without BP,TRUE
US,United States,2025-05-04,2025,NA,19,259,https://data.cdc.gov/NNDSS/NNDSS-Weekly-Data/x9gk-5huc/about_data,week,Weekly surveillance,139.83303491933515,121.6498420538044,7.46264711223082,368.2877436972363,SARIMA,2024-04-28,NA,2025-12-28,RP achieved without BP,TRUE
US,United States,2025-05-11,2025,NA,20,205,https://data.cdc.gov/NNDSS/NNDSS-Weekly-Data/x9gk-5huc/about_data,week,Weekly surveillance,139.0369880261538,121.0561194057031,8.059579627791809,366.06759493507315,SARIMA,2024-04-28,NA,2025-12-28,RP achieved without BP,TRUE
US,United States,2025-05-18,2025,NA,21,152,https://data.cdc.gov/NNDSS/NNDSS-Weekly-Data/x9gk-5huc/about_data,week,Weekly surveillance,140.54446846566327,119.8838818999436,8.178517954574787,382.66907367856976,SARIMA,2024-04-28,NA,2025-12-28,RP achieved without BP,TRUE
US,United States,2025-05-25,2025,NA,22,194,https://data.cdc.gov/NNDSS/NNDSS-Weekly-Data/x9gk-5huc/about_data,week,Weekly surveillance,140.19815345092218,119.69035474563623,8.287273098771326,370.1544655603858,SARIMA,2024-04-28,NA,2025-12-28,RP achieved without BP,TRUE
US,United States,2025-06-01,2025,NA,23,154,https://data.cdc.gov/NNDSS/NNDSS-Weekly-Data/x9gk-5huc/about_data,week,Weekly surveillance,140.4741112288269,120.9470859509566,7.260809551389785,382.8022070826098,SARIMA,2024-04-28,NA,2025-12-28,RP achieved without BP,TRUE
US,United States,2025-06-08,2025,NA,24,197,https://data.cdc.gov/NNDSS/NNDSS-Weekly-Data/x9gk-5huc/about_data,week,Weekly surveillance,139.6058128220745,121.27570906674814,7.120420289807818,382.6648088377148,SARIMA,2024-04-28,NA,2025-12-28,RP achieved without BP,TRUE
US,United States,2025-06-15,2025,NA,25,170,https://data.cdc.gov/NNDSS/NNDSS-Weekly-Data/x9gk-5huc/about_data,week,Weekly surveillance,140.0623665557749,122.08231597133228,6.942847210897387,377.67921060276456,SARIMA,2024-04-28,NA,2025-12-28,RP achieved without BP,TRUE
US,United States,2025-06-22,2025,NA,26,140,https://data.cdc.gov/NNDSS/NNDSS-Weekly-Data/x9gk-5huc/about_data,week,Weekly surveillance,139.37549428320602,119.86089723491577,8.031923996823696,386.02898941311264,SARIMA,2024-04-28,NA,2025-12-28,RP achieved without BP,TRUE
US,United States,2025-06-29,2025,NA,27,166,https://data.cdc.gov/NNDSS/NNDSS-Weekly-Data/x9gk-5huc/about_data,week,Weekly surveillance,140.52528090486257,122.83631461554903,7.992201294228623,377.63161150268934,SARIMA,2024-04-28,NA,2025-12-28,RP achieved without BP,TRUE
US,United States,2025-07-06,2025,NA,28,215,https://data.cdc.gov/NNDSS/NNDSS-Weekly-Data/x9gk-5huc/about_data,week,Weekly surveillance,139.40823462228477,122.217202673852,8.835145339544633,374.26383038880584,SARIMA,2024-04-28,NA,2025-12-28,RP achieved without BP,TRUE
US,United States,2025-07-13,2025,NA,29,170,https://data.cdc.gov/NNDSS/NNDSS-Weekly-Data/x9gk-5huc/about_data,week,Weekly surveillance,139.13868935585293,122.00330917505563,7.998755388812278,376.46289415840226,SARIMA,2024-04-28,NA,2025-12-28,RP achieved without BP,TRUE
US,United States,2025-07-20,2025,NA,30,184,https://data.cdc.gov/NNDSS/NNDSS-Weekly-Data/x9gk-5huc/about_data,week,Weekly surveillance,139.31060694459566,123.43791748940214,6.055712621059874,365.49617269745164,SARIMA,2024-04-28,NA,2025-12-28,RP achieved without BP,TRUE
US,United States,2025-07-27,2025,NA,31,172,https://data.cdc.gov/NNDSS/NNDSS-Weekly-Data/x9gk-5huc/about_data,week,Weekly surveillance,141.36393304136095,123.22488828269012,6.797998867183944,366.9972542557766,SARIMA,2024-04-28,NA,2025-12-28,RP achieved without BP,TRUE
US,United States,2025-08-03,2025,NA,32,176,https://data.cdc.gov/NNDSS/NNDSS-Weekly-Data/x9gk-5huc/about_data,week,Weekly surveillance,139.0745285886129,121.44063390331789,6.900692465171562,375.1339500627446,SARIMA,2024-04-28,NA,2025-12-28,RP achieved without BP,TRUE
US,United States,2025-08-10,2025,NA,33,164,https://data.cdc.gov/NNDSS/NNDSS-Weekly-Data/x9gk-5huc/about_data,week,Weekly surveillance,141.48935359512694,122.68722606123646,6.729944811584641,382.0670966478871,SARIMA,2024-04-28,NA,2025-12-28,RP achieved without BP,TRUE
US,United States,2025-08-17,2025,NA,34,184,https://data.cdc.gov/NNDSS/NNDSS-Weekly-Data/x9gk-5huc/about_data,week,Weekly surveillance,140.67300638754872,124.12023226541919,7.496343466747091,374.12664744999324,SARIMA,2024-04-28,NA,2025-12-28,RP achieved without BP,TRUE
US,United States,2025-08-24,2025,NA,35,157,https://data.cdc.gov/NNDSS/NNDSS-Weekly-Data/x9gk-5huc/about_data,week,Weekly surveillance,140.69973939838908,123.56557221015547,6.095368945883414,378.1200342051909,SARIMA,2024-04-28,NA,2025-12-28,RP achieved without BP,TRUE
US,United States,2025-08-31,2025,NA,36,110,https://data.cdc.gov/NNDSS/NNDSS-Weekly-Data/x9gk-5huc/about_data,week,Weekly surveillance,140.13640652983267,119.77805516567963,6.513638747748045,371.3953422040845,SARIMA,2024-04-28,NA,2025-12-28,RP achieved without BP,TRUE
US,United States,2025-09-07,2025,NA,37,142,https://data.cdc.gov/NNDSS/NNDSS-Weekly-Data/x9gk-5huc/about_data,week,Weekly surveillance,140.71204024258833,121.41251120928449,5.038936504164015,370.74492810928274,SARIMA,2024-04-28,NA,2025-12-28,RP achieved without BP,TRUE
US,United States,2025-09-14,2025,NA,38,105,https://data.cdc.gov/NNDSS/NNDSS-Weekly-Data/x9gk-5huc/about_data,week,Weekly surveillance,140.90761837168708,122.78347637349387,6.1531926920600215,370.5139573705826,SARIMA,2024-04-28,NA,2025-12-28,RP achieved without BP,TRUE
US,United States,2025-09-21,2025,NA,39,120,https://data.cdc.gov/NNDSS/NNDSS-Weekly-Data/x9gk-5huc/about_data,week,Weekly surveillance,140.68247067125304,122.07509607380173,6.014191467172168,375.5186885314973,SARIMA,2024-04-28,NA,2025-12-28,RP achieved without BP,TRUE
US,United States,2025-09-28,2025,NA,40,113,https://data.cdc.gov/NNDSS/NNDSS-Weekly-Data/x9gk-5huc/about_data,week,Weekly surveillance,140.74107923189817,121.91392437598554,6.245924171478302,390.29451545380016,SARIMA,2024-04-28,NA,2025-12-28,RP achieved without BP,TRUE
US,United States,2025-10-05,2025,NA,41,110,https://data.cdc.gov/NNDSS/NNDSS-Weekly-Data/x9gk-5huc/about_data,week,Weekly surveillance,141.33646055618235,123.03598464799268,7.02749588755317,377.37503696855,SARIMA,2024-04-28,NA,2025-12-28,RP achieved without BP,TRUE
US,United States,2025-10-12,2025,NA,42,105,https://data.cdc.gov/NNDSS/NNDSS-Weekly-Data/x9gk-5huc/about_data,week,Weekly surveillance,140.96582824217916,119.5195750669472,5.412666982542454,378.96976360860066,SARIMA,2024-04-28,NA,2025-12-28,RP achieved without BP,TRUE
US,United States,2025-10-19,2025,NA,43,158,https://data.cdc.gov/NNDSS/NNDSS-Weekly-Data/x9gk-5huc/about_data,week,Weekly surveillance,141.56472779151574,124.47882341745049,6.970058413601311,385.0007620702585,SARIMA,2024-04-28,NA,2025-12-28,RP achieved without BP,TRUE
US,United States,2025-10-26,2025,NA,44,146,https://data.cdc.gov/NNDSS/NNDSS-Weekly-Data/x9gk-5huc/about_data,week,Weekly surveillance,141.64804664242837,120.55112777276261,6.326922940121449,377.5736826263993,SARIMA,2024-04-28,NA,2025-12-28,RP achieved without BP,TRUE
US,United States,2025-11-02,2025,NA,45,101,https://data.cdc.gov/NNDSS/NNDSS-Weekly-Data/x9gk-5huc/about_data,week,Weekly surveillance,141.32694588859636,123.24664841323298,6.526237628974072,379.6469339496963,SARIMA,2024-04-28,NA,2025-12-28,RP achieved without BP,TRUE
US,United States,2025-11-09,2025,NA,46,122,https://data.cdc.gov/NNDSS/NNDSS-Weekly-Data/x9gk-5huc/about_data,week,Weekly surveillance,141.629173145806,120.45493862315216,6.853623342267012,384.0388878653004,SARIMA,2024-04-28,NA,2025-12-28,RP achieved without BP,TRUE
US,United States,2025-11-16,2025,NA,47,127,https://data.cdc.gov/NNDSS/NNDSS-Weekly-Data/x9gk-5huc/about_data,week,Weekly surveillance,141.38463193048003,120.25436951135379,5.225126480361553,385.6082357854895,SARIMA,2024-04-28,NA,2025-12-28,RP achieved without BP,TRUE
US,United States,2025-11-23,2025,NA,48,97,https://data.cdc.gov/NNDSS/NNDSS-Weekly-Data/x9gk-5huc/about_data,week,Weekly surveillance,141.2940229633287,121.48194831777838,5.944441039578612,372.71646043281186,SARIMA,2024-04-28,NA,2025-12-28,RP achieved without BP,TRUE
US,United States,2025-11-30,2025,NA,49,175,https://data.cdc.gov/NNDSS/NNDSS-Weekly-Data/x9gk-5huc/about_data,week,Weekly surveillance,139.68981135335696,118.99403964709813,5.264520159864209,377.5643727105492,SARIMA,2024-04-28,NA,2025-12-28,RP achieved without BP,TRUE
US,United States,2025-12-07,2025,NA,50,218,https://data.cdc.gov/NNDSS/NNDSS-Weekly-Data/x9gk-5huc/about_data,week,Weekly surveillance,141.24987837536545,121.31875850745678,5.910467226013391,381.3752144904488,SARIMA,2024-04-28,NA,2025-12-28,RP achieved without BP,TRUE
US,United States,2025-12-14,2025,NA,51,187,https://data.cdc.gov/NNDSS/NNDSS-Weekly-Data/x9gk-5huc/about_data,week,Weekly surveillance,142.72819631427137,122.41134786718402,5.165013370909796,389.06908362541725,SARIMA,2024-04-28,NA,2025-12-28,RP achieved without BP,TRUE
US,United States,2025-12-21,2025,NA,52,92,https://data.cdc.gov/NNDSS/NNDSS-Weekly-Data/x9gk-5huc/about_data,week,Weekly surveillance,141.30364110388922,120.97738828006607,5.307786642439973,383.0965050383283,SARIMA,2024-04-28,NA,2025-12-28,RP achieved without BP,TRUE
US,United States,2025-12-28,2025,NA,53,8,https://data.cdc.gov/NNDSS/NNDSS-Weekly-Data/x9gk-5huc/about_data,week,Weekly surveillance,141.23852535064063,121.66188008616763,4.66096748761448,376.3062212516095,SARIMA,2024-04-28,NA,2025-12-28,RP achieved without BP,TRUE
