date,actual,Group,split,split_label,start_date,end_date,horizon,expected_mean,expected_median,lower_80,lower_95,upper_80,upper_95,Coverage80,Coverage95,IntervalScore80,IntervalScore95,WIS,PIT,Shortname,BestModel
2019-01-01,84,Sexually IDs,2019,Pseudo interruption 2019,2019-01-01,2019-12-01,1,62.896749909960775,62.52657617030714,48.45564236965963,41.63081617023241,82.05867282069805,86.72243644158388,FALSE,TRUE,53.016302244057925,45.091620271351474,27.465012233657614,0.93,HCV,ARIMA + Fourier
2019-02-01,45,Sexually IDs,2019,Pseudo interruption 2019,2019-01-01,2019-12-01,2,38.00364564559717,36.380553828422435,24.17554738478373,17.25551457395531,55.04822569811471,63.81672640180327,TRUE,TRUE,30.872678313330983,46.56121182784796,13.697633940508927,0.726,HCV,ARIMA + Fourier
2019-03-01,74,Sexually IDs,2019,Pseudo interruption 2019,2019-01-01,2019-12-01,3,40.254115016175625,39.173368050922754,24.502380627473812,19.50951349483087,57.499054589473,68.66265296870276,FALSE,FALSE,198.00612806726923,262.64702072576154,70.04816687905534,0.988,HCV,ARIMA + Fourier
2019-04-01,30,Sexually IDs,2019,Pseudo interruption 2019,2019-01-01,2019-12-01,4,37.48561382918583,35.6483679644546,21.26135036370871,15.31983813899902,55.906353990387196,67.01867861866506,TRUE,TRUE,34.64500362667849,51.698840479666046,12.12984857101888,0.323,HCV,ARIMA + Fourier
2019-05-01,25,Sexually IDs,2019,Pseudo interruption 2019,2019-01-01,2019-12-01,5,33.868856935852804,32.664232545336205,18.340384391451526,12.22606011545597,51.76780348413225,62.97893782550624,TRUE,TRUE,33.42741909268072,50.75287771005027,13.509888199499892,0.27,HCV,ARIMA + Fourier
2019-06-01,43,Sexually IDs,2019,Pseudo interruption 2019,2019-01-01,2019-12-01,6,33.71654759728648,31.90573976200933,16.642372169121167,11.733850514693888,53.40957087792925,64.45242951583707,TRUE,TRUE,36.76719870880808,52.71857900114318,16.86690314384756,0.75,HCV,ARIMA + Fourier
2019-07-01,16,Sexually IDs,2019,Pseudo interruption 2019,2019-01-01,2019-12-01,7,27.073710927338674,25.540884794744457,11.179367018870533,7.161011041910712,44.93830824688291,56.56201865576935,TRUE,TRUE,33.758941228012375,49.40100761385864,15.010178736831893,0.218,HCV,ARIMA + Fourier
2019-08-01,23,Sexually IDs,2019,Pseudo interruption 2019,2019-01-01,2019-12-01,8,29.632773192557508,27.79719845875185,12.645218715115234,7.174066966267004,49.80159914288966,62.563878247499545,TRUE,TRUE,37.15638042777442,55.38981128123254,11.99837208669469,0.356,HCV,ARIMA + Fourier
2019-09-01,38,Sexually IDs,2019,Pseudo interruption 2019,2019-01-01,2019-12-01,9,35.45253445228521,33.46414562132656,15.497573646594955,9.301190997673604,57.64182580988734,76.89554559592483,TRUE,TRUE,42.14425216329238,67.59435459825123,13.075538032995585,0.622,HCV,ARIMA + Fourier
2019-10-01,30,Sexually IDs,2019,Pseudo interruption 2019,2019-01-01,2019-12-01,10,32.95352474148814,30.58290185712354,13.897343385310528,7.0358695998076515,55.60030369477408,69.80483650296615,TRUE,TRUE,41.70296030946355,62.7689669031585,9.649553811339342,0.474,HCV,ARIMA + Fourier
2019-11-01,28,Sexually IDs,2019,Pseudo interruption 2019,2019-01-01,2019-12-01,11,34.36002000853836,31.88639748769544,13.633722595717169,7.2919906824640615,58.4443745490045,77.80713136568774,TRUE,TRUE,44.81065195328733,70.51514068322368,13.099427930011274,0.397,HCV,ARIMA + Fourier
2019-12-01,30,Sexually IDs,2019,Pseudo interruption 2019,2019-01-01,2019-12-01,12,24.546458096109085,22.221192896630235,6.291210729977541,2.207738304720763,44.85795644708299,61.62022186296613,TRUE,TRUE,38.56674571710545,59.41248355824537,14.770224339762501,0.693,HCV,ARIMA + Fourier
2018-01-01,53,Sexually IDs,2018-2019,Pseudo interruption 2018,2018-01-01,2019-12-01,1,49.209274639526285,48.802870774993494,35.200092539236756,26.376495614163673,66.2096214039005,70.74286785826584,TRUE,TRUE,31.009528864663743,44.366372244102166,10.093882888115491,0.673,HCV,ARIMA + Fourier
2018-02-01,45,Sexually IDs,2018-2019,Pseudo interruption 2018,2018-01-01,2019-12-01,2,26.62756430101588,25.212141522280497,14.824775210936203,9.723261854691819,39.89196567775254,46.402903369467175,FALSE,TRUE,76.14753368929095,36.679641514775355,29.48107783305317,0.961,HCV,ARIMA + Fourier
2018-03-01,26,Sexually IDs,2018-2019,Pseudo interruption 2018,2018-01-01,2019-12-01,3,31.254881609295005,30.473522408651824,16.763641401398573,11.262229610491143,47.67180318467896,55.73115137973353,TRUE,TRUE,30.908161783280384,44.468921769242385,10.302880683016017,0.354,HCV,ARIMA + Fourier
2018-04-01,47,Sexually IDs,2018-2019,Pseudo interruption 2018,2018-01-01,2019-12-01,4,26.51279868284743,25.362366195805933,12.79852109355676,7.89040390643055,41.231427314399276,50.83609153871042,FALSE,TRUE,86.11863307684976,42.94568763227987,32.80691584094241,0.95,HCV,ARIMA + Fourier
2018-05-01,25,Sexually IDs,2018-2019,Pseudo interruption 2018,2018-01-01,2019-12-01,5,25.950187869264358,24.52085626282568,11.4641783611963,6.452180913622609,41.64596615150811,51.911321607163714,TRUE,TRUE,30.181787790311812,45.4591406935411,7.03076666393099,0.522,HCV,ARIMA + Fourier
2018-06-01,29,Sexually IDs,2018-2019,Pseudo interruption 2018,2018-01-01,2019-12-01,6,24.874377091186698,22.609658434701103,10.227438257639681,4.854860573151206,41.47313708065786,53.02276273899113,TRUE,TRUE,31.245698823018174,48.16790216583993,12.038301150555622,0.655,HCV,ARIMA + Fourier
2018-07-01,18,Sexually IDs,2018-2019,Pseudo interruption 2018,2018-01-01,2019-12-01,7,20.12531655005459,18.485157670573834,6.466413318943749,2.5350780017026406,35.70016393071085,47.80530608311103,TRUE,TRUE,29.2337506117671,45.27022808140838,6.876335357598139,0.478,HCV,ARIMA + Fourier
2018-08-01,31,Sexually IDs,2018-2019,Pseudo interruption 2018,2018-01-01,2019-12-01,8,21.230217119290916,19.406872915771707,7.125167116419475,2.7913623924162607,38.1348295534754,49.59027892963502,TRUE,TRUE,31.009662437055923,46.79891653721876,16.108004318800333,0.806,HCV,ARIMA + Fourier
2018-09-01,28,Sexually IDs,2018-2019,Pseudo interruption 2018,2018-01-01,2019-12-01,9,27.101742883316554,25.098875060350245,9.275748365632941,4.325901082123632,47.13817301598973,59.942017745367565,TRUE,TRUE,37.862424650356786,55.61611666324393,10.603532562306647,0.575,HCV,ARIMA + Fourier
2018-10-01,31,Sexually IDs,2018-2019,Pseudo interruption 2018,2018-01-01,2019-12-01,10,25.261326222593997,23.272197135140622,8.150799750818141,3.1473345133416917,45.267169307060406,58.6958842990966,TRUE,TRUE,37.11636955624226,55.54854978575491,14.34280341231646,0.684,HCV,ARIMA + Fourier
2018-11-01,34,Sexually IDs,2018-2019,Pseudo interruption 2018,2018-01-01,2019-12-01,11,26.06613546288457,23.191483998353235,8.441716734884986,2.603805617122905,46.96521161663782,60.310507897351215,TRUE,TRUE,38.52349488175284,57.70670228022831,17.118840073606997,0.715,HCV,ARIMA + Fourier
2018-12-01,23,Sexually IDs,2018-2019,Pseudo interruption 2018,2018-01-01,2019-12-01,12,18.110003630270644,15.80731862276616,3.1094099688903096,0.40418910198762414,36.80464140436821,49.297673029073955,TRUE,TRUE,33.6952314354779,48.89348392708633,13.101121488546989,0.692,HCV,ARIMA + Fourier
2019-01-01,84,Sexually IDs,2018-2019,Pseudo interruption 2018,2018-01-01,2019-12-01,13,52.45626674110968,50.398444251803745,24.143687669845395,14.527462224851469,82.93714548653726,102.82967716165415,FALSE,TRUE,69.42200295131926,88.30221493680267,41.52085366824019,0.906,HCV,ARIMA + Fourier
2019-02-01,45,Sexually IDs,2018-2019,Pseudo interruption 2018,2018-01-01,2019-12-01,14,29.217955465233185,26.43463183412187,8.406367397555274,1.8876412534935119,53.51828628017308,68.25315320040602,TRUE,TRUE,45.11191888261781,66.3655119469125,24.724822031797853,0.819,HCV,ARIMA + Fourier
2019-03-01,74,Sexually IDs,2018-2019,Pseudo interruption 2018,2018-01-01,2019-12-01,15,33.20868378636367,31.208964165213523,10.035322604241067,3.6825163059129893,59.65133868136313,78.00672027732395,FALSE,TRUE,193.10262926349077,74.32420397141097,68.10221750884415,0.963,HCV,ARIMA + Fourier
2019-04-01,30,Sexually IDs,2018-2019,Pseudo interruption 2018,2018-01-01,2019-12-01,16,28.016773340145864,25.150428090370397,6.410587736559616,1.6968417115881675,52.72791504157781,67.15511936792564,TRUE,TRUE,46.317327305018196,65.45827765633747,13.908761002760093,0.604,HCV,ARIMA + Fourier
2019-05-01,25,Sexually IDs,2018-2019,Pseudo interruption 2018,2018-01-01,2019-12-01,17,27.34523591684657,24.5662489164187,5.7059055049283245,1.1519682235196178,53.16205983510053,68.16859770697339,TRUE,TRUE,47.456154330172204,67.01662948345377,10.620650739030742,0.509,HCV,ARIMA + Fourier
2019-06-01,43,Sexually IDs,2018-2019,Pseudo interruption 2018,2018-01-01,2019-12-01,18,26.17054314129365,22.580378610316643,5.057652450621597,0.7299709453624663,50.35775750037609,68.74040275816265,TRUE,TRUE,45.30010504975449,68.01043181280018,26.304131192219415,0.825,HCV,ARIMA + Fourier
2019-07-01,16,Sexually IDs,2018-2019,Pseudo interruption 2018,2018-01-01,2019-12-01,19,21.601489104224047,18.00728623454541,2.9679728016214906,0.04892987814093933,44.96555883368963,61.38432804811679,TRUE,TRUE,41.997586032068135,61.33539816997585,10.778858679566266,0.441,HCV,ARIMA + Fourier
2019-08-01,23,Sexually IDs,2018-2019,Pseudo interruption 2018,2018-01-01,2019-12-01,20,22.51310577211106,19.03504300641931,2.5995758688211152,0.08117078900894478,46.33432777885192,63.204166835019336,TRUE,TRUE,43.73475191003081,63.12299604601039,12.694445742309897,0.588,HCV,ARIMA + Fourier
2019-09-01,38,Sexually IDs,2018-2019,Pseudo interruption 2018,2018-01-01,2019-12-01,21,28.705416015417196,24.718946211675984,5.6580880468893096,0.8190662056363895,58.067450977613774,79.05392281892293,TRUE,TRUE,52.40936293072446,78.23485661328654,22.139735364106592,0.721,HCV,ARIMA + Fourier
2019-10-01,30,Sexually IDs,2018-2019,Pseudo interruption 2018,2018-01-01,2019-12-01,22,26.275389830452607,22.511506523912175,4.253112159335764,0.11766232159055351,53.60683377006713,76.7281323421673,TRUE,TRUE,49.35372161073136,76.61047002057674,16.951809039410346,0.654,HCV,ARIMA + Fourier
2019-11-01,28,Sexually IDs,2018-2019,Pseudo interruption 2018,2018-01-01,2019-12-01,23,27.496506501739102,23.02924537873803,4.4152799516602865,0.14577737046619257,55.33309273171384,80.1069680463176,TRUE,TRUE,50.91781278005355,79.96119067585141,15.3219013688522,0.582,HCV,ARIMA + Fourier
2019-12-01,30,Sexually IDs,2018-2019,Pseudo interruption 2018,2018-01-01,2019-12-01,24,20.12983624932338,15.606957165712052,1.2904237682327486,0.010000000000000002,44.07667177557776,65.96126393683029,TRUE,TRUE,42.78624800734501,65.95126393683029,20.99828450607877,0.763,HCV,ARIMA + Fourier
2017-01-01,57,Sexually IDs,2017-2019,Pseudo interruption 2017,2017-01-01,2019-12-01,1,37.03956453603054,36.60341166768074,24.924915339998748,20.2635849580915,51.543486028494804,55.83359937881352,FALSE,FALSE,81.18371040354802,82.22603926818134,32.595705901150346,0.988,HCV,ARIMA + Fourier
2017-02-01,21,Sexually IDs,2017-2019,Pseudo interruption 2017,2017-01-01,2019-12-01,2,19.297941539391314,18.35192192462978,9.79279305489853,6.443184091571509,30.20620600924797,36.14466814065981,TRUE,TRUE,20.41341295434944,29.7014840490883,6.572667894955617,0.623,HCV,ARIMA + Fourier
2017-03-01,19,Sexually IDs,2017-2019,Pseudo interruption 2017,2017-01-01,2019-12-01,3,23.398461272295837,22.75392345668663,11.125309872418498,7.072958870539143,36.350445001756526,46.40159220353767,TRUE,TRUE,25.225135129338028,39.32863333299852,8.612305719363329,0.359,HCV,ARIMA + Fourier
2017-04-01,14,Sexually IDs,2017-2019,Pseudo interruption 2017,2017-01-01,2019-12-01,4,19.65413673445253,18.688678997363432,7.422352580912691,3.2381543667301065,33.70368049873021,40.763662581982615,TRUE,TRUE,26.281327917817517,37.52550821525251,9.45697599335165,0.326,HCV,ARIMA + Fourier
2017-05-01,19,Sexually IDs,2017-2019,Pseudo interruption 2017,2017-01-01,2019-12-01,5,18.86466039945804,17.53414997304526,5.734584083300227,2.0448451326578314,34.75752835499092,44.42129475025452,TRUE,TRUE,29.02294427169069,42.376449617596684,7.511409089738171,0.558,HCV,ARIMA + Fourier
2017-06-01,27,Sexually IDs,2017-2019,Pseudo interruption 2017,2017-01-01,2019-12-01,6,17.237288578547556,15.012512609991747,4.063861148578115,1.0086675011723092,33.488029652575634,44.14919681728656,TRUE,TRUE,29.424168503997517,43.14052931611425,16.02347804529078,0.807,HCV,ARIMA + Fourier
2017-07-01,11,Sexually IDs,2017-2019,Pseudo interruption 2017,2017-01-01,2019-12-01,7,15.105024338970416,12.525952329499013,2.4690512720872047,0.20406324208869916,31.24869412127375,42.15088809866153,TRUE,TRUE,28.779642849186544,41.94682485657283,7.50337771373197,0.44,HCV,ARIMA + Fourier
2017-08-01,16,Sexually IDs,2017-2019,Pseudo interruption 2017,2017-01-01,2019-12-01,8,15.564332801681344,12.77778138357008,2.333196372381736,0.11333217090619944,33.18654811674191,44.396561099011436,TRUE,TRUE,30.853351744360175,44.28322892810524,9.285640329365775,0.594,HCV,ARIMA + Fourier
2017-09-01,39,Sexually IDs,2017-2019,Pseudo interruption 2017,2017-01-01,2019-12-01,9,19.310066353451724,16.46732838234224,3.2768330252777194,0.46502905872971173,39.65088762740341,50.905674104906225,TRUE,TRUE,36.37405460212569,50.44064504617651,25.86361183231338,0.896,HCV,ARIMA + Fourier
2017-10-01,13,Sexually IDs,2017-2019,Pseudo interruption 2017,2017-01-01,2019-12-01,10,19.828834633879314,16.550363524676076,2.7834184473236125,0.08869507194258033,39.86956940198632,58.1131065480326,TRUE,TRUE,37.086150954662706,58.024411476090016,11.095051431530496,0.383,HCV,ARIMA + Fourier
2017-11-01,15,Sexually IDs,2017-2019,Pseudo interruption 2017,2017-01-01,2019-12-01,11,20.55692281688821,17.544202097647023,2.906880901889785,0.23504516323242633,41.23891421810328,58.719123369516986,TRUE,TRUE,38.3320333162135,58.48407820628456,10.50785013696316,0.445,HCV,ARIMA + Fourier
2017-12-01,21,Sexually IDs,2017-2019,Pseudo interruption 2017,2017-01-01,2019-12-01,12,13.495159956712344,9.39202941989871,0.4609491056301031,0.010000000000000002,31.707423845207376,48.70363883663248,TRUE,TRUE,31.246474739577273,48.69363883663248,16.233557975878696,0.772,HCV,ARIMA + Fourier
2018-01-01,53,Sexually IDs,2017-2019,Pseudo interruption 2017,2017-01-01,2019-12-01,13,41.01002654072423,36.66686102834987,12.616057915580402,4.216621018741083,75.32848182313681,99.54754043607761,TRUE,TRUE,62.71242390755641,95.33091941733653,26.913735779222595,0.734,HCV,ARIMA + Fourier
2018-02-01,45,Sexually IDs,2017-2019,Pseudo interruption 2017,2017-01-01,2019-12-01,14,22.825905305817887,18.533351947557925,2.929630227063048,0.13177608221753037,48.00842592280789,72.04496209549745,TRUE,TRUE,45.07879569574484,71.91318601327993,31.26245319380403,0.883,HCV,ARIMA + Fourier
2018-03-01,26,Sexually IDs,2017-2019,Pseudo interruption 2017,2017-01-01,2019-12-01,15,27.15743027588326,23.13485848646969,4.101918995162366,0.6211765586150435,55.5998737825499,79.59480126168346,TRUE,TRUE,51.497954787387535,78.97362470306841,13.690730964928992,0.548,HCV,ARIMA + Fourier
2018-04-01,47,Sexually IDs,2017-2019,Pseudo interruption 2017,2017-01-01,2019-12-01,16,23.144336676889438,18.724230532314845,2.840449742392319,0.1022326186624153,50.24187182066922,72.66236702024902,TRUE,TRUE,47.4014220782769,72.56013440158661,33.1072484827359,0.88,HCV,ARIMA + Fourier
2018-05-01,25,Sexually IDs,2017-2019,Pseudo interruption 2017,2017-01-01,2019-12-01,17,22.12445081349855,17.62845089088558,1.492049233707484,0.010000000000000002,49.66441215891935,72.50910892390297,TRUE,TRUE,48.172362925211864,72.49910892390297,16.504781712281552,0.653,HCV,ARIMA + Fourier
2018-06-01,29,Sexually IDs,2017-2019,Pseudo interruption 2017,2017-01-01,2019-12-01,18,21.145808202807785,15.850738054904099,1.3435164941673436,0.010000000000000002,48.06685129918831,72.80537881362451,TRUE,TRUE,46.72333480502096,72.79537881362451,20.906958277425055,0.719,HCV,ARIMA + Fourier
2018-07-01,18,Sexually IDs,2017-2019,Pseudo interruption 2017,2017-01-01,2019-12-01,19,18.55333451993881,13.259369708667661,0.28741179733308286,0.010000000000000002,44.129020556553854,67.40303166997279,TRUE,TRUE,43.84160875922077,67.39303166997279,13.502882901340106,0.592,HCV,ARIMA + Fourier
2018-08-01,31,Sexually IDs,2017-2019,Pseudo interruption 2017,2017-01-01,2019-12-01,20,19.118614987823396,13.569565380101814,0.41872372842054717,0.010000000000000002,44.15108811235437,71.92158580375772,TRUE,TRUE,43.73236438393383,71.91158580375772,23.817989429498272,0.77,HCV,ARIMA + Fourier
2018-09-01,28,Sexually IDs,2017-2019,Pseudo interruption 2017,2017-01-01,2019-12-01,21,23.373456245300947,18.298391427406365,0.8103325405916536,0.010000000000000002,52.81184326636392,79.39111457084299,TRUE,TRUE,52.00151072577227,79.38111457084298,19.256773157032193,0.657,HCV,ARIMA + Fourier
2018-10-01,31,Sexually IDs,2017-2019,Pseudo interruption 2017,2017-01-01,2019-12-01,22,23.291190549675722,16.898621566142776,0.7846202222157311,0.010000000000000002,51.65233222289247,87.0189216376344,TRUE,TRUE,50.86771200067674,87.0089216376344,22.900293532699436,0.694,HCV,ARIMA + Fourier
2018-11-01,34,Sexually IDs,2017-2019,Pseudo interruption 2017,2017-01-01,2019-12-01,23,24.628628966560072,18.237664135713572,0.7601259576373048,0.010000000000000002,57.32188302784595,86.82295012533199,TRUE,TRUE,56.56175707020864,86.81295012533198,25.132267827675804,0.718,HCV,ARIMA + Fourier
2018-12-01,23,Sexually IDs,2017-2019,Pseudo interruption 2017,2017-01-01,2019-12-01,24,16.940637448790493,9.975053010128805,0.010000000000000002,0.010000000000000002,42.24744049814588,67.26113852002736,TRUE,TRUE,42.23744049814588,67.25113852002735,19.867993612401392,0.716,HCV,ARIMA + Fourier
2019-01-01,84,Sexually IDs,2017-2019,Pseudo interruption 2017,2017-01-01,2019-12-01,25,45.54741623909345,37.76019745348357,7.515677782733576,0.8141656180311969,91.61956447403747,130.28054192534373,TRUE,TRUE,84.1038866913039,129.46637630731254,55.627118960114274,0.864,HCV,ARIMA + Fourier
2019-02-01,45,Sexually IDs,2017-2019,Pseudo interruption 2017,2017-01-01,2019-12-01,26,26.923789830788568,19.234999404644476,0.7382082425021044,0.010000000000000002,64.02289183218187,96.27772891914894,TRUE,TRUE,63.284683589679766,96.26772891914894,34.588259007399145,0.801,HCV,ARIMA + Fourier
2019-03-01,74,Sexually IDs,2017-2019,Pseudo interruption 2017,2017-01-01,2019-12-01,27,31.816485720383206,23.55795894050651,1.8265186836669545,0.010000000000000002,72.54747444053363,108.27333509847601,FALSE,TRUE,85.24621135153033,108.263335098476,58.32356006777868,0.904,HCV,ARIMA + Fourier
2019-04-01,30,Sexually IDs,2017-2019,Pseudo interruption 2017,2017-01-01,2019-12-01,28,27.589392121782822,19.509614893722286,0.5115268264937208,0.010000000000000002,64.09872513460861,100.79225777742376,TRUE,TRUE,63.58719830811489,100.78225777742375,22.597550125417506,0.634,HCV,ARIMA + Fourier
2019-05-01,25,Sexually IDs,2017-2019,Pseudo interruption 2017,2017-01-01,2019-12-01,29,26.800817086207772,19.055861697561788,0.3355217749855913,0.010000000000000002,65.44528902573553,97.02609697743264,TRUE,TRUE,65.10976725074994,97.01609697743264,19.053517281167863,0.59,HCV,ARIMA + Fourier
2019-06-01,43,Sexually IDs,2017-2019,Pseudo interruption 2017,2017-01-01,2019-12-01,30,25.03442393523115,16.677104774198504,0.1166350742181618,0.010000000000000002,60.60042395993582,99.51736619084613,TRUE,TRUE,60.48378888571766,99.50736619084613,34.716017049989865,0.801,HCV,ARIMA + Fourier
2019-07-01,16,Sexually IDs,2017-2019,Pseudo interruption 2017,2017-01-01,2019-12-01,31,22.675555169462775,14.372212911121625,0.010000000000000002,0.010000000000000002,57.27048559193084,92.70233823717571,TRUE,TRUE,57.260485591930845,92.6923382371757,14.171600895298663,0.53,HCV,ARIMA + Fourier
2019-08-01,23,Sexually IDs,2017-2019,Pseudo interruption 2017,2017-01-01,2019-12-01,32,22.909328358248207,14.453035966296387,0.010000000000000002,0.010000000000000002,57.28161846181722,94.76923947674203,TRUE,TRUE,57.27161846181722,94.75923947674202,19.79139975992333,0.622,HCV,ARIMA + Fourier
2019-09-01,38,Sexually IDs,2017-2019,Pseudo interruption 2017,2017-01-01,2019-12-01,33,27.35576003264609,17.790017216767914,0.010000000000000002,0.010000000000000002,69.78296311838642,106.98942289612515,TRUE,TRUE,69.77296311838641,106.97942289612514,31.6108372413725,0.73,HCV,ARIMA + Fourier
2019-10-01,30,Sexually IDs,2017-2019,Pseudo interruption 2017,2017-01-01,2019-12-01,34,27.653926095146073,17.376665744742922,0.011258189963199819,0.010000000000000002,70.42149693323773,113.78356679757604,TRUE,TRUE,70.41023874327453,113.77356679757604,25.915248275032628,0.641,HCV,ARIMA + Fourier
2019-11-01,28,Sexually IDs,2017-2019,Pseudo interruption 2017,2017-01-01,2019-12-01,35,28.85686032604489,18.336926711905015,0.06153790624154413,0.010000000000000002,70.90869472571069,117.20523891646232,TRUE,TRUE,70.84715681946915,117.19523891646232,23.753813278249545,0.603,HCV,ARIMA + Fourier
2019-12-01,30,Sexually IDs,2017-2019,Pseudo interruption 2017,2017-01-01,2019-12-01,36,21.161969227568832,10.710539236856278,0.010000000000000002,0.010000000000000002,56.52805642595632,101.40179736472811,TRUE,TRUE,56.518056425956324,101.3917973647281,28.530129533257117,0.735,HCV,ARIMA + Fourier
2019-01-01,99,Sexually IDs,2019,Pseudo interruption 2019,2019-01-01,2019-12-01,1,125.30221807139034,124.5816675949674,111.30817399689643,100.81264709100417,138.22220967362549,152.91356677582516,FALSE,FALSE,149.99577564569336,124.60680332498764,49.44893031228436,0.012,Chancroid,ARIMA + Fourier
2019-02-01,104,Sexually IDs,2019,Pseudo interruption 2019,2019-01-01,2019-12-01,2,114.80954480054285,114.75592205801303,99.69721470329522,91.15202655220301,127.55982662463747,141.63968428700713,TRUE,TRUE,27.86261192134225,50.48765773480412,15.082261863217346,0.166,Chancroid,ARIMA + Fourier
2019-03-01,99,Sexually IDs,2019,Pseudo interruption 2019,2019-01-01,2019-12-01,3,112.20394271794693,111.91328619073789,96.96743634652623,89.59506863054898,125.70069214917824,139.35538789913141,TRUE,TRUE,28.73325580265201,49.760319268582435,16.918362651757935,0.118,Chancroid,ARIMA + Fourier
2019-04-01,119,Sexually IDs,2019,Pseudo interruption 2019,2019-01-01,2019-12-01,4,108.02265234996116,107.31786961276254,93.18812410060734,84.76111841328455,122.79359224436267,137.36284717432352,TRUE,TRUE,29.60546814375533,52.60172876103897,16.186648363232383,0.852,Chancroid,ARIMA + Fourier
2019-05-01,116,Sexually IDs,2019,Pseudo interruption 2019,2019-01-01,2019-12-01,5,119.08652538282745,118.42146667179412,103.27583506813738,94.28133017791242,133.97941051663474,149.65976437324179,TRUE,TRUE,30.70357544849736,55.37843419532936,9.06488277700805,0.4,Chancroid,ARIMA + Fourier
2019-06-01,121,Sexually IDs,2019,Pseudo interruption 2019,2019-01-01,2019-12-01,6,121.086628390585,120.15062739768479,105.73819307586433,96.65758218241884,137.58954255868258,151.39384346705944,TRUE,TRUE,31.85134948281825,54.736261284640605,7.965164450488716,0.526,Chancroid,ARIMA + Fourier
2019-07-01,108,Sexually IDs,2019,Pseudo interruption 2019,2019-01-01,2019-12-01,7,120.66332838362875,120.31379448664288,104.53751723874083,95.53533052367104,136.63828507401658,148.99220768507251,TRUE,TRUE,32.10076783527575,53.45687716140148,17.12543352941448,0.161,Chancroid,ARIMA + Fourier
2019-08-01,115,Sexually IDs,2019,Pseudo interruption 2019,2019-01-01,2019-12-01,8,123.86570616354372,122.71054145814102,107.52537456225681,99.85934491367908,140.2564815475098,157.73609633834167,TRUE,TRUE,32.73110698525298,57.87675142466259,13.7204803411398,0.249,Chancroid,ARIMA + Fourier
2019-09-01,116,Sexually IDs,2019,Pseudo interruption 2019,2019-01-01,2019-12-01,9,116.0395514048645,115.56415479898442,99.99726956965685,91.36385785446531,132.53872799317148,147.4674882783032,TRUE,TRUE,32.54145842351463,56.103630423837885,7.799454725528321,0.516,Chancroid,ARIMA + Fourier
2019-10-01,112,Sexually IDs,2019,Pseudo interruption 2019,2019-01-01,2019-12-01,10,115.78348440876374,115.92735031679973,98.85014770610013,90.30804968574336,131.55568224208596,143.9608024301053,TRUE,TRUE,32.705534535985834,53.65275274436195,10.520875888971997,0.371,Chancroid,ARIMA + Fourier
2019-11-01,102,Sexually IDs,2019,Pseudo interruption 2019,2019-01-01,2019-12-01,11,115.06823331415248,114.47631212251682,98.36162757512376,90.05289094814474,132.30565284571523,145.32605174140832,TRUE,TRUE,33.94402527059147,55.273160793263585,17.623020173038633,0.158,Chancroid,ARIMA + Fourier
2019-12-01,89,Sexually IDs,2019,Pseudo interruption 2019,2019-01-01,2019-12-01,12,103.61495483734826,103.26119002305992,88.36169412866225,79.80369615323755,118.30020652817237,131.9589583923861,TRUE,TRUE,29.938512399510117,52.155262239148556,18.2853244919355,0.11,Chancroid,ARIMA + Fourier
2018-01-01,126,Sexually IDs,2018-2019,Pseudo interruption 2018,2018-01-01,2019-12-01,1,106.90756586008544,107.0088221771369,93.37031681783648,84.93637341196055,119.64386084497018,134.52429551725595,FALSE,TRUE,89.83493557743192,49.587922105295405,31.550048834891403,0.942,Chancroid,ARIMA + Fourier
2018-02-01,96,Sexually IDs,2018-2019,Pseudo interruption 2018,2018-01-01,2019-12-01,2,99.54819724402667,99.51677646608192,86.3294910355988,79.16969758942119,111.07625071505096,126.85467844620226,TRUE,TRUE,24.746759679452154,47.68498085678107,8.680301955849124,0.373,Chancroid,ARIMA + Fourier
2018-03-01,87,Sexually IDs,2018-2019,Pseudo interruption 2018,2018-01-01,2019-12-01,3,97.9147634072906,97.54390167748065,83.79609448758946,77.60937383268993,110.64297315673109,122.88361246665005,TRUE,TRUE,26.84687866914163,45.274238633960124,14.541591474405584,0.163,Chancroid,ARIMA + Fourier
2018-04-01,98,Sexually IDs,2018-2019,Pseudo interruption 2018,2018-01-01,2019-12-01,4,92.3381602062917,92.59601899732498,79.65319255427154,71.92599011284777,103.91030389001465,114.05280748224321,TRUE,TRUE,24.257111335743105,42.12681736939544,9.889395310634734,0.729,Chancroid,ARIMA + Fourier
2018-05-01,114,Sexually IDs,2018-2019,Pseudo interruption 2018,2018-01-01,2019-12-01,5,102.46235532555157,102.42417597090851,87.57834866595972,80.7710335837641,116.15982450837996,130.97437116215013,TRUE,TRUE,28.581475842420232,50.20333757838604,15.841828861195873,0.877,Chancroid,ARIMA + Fourier
2018-06-01,104,Sexually IDs,2018-2019,Pseudo interruption 2018,2018-01-01,2019-12-01,6,105.0853641996482,105.39592092743757,90.50142827030733,83.23150972166995,118.39899037795506,129.6165575100504,TRUE,TRUE,27.89756210764773,46.38504778838045,7.435748590708913,0.447,Chancroid,ARIMA + Fourier
2018-07-01,105,Sexually IDs,2018-2019,Pseudo interruption 2018,2018-01-01,2019-12-01,7,104.70787352077669,104.28968322125002,91.05178052211394,83.23517870504237,118.27645254576971,130.20406584489305,TRUE,TRUE,27.22467202365577,46.96888713985068,6.802956432378937,0.523,Chancroid,ARIMA + Fourier
2018-08-01,140,Sexually IDs,2018-2019,Pseudo interruption 2018,2018-01-01,2019-12-01,8,104.02884594542554,103.69512124624381,89.6256317842571,81.93062567364107,117.8873796001914,129.26274006286735,FALSE,FALSE,249.38795181402037,476.8225118745322,88.0188757682295,0.992,Chancroid,ARIMA + Fourier
2018-09-01,110,Sexually IDs,2018-2019,Pseudo interruption 2018,2018-01-01,2019-12-01,9,100.04095678881781,99.67899887806958,85.9765100008713,78.73156982653235,113.70554979022003,126.76681699319485,TRUE,TRUE,27.729039789348732,48.0352471666625,14.614857150506637,0.837,Chancroid,ARIMA + Fourier
2018-10-01,97,Sexually IDs,2018-2019,Pseudo interruption 2018,2018-01-01,2019-12-01,10,100.80418289756872,100.77145578004048,85.9075288542148,79.61752099890742,113.7793898322408,128.23329707192661,TRUE,TRUE,27.871860978025992,48.61577607301919,9.421293423437314,0.369,Chancroid,ARIMA + Fourier
2018-11-01,119,Sexually IDs,2018-2019,Pseudo interruption 2018,2018-01-01,2019-12-01,11,97.6048253461375,97.62948622736678,82.34680423621609,74.53544393422702,111.62364385794885,126.03204921532962,FALSE,TRUE,103.04040104224427,51.4966052811026,35.64273939610976,0.956,Chancroid,ARIMA + Fourier
2018-12-01,88,Sexually IDs,2018-2019,Pseudo interruption 2018,2018-01-01,2019-12-01,12,89.26500137093501,88.9078320129225,74.71529011178903,67.36109410347952,103.84409903472698,114.1895927740793,TRUE,TRUE,29.12880892293795,46.828498670599785,7.260014984832063,0.46,Chancroid,ARIMA + Fourier
2019-01-01,99,Sexually IDs,2018-2019,Pseudo interruption 2018,2018-01-01,2019-12-01,13,116.85081594282643,116.15666732582652,99.75894774478151,92.2926717726215,134.1680508477354,145.66610888463134,FALSE,TRUE,41.99858055076898,53.37343711200984,22.580044233264648,0.09,Chancroid,ARIMA + Fourier
2019-02-01,104,Sexually IDs,2018-2019,Pseudo interruption 2018,2018-01-01,2019-12-01,14,108.52445941836828,107.99917424926925,93.48197933798964,85.79708056076184,123.25255438496076,136.61543472253732,TRUE,TRUE,29.770575046971118,50.818354161775474,9.995365573401795,0.352,Chancroid,ARIMA + Fourier
2019-03-01,99,Sexually IDs,2018-2019,Pseudo interruption 2018,2018-01-01,2019-12-01,15,106.45869905177176,105.59265370246229,90.84306973624592,82.51696658054259,122.20668015003015,135.34135217504803,TRUE,TRUE,31.36361041378423,52.82438559450544,12.405276051955523,0.276,Chancroid,ARIMA + Fourier
2019-04-01,119,Sexually IDs,2018-2019,Pseudo interruption 2018,2018-01-01,2019-12-01,16,100.90065472702064,100.66641616224148,85.83041770619087,77.54240063025127,116.23015090610444,126.93537398973979,FALSE,TRUE,58.098224138869156,49.39297335948852,25.938301866805425,0.925,Chancroid,ARIMA + Fourier
2019-05-01,116,Sexually IDs,2018-2019,Pseudo interruption 2018,2018-01-01,2019-12-01,17,110.89398338757245,109.9626850153414,95.50135954068529,86.33168587896867,127.20420881062053,137.85740240493743,TRUE,TRUE,31.702849269935243,51.52571652596876,11.963336531955264,0.688,Chancroid,ARIMA + Fourier
2019-06-01,121,Sexually IDs,2018-2019,Pseudo interruption 2018,2018-01-01,2019-12-01,18,113.88409524042966,114.06018143657171,96.72719410696385,87.86827166756933,130.680770550074,143.08910103107632,TRUE,TRUE,33.95357644311014,55.220829363506994,13.193260256180533,0.706,Chancroid,ARIMA + Fourier
2019-07-01,108,Sexually IDs,2018-2019,Pseudo interruption 2018,2018-01-01,2019-12-01,19,113.41472269956147,113.35231280939053,95.33503918531025,88.24256824281474,131.13669002805827,143.34421360690786,TRUE,TRUE,35.80165084274802,55.101645364093116,12.214180196915828,0.352,Chancroid,ARIMA + Fourier
2019-08-01,115,Sexually IDs,2018-2019,Pseudo interruption 2018,2018-01-01,2019-12-01,20,113.81119852874706,113.27099074567482,96.7605146277065,87.23274865426994,131.17990113788275,143.6755928290512,TRUE,TRUE,34.41938651017625,56.44284417478126,9.148023012079594,0.554,Chancroid,ARIMA + Fourier
2019-09-01,116,Sexually IDs,2018-2019,Pseudo interruption 2018,2018-01-01,2019-12-01,21,108.17817322271769,107.7644795503291,91.85202568976743,83.3362848901613,124.37740352214192,135.7728147691239,TRUE,TRUE,32.52537783237449,52.4365298789626,13.889938008075143,0.719,Chancroid,ARIMA + Fourier
2019-10-01,112,Sexually IDs,2018-2019,Pseudo interruption 2018,2018-01-01,2019-12-01,22,109.35146584695121,109.14999674047846,91.83903634776027,83.91301658779707,126.87689713010931,138.44329867383354,TRUE,TRUE,35.03786078234904,54.530282086036465,10.06727161623454,0.594,Chancroid,ARIMA + Fourier
2019-11-01,102,Sexually IDs,2018-2019,Pseudo interruption 2018,2018-01-01,2019-12-01,23,106.6687918284561,106.19772750805282,90.41034074909034,82.25215403386727,122.96050634703319,134.00846788297412,TRUE,TRUE,32.55016559794285,51.756313849106846,10.636461056077387,0.362,Chancroid,ARIMA + Fourier
2019-12-01,89,Sexually IDs,2018-2019,Pseudo interruption 2018,2018-01-01,2019-12-01,24,97.8209630143057,97.27546671365725,81.46581862467112,74.18604687850339,114.01315522729519,128.86006400495492,TRUE,TRUE,32.54733660262407,54.67401712645153,14.014907912403714,0.249,Chancroid,ARIMA + Fourier
2017-01-01,97,Sexually IDs,2017-2019,Pseudo interruption 2017,2017-01-01,2019-12-01,1,86.47116876590367,86.87788466295358,73.69092221949157,68.32083664416413,96.51564976460627,110.08152134492109,FALSE,TRUE,27.668229899052037,41.760684700756954,14.195036441515745,0.929,Chancroid,ARIMA + Fourier
2017-02-01,75,Sexually IDs,2017-2019,Pseudo interruption 2017,2017-01-01,2019-12-01,2,82.24007364215608,82.49773239225752,69.63371191283197,64.10407432009539,91.68393078321667,104.43020122499655,TRUE,TRUE,22.050218870384697,40.32612690490116,11.139266009263611,0.204,Chancroid,ARIMA + Fourier
2017-03-01,87,Sexually IDs,2017-2019,Pseudo interruption 2017,2017-01-01,2019-12-01,3,79.48826035466756,79.65911132633371,67.43851325766177,61.50031271924952,88.7673202415306,101.54586847333157,TRUE,TRUE,21.32880698386883,40.045555754082045,10.887142286515322,0.844,Chancroid,ARIMA + Fourier
2017-04-01,89,Sexually IDs,2017-2019,Pseudo interruption 2017,2017-01-01,2019-12-01,4,73.47957439863441,73.50004579942521,62.30456682202659,56.36859797067549,83.09084000252982,94.4372980972712,FALSE,TRUE,79.87787315520507,38.06870012659571,26.703171070356472,0.946,Chancroid,ARIMA + Fourier
2017-05-01,99,Sexually IDs,2017-2019,Pseudo interruption 2017,2017-01-01,2019-12-01,5,82.10067111029906,82.19688364423499,70.08964789791433,63.72384119057604,92.88090411670049,105.0787025989061,FALSE,TRUE,83.98221505178124,41.354861408330066,28.533841949230215,0.954,Chancroid,ARIMA + Fourier
2017-06-01,93,Sexually IDs,2017-2019,Pseudo interruption 2017,2017-01-01,2019-12-01,6,85.48043068020642,85.89412406482288,72.90904061792918,67.1753392642438,96.29208230093937,108.89961324786687,TRUE,TRUE,23.38304168301019,41.724273983623064,11.094958376768252,0.832,Chancroid,ARIMA + Fourier
2017-07-01,111,Sexually IDs,2017-2019,Pseudo interruption 2017,2017-01-01,2019-12-01,7,83.42020197959647,83.64110787399792,69.91699087370878,63.91369600262674,94.00798499471111,106.42178539328343,FALSE,FALSE,194.01114417389124,225.63667365931954,61.954363714997044,0.985,Chancroid,ARIMA + Fourier
2017-08-01,89,Sexually IDs,2017-2019,Pseudo interruption 2017,2017-01-01,2019-12-01,8,85.2871696274533,85.09472640379178,72.15182632227359,65.96518884860025,96.58870265571738,109.50830863494467,TRUE,TRUE,24.43687633344379,43.54311978634442,8.775843881771358,0.671,Chancroid,ARIMA + Fourier
2017-09-01,99,Sexually IDs,2017-2019,Pseudo interruption 2017,2017-01-01,2019-12-01,9,79.8397349697245,79.78167357546903,67.50588865129849,61.38735481852987,89.85411990812439,107.71337721000204,FALSE,TRUE,113.80703217558201,46.326022391472165,35.436827183376785,0.959,Chancroid,ARIMA + Fourier
2017-10-01,93,Sexually IDs,2017-2019,Pseudo interruption 2017,2017-01-01,2019-12-01,10,81.28176239628071,81.25506964918367,68.13757132493822,62.31377867333435,92.37373826115294,107.31657532921881,FALSE,TRUE,30.498784324685346,45.00279665588446,16.0758616388381,0.906,Chancroid,ARIMA + Fourier
2017-11-01,77,Sexually IDs,2017-2019,Pseudo interruption 2017,2017-01-01,2019-12-01,11,80.07473977283792,79.56701601936044,67.90402568351892,62.393467432497616,90.56091127895482,104.32415659342915,TRUE,TRUE,22.656885595435895,41.930689160931536,7.355942077195354,0.381,Chancroid,ARIMA + Fourier
2017-12-01,94,Sexually IDs,2017-2019,Pseudo interruption 2017,2017-01-01,2019-12-01,12,69.32228070260668,69.20243356418555,58.193115930674246,52.027779500394175,79.56384047273056,91.56822202238303,FALSE,FALSE,165.7323198147507,136.8115616266678,51.82768678407838,0.98,Chancroid,ARIMA + Fourier
2018-01-01,126,Sexually IDs,2017-2019,Pseudo interruption 2017,2017-01-01,2019-12-01,13,93.75843096243254,93.97712440662364,80.23655319447838,74.32052970300933,104.71605601477323,117.52444769774624,FALSE,FALSE,237.31894267256257,382.2260100848873,78.8783717057066,0.988,Chancroid,ARIMA + Fourier
2018-02-01,96,Sexually IDs,2017-2019,Pseudo interruption 2017,2017-01-01,2019-12-01,14,89.35699487731988,89.37615395544682,75.89406702582485,69.16286130113248,101.73335264123658,113.55749980154192,TRUE,TRUE,25.839285615411725,44.39463850040944,11.209148074124794,0.764,Chancroid,ARIMA + Fourier
2018-03-01,87,Sexually IDs,2017-2019,Pseudo interruption 2017,2017-01-01,2019-12-01,15,85.9599503805765,85.80805172315536,72.54145632302188,65.2030142722325,97.44834643775668,111.60121948288815,TRUE,TRUE,24.906890114734807,46.39820521065566,6.79458924825951,0.549,Chancroid,ARIMA + Fourier
2018-04-01,98,Sexually IDs,2017-2019,Pseudo interruption 2017,2017-01-01,2019-12-01,16,79.82336605539359,80.02108734505813,66.92462530194678,61.363761403832406,91.03591304768389,102.60247993140541,FALSE,TRUE,93.7521572688982,41.238718527573006,31.033024028080128,0.963,Chancroid,ARIMA + Fourier
2018-05-01,114,Sexually IDs,2017-2019,Pseudo interruption 2017,2017-01-01,2019-12-01,17,88.9380913981942,88.44276671111469,75.63992925687425,68.36814021997563,101.59309461951506,115.56264854208148,FALSE,TRUE,150.02221916749022,47.19450832210585,46.33712203079092,0.97,Chancroid,ARIMA + Fourier
2018-06-01,104,Sexually IDs,2017-2019,Pseudo interruption 2017,2017-01-01,2019-12-01,18,92.63643837145129,92.02240236041307,79.30211127333001,72.95352132640149,106.00605257585264,120.37781586477549,TRUE,TRUE,26.703941302522622,47.424294538374,15.751680501608126,0.875,Chancroid,ARIMA + Fourier
2018-07-01,105,Sexually IDs,2017-2019,Pseudo interruption 2017,2017-01-01,2019-12-01,19,89.65068103730339,89.22145951762637,75.7791613758553,69.34343321276235,102.55477162377753,114.69336981568016,FALSE,TRUE,51.22789401014697,45.34993660291781,22.63329289163913,0.933,Chancroid,ARIMA + Fourier
2018-08-01,140,Sexually IDs,2017-2019,Pseudo interruption 2017,2017-01-01,2019-12-01,20,91.83747288239789,91.62776301045088,78.41838862685887,70.87541533481107,104.0393484271993,116.9618997645545,FALSE,FALSE,385.22747552834744,967.6104938475634,139.03860543007744,1,Chancroid,ARIMA + Fourier
2018-09-01,110,Sexually IDs,2017-2019,Pseudo interruption 2017,2017-01-01,2019-12-01,21,85.87893988629281,85.71714054110933,72.68223115731766,65.6749067256853,98.59590648215894,111.384970665503,FALSE,TRUE,139.9546105032519,45.7100639398177,43.64742780522555,0.971,Chancroid,ARIMA + Fourier
2018-10-01,97,Sexually IDs,2017-2019,Pseudo interruption 2017,2017-01-01,2019-12-01,22,87.51889747662162,87.45654196340962,72.73041340281499,66.99008021411971,100.03104722568,113.65651997700947,TRUE,TRUE,27.30063382286501,46.66643976288975,13.869525431446295,0.858,Chancroid,ARIMA + Fourier
2018-11-01,119,Sexually IDs,2017-2019,Pseudo interruption 2017,2017-01-01,2019-12-01,23,86.58542492659308,86.83096810566734,72.58300981139463,67.05941604321704,98.85639378854529,110.57828976014612,FALSE,FALSE,227.70944609169777,380.3872833110843,77.38422822258114,0.991,Chancroid,ARIMA + Fourier
2018-12-01,88,Sexually IDs,2017-2019,Pseudo interruption 2017,2017-01-01,2019-12-01,24,75.8845365792209,75.21278123960812,63.28132254074647,58.54608228402025,88.14638548699003,100.08512954104762,TRUE,TRUE,24.865062946243555,41.53904725702737,15.869746969993567,0.896,Chancroid,ARIMA + Fourier
2019-01-01,99,Sexually IDs,2017-2019,Pseudo interruption 2017,2017-01-01,2019-12-01,25,101.7037527587585,101.52458196687257,87.26979159707541,79.40946258213492,115.30754015110904,130.57167661782492,TRUE,TRUE,28.037748554033627,51.16221403569,8.552193903571041,0.419,Chancroid,ARIMA + Fourier
2019-02-01,104,Sexually IDs,2017-2019,Pseudo interruption 2017,2017-01-01,2019-12-01,26,96.72076293706492,96.43528870418339,81.63649076548785,74.59044122830402,111.1076017569778,124.93775931353747,TRUE,TRUE,29.47111099148995,50.347318085233454,12.781039518701018,0.783,Chancroid,ARIMA + Fourier
2019-03-01,99,Sexually IDs,2017-2019,Pseudo interruption 2017,2017-01-01,2019-12-01,27,93.16571565853455,93.40874029759274,78.48109216660288,71.84101760067526,106.24180919963548,114.75961562294441,TRUE,TRUE,27.760717033032606,42.91859802226915,10.63146640810179,0.705,Chancroid,ARIMA + Fourier
2019-04-01,119,Sexually IDs,2017-2019,Pseudo interruption 2017,2017-01-01,2019-12-01,28,87.1784601461441,87.42188798988249,73.2884154230679,66.67049893995073,99.74900190817189,111.58380978840913,FALSE,FALSE,218.97056740338508,341.56091931209335,73.96021716511936,0.989,Chancroid,ARIMA + Fourier
2019-05-01,116,Sexually IDs,2017-2019,Pseudo interruption 2017,2017-01-01,2019-12-01,29,96.1773734026066,96.06058852158607,81.9020023403419,74.87506263191595,109.29947437312768,126.08316199988796,FALSE,TRUE,94.40272830150899,51.20809936797201,33.10428968569146,0.942,Chancroid,ARIMA + Fourier
2019-06-01,121,Sexually IDs,2017-2019,Pseudo interruption 2017,2017-01-01,2019-12-01,30,100.09309710646879,99.64329085145715,85.84549059866445,78.49684991186184,113.13139126134251,127.44769490325226,FALSE,TRUE,105.97198804925291,48.95084499139041,35.99891920637036,0.958,Chancroid,ARIMA + Fourier
2019-07-01,108,Sexually IDs,2017-2019,Pseudo interruption 2017,2017-01-01,2019-12-01,31,97.52333917199594,96.86120779659308,81.94105474276492,75.24319490850661,112.88107784271519,125.68760756664743,TRUE,TRUE,30.940023099950267,50.44441265814082,15.879213965043215,0.833,Chancroid,ARIMA + Fourier
2019-08-01,115,Sexually IDs,2017-2019,Pseudo interruption 2017,2017-01-01,2019-12-01,32,100.15751465893375,100.24748506690909,85.16767810831404,76.89487713506468,114.38045178053147,127.51776163908013,FALSE,TRUE,35.40825586690271,50.62288450401546,19.49224826533778,0.909,Chancroid,ARIMA + Fourier
2019-09-01,116,Sexually IDs,2017-2019,Pseudo interruption 2017,2017-01-01,2019-12-01,33,93.2373567325023,93.84044015951883,78.44460050291165,71.7498896264852,106.20405457782584,117.9538881697541,FALSE,TRUE,125.71890829665575,46.203998543268895,39.69083314158061,0.967,Chancroid,ARIMA + Fourier
2019-10-01,112,Sexually IDs,2017-2019,Pseudo interruption 2017,2017-01-01,2019-12-01,34,95.63790844483634,94.8330072069036,80.79647251667143,74.28445284638393,109.5782694020901,122.0839422560333,FALSE,TRUE,52.99910286451767,47.79948940964937,24.12543026918592,0.918,Chancroid,ARIMA + Fourier
2019-11-01,102,Sexually IDs,2017-2019,Pseudo interruption 2017,2017-01-01,2019-12-01,35,94.37803233896756,93.57399778099644,79.60745152900347,72.64455899351698,109.25122095854293,122.46438533649786,TRUE,TRUE,29.64376942953946,49.819826342980875,13.476597937648398,0.777,Chancroid,ARIMA + Fourier
2019-12-01,89,Sexually IDs,2017-2019,Pseudo interruption 2017,2017-01-01,2019-12-01,36,82.98923144204454,82.21497495863514,69.65196719863646,62.57434675047015,97.23194433863718,109.86882579856106,TRUE,TRUE,27.57997714000072,47.29447904809091,11.732595537415643,0.735,Chancroid,ARIMA + Fourier
2019-01-01,201,Sexually IDs,2019,Pseudo interruption 2019,2019-01-01,2019-12-01,1,194.6803528286182,196.34642222981788,168.78570530772853,154.22890154059291,219.42881218558242,242.04003485802852,TRUE,TRUE,50.64310687785388,87.8111333174356,15.338204649299746,0.655,Genital herpes,Hybrid
2019-02-01,159,Sexually IDs,2019,Pseudo interruption 2019,2019-01-01,2019-12-01,2,173.84341483128952,172.41467068166781,149.2864528034051,139.7631116589054,199.9112425613395,218.84247430428317,TRUE,TRUE,50.624789757934394,79.07936264537778,21.994877412418866,0.254,Genital herpes,Hybrid
2019-03-01,180,Sexually IDs,2019,Pseudo interruption 2019,2019-01-01,2019-12-01,3,190.46274530925123,190.21225088962868,164.90990960413782,154.38021447783484,217.43451520195995,245.43196172362903,TRUE,TRUE,52.52460559782213,91.05174724579419,20.215807497186255,0.35,Genital herpes,Hybrid
2019-04-01,149,Sexually IDs,2019,Pseudo interruption 2019,2019-01-01,2019-12-01,4,182.7862303125396,181.83150085835626,158.11222821763866,148.25398704132851,210.04158942077626,229.22411526296574,FALSE,TRUE,143.0516433795242,80.97012822163722,52.39226875627437,0.029,Genital herpes,Hybrid
2019-05-01,169,Sexually IDs,2019,Pseudo interruption 2019,2019-01-01,2019-12-01,5,182.37101896703962,182.10940176041893,156.84433318910874,142.73042671855998,209.5718468672815,236.01630119094364,TRUE,TRUE,52.727513678172755,93.28587447238365,22.65535857573813,0.276,Genital herpes,Hybrid
2019-06-01,163,Sexually IDs,2019,Pseudo interruption 2019,2019-01-01,2019-12-01,6,191.10379725893694,192.3209811730848,165.1553195992015,150.66360067635296,218.03226663456752,246.18702805859522,FALSE,TRUE,74.43014302738106,95.52342738224226,39.186544918138495,0.082,Genital herpes,Hybrid
2019-07-01,164,Sexually IDs,2019,Pseudo interruption 2019,2019-01-01,2019-12-01,7,180.2180395887339,179.2471730131964,156.1493685985285,142.6790693902493,205.60896340611467,227.5143071069084,TRUE,TRUE,49.45959480758617,84.8352377166591,23.50468308843727,0.228,Genital herpes,Hybrid
2019-08-01,160,Sexually IDs,2019,Pseudo interruption 2019,2019-01-01,2019-12-01,8,185.4653877401897,186.07216509465812,160.19379771908717,145.93588232084667,212.3372963303647,231.62208379735293,FALSE,TRUE,54.08147580214924,85.68620147650626,32.93821626313062,0.091,Genital herpes,Hybrid
2019-09-01,159,Sexually IDs,2019,Pseudo interruption 2019,2019-01-01,2019-12-01,9,186.43967385067955,186.50969897726893,160.2803451168902,150.78040761175183,214.29037400419745,232.70829534903754,FALSE,TRUE,66.81348005620927,81.92788773728572,35.97503150030005,0.09,Genital herpes,Hybrid
2019-10-01,205,Sexually IDs,2019,Pseudo interruption 2019,2019-01-01,2019-12-01,10,176.58119958253377,176.56675828491487,151.11682029260004,137.98089608866317,203.8081590564266,229.8973131234453,FALSE,TRUE,64.60974819956053,91.91641703478211,36.76080976538908,0.909,Genital herpes,Hybrid
2019-11-01,159,Sexually IDs,2019,Pseudo interruption 2019,2019-01-01,2019-12-01,11,166.79443725510947,165.9755398246737,141.62518910046907,130.955692217931,191.5133116846459,220.8025240602144,TRUE,TRUE,49.88812258417684,89.84683184228342,17.156404746898584,0.349,Genital herpes,Hybrid
2019-12-01,173,Sexually IDs,2019,Pseudo interruption 2019,2019-01-01,2019-12-01,12,155.85743360465065,156.8156351412039,132.26597706912125,119.89275385414153,181.6879560281854,198.48013873612376,TRUE,TRUE,49.42197895906415,78.58738488198223,23.998503915766435,0.839,Genital herpes,Hybrid
2018-01-01,227,Sexually IDs,2018-2019,Pseudo interruption 2018,2018-01-01,2019-12-01,1,170.60150012578748,169.63220318708161,147.39182228236731,138.9208907724634,198.75263817215998,213.9789442566145,FALSE,FALSE,333.8344341681929,595.9002832195706,123.1437582460284,0.996,Genital herpes,Hybrid
2018-02-01,148,Sexually IDs,2018-2019,Pseudo interruption 2018,2018-01-01,2019-12-01,2,163.50322451060651,162.96240444072282,141.62984059164606,131.716555159737,187.59982004557043,204.55048487629804,TRUE,TRUE,45.96997945392437,72.83392971656104,22.2384774538686,0.233,Genital herpes,Hybrid
2018-03-01,181,Sexually IDs,2018-2019,Pseudo interruption 2018,2018-01-01,2019-12-01,3,176.10771775606398,175.43089346792144,154.12949150959915,143.82578944012914,201.35590969299247,219.57521093451143,TRUE,TRUE,47.22641818339332,75.74942149438229,15.041488994781076,0.646,Genital herpes,Hybrid
2018-04-01,191,Sexually IDs,2018-2019,Pseudo interruption 2018,2018-01-01,2019-12-01,4,164.87357231992215,163.74758430288955,142.36189059440667,132.42255438852476,192.9046705862123,207.9094640021533,TRUE,TRUE,50.54277999180562,75.48690961362854,32.908253740922405,0.891,Genital herpes,Hybrid
2018-05-01,201,Sexually IDs,2018-2019,Pseudo interruption 2018,2018-01-01,2019-12-01,5,168.15347884308346,167.2469328389518,147.39218374323949,137.31811654914887,189.5692755970342,214.03243397727405,FALSE,TRUE,156.4843358834528,76.71431742812518,55.10852016731601,0.953,Genital herpes,Hybrid
2018-06-01,189,Sexually IDs,2018-2019,Pseudo interruption 2018,2018-01-01,2019-12-01,6,178.02956479578938,178.02740763367063,155.3557588774058,145.00836860348244,203.40085362941429,223.607405431327,TRUE,TRUE,48.04509475200848,78.59903682784457,19.609250526498634,0.719,Genital herpes,Hybrid
2018-07-01,197,Sexually IDs,2018-2019,Pseudo interruption 2018,2018-01-01,2019-12-01,7,164.77994355048466,163.90201351481682,142.04948430151478,133.7399738717737,188.08771593935228,207.53711501886053,FALSE,TRUE,135.1610722443147,73.79714114708682,51.056046393120376,0.929,Genital herpes,Hybrid
2018-08-01,208,Sexually IDs,2018-2019,Pseudo interruption 2018,2018-01-01,2019-12-01,8,167.39987873039456,166.56544994930096,144.8473238216539,134.82003690530814,190.6734941608493,210.91082371313956,FALSE,TRUE,219.0912287307025,76.09078680783142,71.2458681097849,0.957,Genital herpes,Hybrid
2018-09-01,195,Sexually IDs,2018-2019,Pseudo interruption 2018,2018-01-01,2019-12-01,9,170.49858225709784,169.61931425439738,147.62018673113022,137.4298752436936,193.77483987017965,214.1719549891025,FALSE,TRUE,58.406254437252954,76.74207974540889,32.719232496258925,0.915,Genital herpes,Hybrid
2018-10-01,187,Sexually IDs,2018-2019,Pseudo interruption 2018,2018-01-01,2019-12-01,10,156.86088327873662,156.1248155549331,135.71229652577927,126.05476209804318,180.28256359602932,199.91067804883457,FALSE,TRUE,111.74463110995686,73.85591595079138,45.53352517167828,0.945,Genital herpes,Hybrid
2018-11-01,188,Sexually IDs,2018-2019,Pseudo interruption 2018,2018-01-01,2019-12-01,11,151.10603879524922,150.2263573161387,130.56766368078092,121.09665372686567,171.12155820255612,191.26126212755509,FALSE,TRUE,209.33831249621403,70.16460840068942,66.51962848251087,0.973,Genital herpes,Hybrid
2018-12-01,127,Sexually IDs,2018-2019,Pseudo interruption 2018,2018-01-01,2019-12-01,12,144.69404451026512,144.1723716973146,123.80869055820003,114.55174869129668,166.9990213616607,185.3532796810439,TRUE,TRUE,43.19033080346068,70.8015309897472,23.48041152599527,0.179,Genital herpes,Hybrid
2019-01-01,201,Sexually IDs,2018-2019,Pseudo interruption 2018,2018-01-01,2019-12-01,13,166.22753577283783,165.06645149232884,144.10294987676988,135.7284671917585,194.9304959902481,207.58274310220338,FALSE,TRUE,111.5225862109973,71.85427591044487,49.4646236363143,0.939,Genital herpes,Hybrid
2019-02-01,159,Sexually IDs,2018-2019,Pseudo interruption 2018,2018-01-01,2019-12-01,14,160.10523247090558,159.36773613312883,137.79216430131535,128.0575988937404,183.22813658416243,202.43085678281392,TRUE,TRUE,45.435972282847075,74.37325788907353,10.538874787321538,0.477,Genital herpes,Hybrid
2019-03-01,180,Sexually IDs,2018-2019,Pseudo interruption 2018,2018-01-01,2019-12-01,15,170.99627191753885,170.96996395034526,149.0550323613039,138.92532424421094,195.54982290366178,213.5102555129018,TRUE,TRUE,46.49479054235789,74.58493126869087,17.64659257724869,0.683,Genital herpes,Hybrid
2019-04-01,149,Sexually IDs,2018-2019,Pseudo interruption 2018,2018-01-01,2019-12-01,16,161.61993153098484,161.15262163214672,139.6582724957737,129.8196159849917,185.33463007733704,202.1848674803718,TRUE,TRUE,45.67635758156334,72.36525149538008,19.924924578582715,0.273,Genital herpes,Hybrid
2019-05-01,169,Sexually IDs,2018-2019,Pseudo interruption 2018,2018-01-01,2019-12-01,17,162.1714910722602,161.38358716564812,141.02608810070313,132.74283841943927,186.28549694330292,206.29451410974784,TRUE,TRUE,45.25940884259978,73.55167569030857,16.276702709909806,0.686,Genital herpes,Hybrid
2019-06-01,163,Sexually IDs,2018-2019,Pseudo interruption 2018,2018-01-01,2019-12-01,18,172.450916433416,171.16975926251789,149.7647932306599,139.60853811265105,196.99612363117473,216.88958841502225,TRUE,TRUE,47.23133040051482,77.2810503023712,17.184062286191526,0.347,Genital herpes,Hybrid
2019-07-01,164,Sexually IDs,2018-2019,Pseudo interruption 2018,2018-01-01,2019-12-01,19,161.92927290853024,161.3200921298182,138.83288578782862,130.55115519661493,189.4872232601473,203.56004176263173,TRUE,TRUE,50.65433747231867,73.0088865660168,13.168975754357106,0.588,Genital herpes,Hybrid
2019-08-01,160,Sexually IDs,2018-2019,Pseudo interruption 2018,2018-01-01,2019-12-01,20,161.71265721119772,162.0243068172222,140.4311446567071,132.2073468586081,181.6635560785144,198.8244186879761,TRUE,TRUE,41.23241142180731,66.617071829368,10.881314154441649,0.462,Genital herpes,Hybrid
2019-09-01,159,Sexually IDs,2018-2019,Pseudo interruption 2018,2018-01-01,2019-12-01,21,166.1128498317022,164.65674258091607,143.71580989337565,135.31636381320146,194.48524240638594,209.55023292795855,TRUE,TRUE,50.76943251301029,74.23386911475708,15.617858031404788,0.399,Genital herpes,Hybrid
2019-10-01,205,Sexually IDs,2018-2019,Pseudo interruption 2018,2018-01-01,2019-12-01,22,155.51240854493682,154.4246639239444,133.63636166405385,124.05242614332263,182.77404511650312,197.38700456893608,FALSE,FALSE,271.3972322874181,377.85439566817035,98.99800185355821,0.992,Genital herpes,Hybrid
2019-11-01,159,Sexually IDs,2018-2019,Pseudo interruption 2018,2018-01-01,2019-12-01,23,147.55799844134197,146.73999138656512,127.92235468484613,118.5494050157208,167.396349400985,183.88509632432138,TRUE,TRUE,39.473994716138876,65.33569130860059,18.737273697674148,0.744,Genital herpes,Hybrid
2019-12-01,173,Sexually IDs,2018-2019,Pseudo interruption 2018,2018-01-01,2019-12-01,24,144.123193250794,144.0839868516122,122.81616357740006,115.09454793654463,170.03397921476386,181.80548718961654,FALSE,TRUE,76.8780234897252,66.71093925307191,38.10173184718915,0.944,Genital herpes,Hybrid
2017-01-01,170,Sexually IDs,2017-2019,Pseudo interruption 2017,2017-01-01,2019-12-01,1,189.50661720869834,188.78355470589435,162.86192656439349,156.90243121750098,212.12643637599862,236.49447031990434,TRUE,TRUE,49.26450981160514,79.59203910240336,26.092846898668434,0.183,Genital herpes,Hybrid
2017-02-01,179,Sexually IDs,2017-2019,Pseudo interruption 2017,2017-01-01,2019-12-01,2,175.5285407608117,175.23967524257546,149.5928611536359,142.95894086664794,198.93707552445713,221.61757595389878,TRUE,TRUE,49.34421437082122,78.65863508725084,14.049679508761063,0.584,Genital herpes,Hybrid
2017-03-01,198,Sexually IDs,2017-2019,Pseudo interruption 2017,2017-01-01,2019-12-01,3,187.39883670423606,186.21878504220916,160.57124238357747,155.0518027846972,212.57720166536643,236.61397212646426,TRUE,TRUE,52.00595928178896,81.56216934176706,21.008412224989584,0.677,Genital herpes,Hybrid
2017-04-01,163,Sexually IDs,2017-2019,Pseudo interruption 2017,2017-01-01,2019-12-01,4,180.89723197930354,179.22690660461762,155.89548223366754,150.06603985782013,204.16510144360453,230.44534008154832,TRUE,TRUE,48.26961920993699,80.3793002237282,23.91983636623315,0.206,Genital herpes,Hybrid
2017-05-01,218,Sexually IDs,2017-2019,Pseudo interruption 2017,2017-01-01,2019-12-01,5,180.95499076509805,179.8758607408012,155.8841459967683,149.16092422397492,203.1091418316159,229.32338985155005,FALSE,TRUE,196.13357751868872,80.16246562757513,65.08718243545226,0.952,Genital herpes,Hybrid
2017-06-01,202,Sexually IDs,2017-2019,Pseudo interruption 2017,2017-01-01,2019-12-01,6,191.64042674886025,190.82054403844785,165.7468386827487,158.75995511242064,214.2853640190442,241.18959535697545,TRUE,TRUE,48.53852533629552,82.4296402445548,20.0069144328312,0.695,Genital herpes,Hybrid
2017-07-01,167,Sexually IDs,2017-2019,Pseudo interruption 2017,2017-01-01,2019-12-01,7,179.18831665082067,177.684881677527,152.54400681130363,146.77816643624664,202.9269826356527,226.36663902565522,TRUE,TRUE,50.382975824349074,79.58847258940858,19.792720377493787,0.272,Genital herpes,Hybrid
2017-08-01,185,Sexually IDs,2017-2019,Pseudo interruption 2017,2017-01-01,2019-12-01,8,182.02860887295807,181.4705592090896,156.05311972807863,150.55248146020904,206.91393148441756,228.2746953199015,TRUE,TRUE,50.86081175633893,77.72221385969246,14.070171068130247,0.594,Genital herpes,Hybrid
2017-09-01,177,Sexually IDs,2017-2019,Pseudo interruption 2017,2017-01-01,2019-12-01,9,187.98087123618066,185.95439214105676,161.51341358045386,155.97766328511318,213.66105653504385,237.75738791566576,TRUE,TRUE,52.14764295459,81.77972463055258,18.77832557080191,0.303,Genital herpes,Hybrid
2017-10-01,152,Sexually IDs,2017-2019,Pseudo interruption 2017,2017-01-01,2019-12-01,10,180.691501803613,179.19357237433144,153.94212957093413,148.14967248821156,205.05199409412347,230.3288640056422,FALSE,TRUE,70.53116023253062,82.17919151743064,36.32701119736727,0.06,Genital herpes,Hybrid
2017-11-01,164,Sexually IDs,2017-2019,Pseudo interruption 2017,2017-01-01,2019-12-01,11,169.486014763078,168.8465011786118,144.36384691563353,139.13287042869752,191.37819057290494,214.55706015478228,TRUE,TRUE,47.01434365727141,75.42418972608476,14.416463517096247,0.398,Genital herpes,Hybrid
2017-12-01,140,Sexually IDs,2017-2019,Pseudo interruption 2017,2017-01-01,2019-12-01,12,160.66679495492124,159.9515546119499,136.16741752517274,131.04037615852164,181.4921895017208,204.13762859485428,TRUE,TRUE,45.32477197654805,73.09725243633264,26.13709730326091,0.158,Genital herpes,Hybrid
2018-01-01,227,Sexually IDs,2017-2019,Pseudo interruption 2017,2017-01-01,2019-12-01,13,186.55293993979896,186.14144375417615,160.4994249186117,147.7732484522764,212.49456726353435,236.52679050551046,FALSE,TRUE,197.04946970957914,88.75354205323407,67.76490183232112,0.952,Genital herpes,Hybrid
2018-02-01,148,Sexually IDs,2017-2019,Pseudo interruption 2017,2017-01-01,2019-12-01,14,174.82794725970396,174.93649519243178,150.1072538829794,144.77228630357024,196.46981534572768,221.54662011227362,FALSE,TRUE,67.43510029254222,76.77433380870337,35.40978555310031,0.08,Genital herpes,Hybrid
2018-03-01,181,Sexually IDs,2017-2019,Pseudo interruption 2017,2017-01-01,2019-12-01,15,189.03851815965606,186.43118052815953,163.29732962326008,156.41435926702755,214.23043669598576,238.2964729939247,TRUE,TRUE,50.933107072725676,81.88211372689716,15.769526103239619,0.378,Genital herpes,Hybrid
2018-04-01,191,Sexually IDs,2017-2019,Pseudo interruption 2017,2017-01-01,2019-12-01,16,183.33626331256772,182.4158336931746,157.50928264336176,151.0916060499908,204.96358729457813,228.92794982594492,TRUE,TRUE,47.454304651216376,77.83634377595413,17.573475540693114,0.628,Genital herpes,Hybrid
2018-05-01,201,Sexually IDs,2017-2019,Pseudo interruption 2017,2017-01-01,2019-12-01,17,180.84183323998255,179.3246794334661,155.6820200266256,148.28989335297706,200.5641497813072,228.24306785913276,FALSE,TRUE,49.240631941609536,79.9531745061557,28.416884544130887,0.906,Genital herpes,Hybrid
2018-06-01,189,Sexually IDs,2017-2019,Pseudo interruption 2017,2017-01-01,2019-12-01,18,192.0781708851766,190.6002502388412,165.46632180289447,158.53730032012976,214.0266743788439,240.91514133617014,TRUE,TRUE,48.56035257594942,82.37784101604038,12.344970243866483,0.451,Genital herpes,Hybrid
2018-07-01,197,Sexually IDs,2017-2019,Pseudo interruption 2017,2017-01-01,2019-12-01,19,180.45033204818145,179.49799289388648,155.1548030854919,148.44750143808977,202.2764992278211,228.43859144041255,TRUE,TRUE,47.1216961423292,79.99109000232278,24.740720667756403,0.801,Genital herpes,Hybrid
2018-08-01,208,Sexually IDs,2017-2019,Pseudo interruption 2017,2017-01-01,2019-12-01,20,182.07641510385398,180.9361961589546,156.06752395650656,150.23483522896217,204.36197739181418,230.65450060788677,FALSE,TRUE,84.67467951716583,80.4196653789246,38.41577841073984,0.924,Genital herpes,Hybrid
2018-09-01,195,Sexually IDs,2017-2019,Pseudo interruption 2017,2017-01-01,2019-12-01,21,188.6501727271627,185.78926388191726,162.69659417982095,155.82643238913346,213.48405079956152,239.87690900756598,TRUE,TRUE,50.78745661974057,84.05047661843253,18.85660101836198,0.621,Genital herpes,Hybrid
2018-10-01,187,Sexually IDs,2017-2019,Pseudo interruption 2017,2017-01-01,2019-12-01,22,180.35308196831696,178.7283261942976,153.51093024280348,147.72666916271243,204.5542891015011,229.80135596987822,TRUE,TRUE,51.043358858697616,82.07468680716579,18.067263934240167,0.615,Genital herpes,Hybrid
2018-11-01,188,Sexually IDs,2017-2019,Pseudo interruption 2017,2017-01-01,2019-12-01,23,171.04036168935986,169.83238894683555,144.9510123255573,139.33190296637721,194.6542636422089,214.86149725916954,TRUE,TRUE,49.7032513166516,75.52959429279232,25.507792824907508,0.825,Genital herpes,Hybrid
2018-12-01,127,Sexually IDs,2017-2019,Pseudo interruption 2017,2017-01-01,2019-12-01,24,163.36185296151794,162.32279583815287,138.81652801675682,133.31879537651028,186.98985730457534,209.6277756693282,FALSE,FALSE,166.33860945538672,329.06079535322914,68.03484599751334,0.021,Genital herpes,Hybrid
2019-01-01,201,Sexually IDs,2017-2019,Pseudo interruption 2017,2017-01-01,2019-12-01,25,187.60058894371153,186.06190192677846,160.3347268553353,154.4220829298504,211.83975297957954,238.13373993627627,TRUE,TRUE,51.50502612424424,83.71165700642587,23.539748918713347,0.745,Genital herpes,Hybrid
2019-02-01,159,Sexually IDs,2017-2019,Pseudo interruption 2017,2017-01-01,2019-12-01,26,177.56993379861416,176.4918487313374,151.45997222816433,145.71485317753206,201.61979007433413,225.04567670289956,TRUE,TRUE,50.1598178461698,79.33082352536749,25.192282781471786,0.201,Genital herpes,Hybrid
2019-03-01,180,Sexually IDs,2017-2019,Pseudo interruption 2017,2017-01-01,2019-12-01,27,190.91652953291793,189.22068829683656,164.2339121681325,157.27933372474521,215.76870151747497,239.36383098686787,TRUE,TRUE,51.534789349342475,82.08449726212265,18.90549682384895,0.296,Genital herpes,Hybrid
2019-04-01,149,Sexually IDs,2017-2019,Pseudo interruption 2017,2017-01-01,2019-12-01,28,183.19499055044864,180.63374518577547,157.0169487692568,151.20564124687843,208.12709232481382,231.91398317042896,FALSE,FALSE,131.279631248125,168.93399179868769,53.06909682026789,0.019,Genital herpes,Hybrid
2019-05-01,169,Sexually IDs,2017-2019,Pseudo interruption 2017,2017-01-01,2019-12-01,29,180.6090245935297,179.05892429576633,153.83872797766406,148.04823524892,204.93265294195982,230.20237989257447,TRUE,TRUE,51.09392496429575,82.15414464365446,19.508333216646562,0.286,Genital herpes,Hybrid
2019-06-01,163,Sexually IDs,2017-2019,Pseudo interruption 2017,2017-01-01,2019-12-01,30,191.34699474276223,190.67088361966017,164.61523398028984,158.4411178071572,214.38966681333136,241.02133450209683,FALSE,TRUE,65.92677263593995,82.58021669493962,35.988199185276116,0.065,Genital herpes,Hybrid
2019-07-01,164,Sexually IDs,2017-2019,Pseudo interruption 2017,2017-01-01,2019-12-01,31,180.9607190132647,180.05771501116539,154.74400815936954,142.2528462981594,203.30238107632687,229.5287180950139,TRUE,TRUE,48.558372916957325,87.27587179685449,24.10654654751966,0.204,Genital herpes,Hybrid
2019-08-01,160,Sexually IDs,2017-2019,Pseudo interruption 2017,2017-01-01,2019-12-01,32,181.89975440802286,181.11724577444886,156.23567496669972,150.39981503211627,204.55438777919622,230.8589112171394,TRUE,TRUE,48.3187128124965,80.45909618502313,27.84315451695945,0.174,Genital herpes,Hybrid
2019-09-01,159,Sexually IDs,2017-2019,Pseudo interruption 2017,2017-01-01,2019-12-01,33,189.38836743333405,188.11361562149284,162.806915979314,155.93440019483836,213.6104212331625,237.70397342801806,FALSE,TRUE,88.87266504698849,81.7695732331797,40.78130183403962,0.063,Genital herpes,Hybrid
2019-10-01,205,Sexually IDs,2017-2019,Pseudo interruption 2017,2017-01-01,2019-12-01,34,179.5550024164341,178.2710193836887,154.39040798314542,148.03725202010466,201.40357894067049,227.51087700535615,FALSE,TRUE,82.97738155082021,79.47362498525149,37.83851054059034,0.922,Genital herpes,Hybrid
2019-11-01,159,Sexually IDs,2017-2019,Pseudo interruption 2017,2017-01-01,2019-12-01,35,170.76261093361077,169.76988728233516,146.01083343815768,132.75621542865818,194.40668243512727,217.42132992622209,TRUE,TRUE,48.39584899696959,84.6651144975639,19.74585024528582,0.271,Genital herpes,Hybrid
2019-12-01,173,Sexually IDs,2017-2019,Pseudo interruption 2017,2017-01-01,2019-12-01,36,166.1794209000138,164.24898118136196,141.00125319105933,134.93278472190127,189.06648189523557,213.36729664679302,TRUE,TRUE,48.065228704176235,78.43451192489175,17.828632124574305,0.63,Genital herpes,Hybrid
2019-01-01,533,Sexually IDs,2019,Pseudo interruption 2019,2019-01-01,2019-12-01,1,468.51834783336227,467.58517629149776,414.5334054193327,386.5338320664788,524.9003692919056,543.6022525018849,FALSE,TRUE,191.3632709535171,157.0684204354061,89.23271913678077,0.94,CA (HPV),Bayesian structural
2019-02-01,370,Sexually IDs,2019,Pseudo interruption 2019,2019-01-01,2019-12-01,2,352.94414876307536,352.0095813557565,307.75744993755177,284.9453700232372,398.9379536763919,416.60372013905305,TRUE,TRUE,91.18050373884012,131.65835011581584,34.247549518241854,0.686,CA (HPV),Bayesian structural
2019-03-01,343,Sexually IDs,2019,Pseudo interruption 2019,2019-01-01,2019-12-01,3,378.7022879519404,378.70555612958736,331.18241662222465,301.1247100669425,424.6147263681122,445.709662165304,TRUE,TRUE,93.43230974588755,144.5849520983615,49.29701254694636,0.15,CA (HPV),Bayesian structural
2019-04-01,311,Sexually IDs,2019,Pseudo interruption 2019,2019-01-01,2019-12-01,4,345.0650572028489,342.7142168466672,298.699107845783,273.79060673263814,395.9583858884703,416.7681791878298,TRUE,TRUE,97.2592780426873,142.97757245519165,46.65196086237141,0.182,CA (HPV),Bayesian structural
2019-05-01,380,Sexually IDs,2019,Pseudo interruption 2019,2019-01-01,2019-12-01,5,360.7842341038457,361.8752328414814,306.77403817225036,275.5160023809605,411.76038646972455,454.6356621972723,TRUE,TRUE,104.9863482974742,179.1196598163118,38.46241584706321,0.696,CA (HPV),Bayesian structural
2019-06-01,367,Sexually IDs,2019,Pseudo interruption 2019,2019-01-01,2019-12-01,6,390.02609428004683,388.4954292750086,330.40020538814093,306.43927881892404,451.06174251072434,481.3803160156171,TRUE,TRUE,120.66153712258341,174.94103719669306,43.49983084748793,0.313,CA (HPV),Bayesian structural
2019-07-01,328,Sexually IDs,2019,Pseudo interruption 2019,2019-01-01,2019-12-01,7,360.22744865212167,359.3164998085037,300.05814664492965,265.46711903461136,420.7462065805913,455.4135015583131,TRUE,TRUE,120.68805993566167,189.94638252370174,51.96114473745689,0.208,CA (HPV),Bayesian structural
2019-08-01,314,Sexually IDs,2019,Pseudo interruption 2019,2019-01-01,2019-12-01,8,371.5122492924864,370.68539448450264,312.1691687327761,275.93361486945344,433.1420513616426,465.45041958838107,TRUE,TRUE,120.9728826288665,189.51680471892763,72.28464899697785,0.113,CA (HPV),Bayesian structural
2019-09-01,311,Sexually IDs,2019,Pseudo interruption 2019,2019-01-01,2019-12-01,9,367.6038332984995,364.4299355987811,306.303406544746,257.58492505157346,431.07554465443485,479.3720885231971,TRUE,TRUE,124.77213810968885,221.78716347162361,71.57897711544005,0.122,CA (HPV),Bayesian structural
2019-10-01,346,Sexually IDs,2019,Pseudo interruption 2019,2019-01-01,2019-12-01,10,346.4762513363103,343.9607318478261,281.31910396511734,247.30550129420314,412.66285062528726,450.1940486994406,TRUE,TRUE,131.34374666016993,202.88854740523746,30.76195588357582,0.517,CA (HPV),Bayesian structural
2019-11-01,332,Sexually IDs,2019,Pseudo interruption 2019,2019-01-01,2019-12-01,11,331.63570932158405,330.5000345242529,262.58459316101937,230.99078343912234,394.7908820697195,435.9943616098914,TRUE,TRUE,132.20628890870012,205.0035781707691,30.553121732820465,0.515,CA (HPV),Bayesian structural
2019-12-01,266,Sexually IDs,2019,Pseudo interruption 2019,2019-01-01,2019-12-01,12,270.7782841333326,271.0022335308674,210.30734922926226,181.64916510654,334.5204588922935,368.50001594905393,TRUE,TRUE,124.21310966303125,186.85085084251392,31.349918404479467,0.457,CA (HPV),Bayesian structural
2018-01-01,465,Sexually IDs,2018-2019,Pseudo interruption 2018,2018-01-01,2019-12-01,1,440.1501206602962,438.8862155170518,393.18352897976627,361.61778843266165,494.8898187871223,520.5990277814977,TRUE,TRUE,101.70628980735603,158.98123934883608,43.52328352948895,0.741,CA (HPV),Bayesian structural
2018-02-01,329,Sexually IDs,2018-2019,Pseudo interruption 2018,2018-01-01,2019-12-01,2,335.5780256118168,335.192791900615,286.4897110493862,262.95968929901534,385.95497966522277,412.1635173339816,TRUE,TRUE,99.46526861583658,149.20382803496625,26.83682962042452,0.413,CA (HPV),Bayesian structural
2018-03-01,335,Sexually IDs,2018-2019,Pseudo interruption 2018,2018-01-01,2019-12-01,3,362.7212717178363,363.24769578823935,311.5578554914679,290.16966183031184,416.19707086654574,441.6186007981983,TRUE,TRUE,104.63921537507787,151.44893896788648,45.3983886493194,0.244,CA (HPV),Bayesian structural
2018-04-01,318,Sexually IDs,2018-2019,Pseudo interruption 2018,2018-01-01,2019-12-01,4,323.95102704397857,326.2027651643133,269.0084904033129,237.66440406086286,378.81039350250893,406.79407114425925,TRUE,TRUE,109.80190309919601,169.12966708339638,30.895703310657847,0.457,CA (HPV),Bayesian structural
2018-05-01,326,Sexually IDs,2018-2019,Pseudo interruption 2018,2018-01-01,2019-12-01,5,342.12480625482004,341.6031922164014,286.4765109244733,255.61248824406496,403.250128434847,431.21418211765985,TRUE,TRUE,116.7736175103737,175.60169387359488,38.19040032972471,0.351,CA (HPV),Bayesian structural
2018-06-01,356,Sexually IDs,2018-2019,Pseudo interruption 2018,2018-01-01,2019-12-01,6,362.7297059902552,359.890363737838,299.7127582579514,270.84223090041377,431.4587285440366,470.62081453185186,TRUE,TRUE,131.7459702860852,199.7785836314381,32.18278958130157,0.467,CA (HPV),Bayesian structural
2018-07-01,329,Sexually IDs,2018-2019,Pseudo interruption 2018,2018-01-01,2019-12-01,7,333.7618693367008,334.036439164749,266.0940788099989,228.59810258341992,402.29937645008073,436.08591219079835,TRUE,TRUE,136.20529764008182,207.48780960737844,34.12151133850745,0.469,CA (HPV),Bayesian structural
2018-08-01,354,Sexually IDs,2018-2019,Pseudo interruption 2018,2018-01-01,2019-12-01,8,336.7825503361356,334.8965935991283,271.1003836140329,221.22850762071272,408.6943527327141,444.25492333716164,TRUE,TRUE,137.59396911868117,223.02641571644892,46.218816808344286,0.61,CA (HPV),Bayesian structural
2018-09-01,357,Sexually IDs,2018-2019,Pseudo interruption 2018,2018-01-01,2019-12-01,9,327.63961814426625,328.2247862339499,245.40624230555966,204.9813351729447,405.06892096229024,441.0995367681736,TRUE,TRUE,159.66267865673058,236.1182015952289,58.01092766172614,0.672,CA (HPV),Bayesian structural
2018-10-01,320,Sexually IDs,2018-2019,Pseudo interruption 2018,2018-01-01,2019-12-01,10,316.7131901591996,317.1972176386387,236.14179611608827,180.82483562792805,397.3814631276816,441.063811356584,TRUE,TRUE,161.23966701159335,260.23897572865593,38.450131640090234,0.516,CA (HPV),Bayesian structural
2018-11-01,333,Sexually IDs,2018-2019,Pseudo interruption 2018,2018-01-01,2019-12-01,11,287.073117393125,284.28832914967757,208.37206401885737,155.82620840460578,368.8849860994175,423.18991548743276,TRUE,TRUE,160.51292208056014,267.363707082827,75.34595249646064,0.772,CA (HPV),Bayesian structural
2018-12-01,244,Sexually IDs,2018-2019,Pseudo interruption 2018,2018-01-01,2019-12-01,12,242.04507002682587,243.34565579345042,168.73613327023463,117.63662671566372,318.07463072493067,359.56046116149474,TRUE,TRUE,149.33849745469604,241.923834445831,34.09458833582427,0.501,CA (HPV),Bayesian structural
2019-01-01,533,Sexually IDs,2018-2019,Pseudo interruption 2018,2018-01-01,2019-12-01,13,432.46800849240003,427.878043476647,331.35918419452304,246.42433714175385,545.9665714130348,618.1474758987233,TRUE,TRUE,214.60738721851175,371.72313875696943,133.30367272392306,0.873,CA (HPV),Bayesian structural
2019-02-01,370,Sexually IDs,2018-2019,Pseudo interruption 2018,2018-01-01,2019-12-01,14,329.2687750368113,331.32881708215757,221.56877395288393,168.66438344385887,434.91249634418483,505.0390335008015,TRUE,TRUE,213.3437223913009,336.37465005694264,78.52692791915979,0.7,CA (HPV),Bayesian structural
2019-03-01,343,Sexually IDs,2018-2019,Pseudo interruption 2018,2018-01-01,2019-12-01,15,357.8949709137353,355.65453584797757,252.53839987031506,173.89318599042403,468.7922045594557,539.2086720274473,TRUE,TRUE,216.25380468914062,365.3154860370232,59.33685687012549,0.441,CA (HPV),Bayesian structural
2019-04-01,311,Sexually IDs,2018-2019,Pseudo interruption 2018,2018-01-01,2019-12-01,16,322.6834518528767,321.79757931853374,223.1178159772917,116.12106228538417,438.65914712991247,501.85819950037455,TRUE,TRUE,215.54133115262076,385.7371372149904,58.554161927845925,0.427,CA (HPV),Bayesian structural
2019-05-01,380,Sexually IDs,2018-2019,Pseudo interruption 2018,2018-01-01,2019-12-01,17,336.6084485840664,337.5785098052339,221.81642397776133,126.64165668710652,462.54120365700095,522.2968010971144,TRUE,TRUE,240.72477967923962,395.6551444100079,88.27936268089152,0.704,CA (HPV),Bayesian structural
2019-06-01,367,Sexually IDs,2018-2019,Pseudo interruption 2018,2018-01-01,2019-12-01,18,357.5339165911374,355.4875764267735,238.16779380512511,129.61139677301085,479.465355050626,570.0083693183352,TRUE,TRUE,241.29756124550087,440.3969725453244,65.43342755967431,0.541,CA (HPV),Bayesian structural
2019-07-01,328,Sexually IDs,2018-2019,Pseudo interruption 2018,2018-01-01,2019-12-01,19,330.1261916915903,329.42229011087846,202.3584660457555,106.29790291503554,458.0654499076235,543.6937971735272,TRUE,TRUE,255.70698386186797,437.39589425849164,59.54678527694132,0.493,CA (HPV),Bayesian structural
2019-08-01,314,Sexually IDs,2018-2019,Pseudo interruption 2018,2018-01-01,2019-12-01,20,334.9405123669951,327.51499394726534,196.8137079825884,110.41470887381936,472.0199603476064,567.8723074334127,TRUE,TRUE,275.20625236501803,457.4575985595934,73.14329947859889,0.453,CA (HPV),Bayesian structural
2019-09-01,311,Sexually IDs,2018-2019,Pseudo interruption 2018,2018-01-01,2019-12-01,21,326.6068555002306,329.2530294775492,189.99398357901063,88.99812893001406,459.27347062658043,564.7336429223845,TRUE,TRUE,269.2794870475698,475.7355139923705,76.71656206934536,0.441,CA (HPV),Bayesian structural
2019-10-01,346,Sexually IDs,2018-2019,Pseudo interruption 2018,2018-01-01,2019-12-01,22,313.99744472569284,312.83636820924454,176.18839913328483,69.3275009947318,453.9936948507567,555.7790042444005,TRUE,TRUE,277.80529571747184,486.45150324966875,90.43781287738662,0.619,CA (HPV),Bayesian structural
2019-11-01,332,Sexually IDs,2018-2019,Pseudo interruption 2018,2018-01-01,2019-12-01,23,289.47900243717373,284.90463945471413,161.67285411985375,63.02297378680414,425.0528669030471,528.3935921131459,TRUE,TRUE,263.38001278319337,465.3706183263418,98.43191521459332,0.666,CA (HPV),Bayesian structural
2019-12-01,266,Sexually IDs,2018-2019,Pseudo interruption 2018,2018-01-01,2019-12-01,24,243.39009565108483,242.46305052704315,119.23582907284818,31.53419241889132,374.15285899609535,463.88766456072744,TRUE,TRUE,254.91702992324718,432.3534721418361,76.91042325175847,0.584,CA (HPV),Bayesian structural
2017-01-01,542,Sexually IDs,2017-2019,Pseudo interruption 2017,2017-01-01,2019-12-01,1,441.61827606372754,439.2928273710492,396.7820520291324,372.84779835581566,485.6552944108894,517.2807586281499,FALSE,FALSE,652.3202982728632,1133.2026151463383,231.86509043267228,0.995,CA (HPV),Bayesian structural
2017-02-01,389,Sexually IDs,2017-2019,Pseudo interruption 2017,2017-01-01,2019-12-01,2,347.9105618657369,347.5080697978769,304.24377005224716,281.40452879369235,396.11950591298245,418.4764184996854,TRUE,TRUE,91.87573586073529,137.07188970599304,53.37653748765585,0.882,CA (HPV),Bayesian structural
2017-03-01,402,Sexually IDs,2017-2019,Pseudo interruption 2017,2017-01-01,2019-12-01,3,387.4713535198245,387.17108304990956,342.65852470704834,328.6197329944848,428.27353655848407,462.64732767491046,TRUE,TRUE,85.61501185143572,134.02759468042564,30.922639243519097,0.693,CA (HPV),Bayesian structural
2017-04-01,331,Sexually IDs,2017-2019,Pseudo interruption 2017,2017-01-01,2019-12-01,4,360.4389717382788,360.59047611788264,312.5496715373684,281.7587156958464,408.17867072415,433.82812482043164,TRUE,TRUE,95.62899918678158,152.06940912458526,45.055797129174586,0.214,CA (HPV),Bayesian structural
2017-05-01,391,Sexually IDs,2017-2019,Pseudo interruption 2017,2017-01-01,2019-12-01,5,362.7345580758852,363.9774250169347,311.8444577057113,290.55741997145554,415.11534849876597,446.6781484543158,TRUE,TRUE,103.27089079305466,156.12072848286027,44.38623165265538,0.769,CA (HPV),Bayesian structural
2017-06-01,404,Sexually IDs,2017-2019,Pseudo interruption 2017,2017-01-01,2019-12-01,6,397.0939804070404,397.17607419551825,350.27590331753584,317.1588178147422,448.02177785867633,479.62273424736065,TRUE,TRUE,97.7458745411405,162.46391643261848,27.59703722747262,0.577,CA (HPV),Bayesian structural
2017-07-01,386,Sexually IDs,2017-2019,Pseudo interruption 2017,2017-01-01,2019-12-01,7,368.5340984593947,371.3113971996505,309.10595402486985,282.5067595622575,422.04034906401364,452.48696946862924,TRUE,TRUE,112.9343950391438,169.98020990637173,36.619593842797464,0.652,CA (HPV),Bayesian structural
2017-08-01,367,Sexually IDs,2017-2019,Pseudo interruption 2017,2017-01-01,2019-12-01,8,375.64343971153636,374.68153762156055,317.2470446889955,280.54510674754573,432.14806803004666,460.859834315261,TRUE,TRUE,114.90102334105114,180.3147275677153,31.741982934525236,0.419,CA (HPV),Bayesian structural
2017-09-01,320,Sexually IDs,2017-2019,Pseudo interruption 2017,2017-01-01,2019-12-01,9,385.571358397611,385.60178992406077,324.1395439573368,279.75445577204107,441.8186348746646,472.500642140083,FALSE,TRUE,159.0745304906958,192.74618636804195,85.64320427248163,0.088,CA (HPV),Bayesian structural
2017-10-01,283,Sexually IDs,2017-2019,Pseudo interruption 2017,2017-01-01,2019-12-01,10,378.18593185860266,380.03322599959137,318.45620458401567,281.03594790373427,436.7926698248317,467.78420448765996,FALSE,TRUE,472.8985110809727,186.7482565839257,160.76027283598577,0.027,CA (HPV),Bayesian structural
2017-11-01,294,Sexually IDs,2017-2019,Pseudo interruption 2017,2017-01-01,2019-12-01,11,335.31124833205473,337.9127381506801,276.43178896952793,234.6346600915592,391.75282743055175,420.75619879474857,TRUE,TRUE,115.32103846102382,186.12153870318937,61.02641822243548,0.152,CA (HPV),Bayesian structural
2017-12-01,243,Sexually IDs,2017-2019,Pseudo interruption 2017,2017-01-01,2019-12-01,12,299.3855761133693,298.6267736565279,246.07039089156424,203.9082385080884,356.32731132052686,391.1665144911615,FALSE,TRUE,140.96082934460506,187.25827598307308,74.54548265968207,0.09,CA (HPV),Bayesian structural
2018-01-01,465,Sexually IDs,2017-2019,Pseudo interruption 2017,2017-01-01,2019-12-01,13,488.58107204645063,488.90564426253343,415.39468262673495,354.1444408915454,564.4933756241268,625.7499428710014,TRUE,TRUE,149.09869299739182,271.605501979456,53.84452636878768,0.344,CA (HPV),Bayesian structural
2018-02-01,329,Sexually IDs,2017-2019,Pseudo interruption 2017,2017-01-01,2019-12-01,14,392.3689723967879,389.18724095187156,322.07790113625254,266.5153639197674,466.8666174880438,501.91914736544055,TRUE,TRUE,144.78871635179127,235.40378344567313,80.73213871561077,0.132,CA (HPV),Bayesian structural
2018-03-01,335,Sexually IDs,2017-2019,Pseudo interruption 2017,2017-01-01,2019-12-01,15,433.585314928673,433.69951220048677,361.4511362500485,308.2356135439097,507.82371113008537,568.1743255414938,FALSE,TRUE,410.8839373805217,259.93871199758405,155.09858822117624,0.044,CA (HPV),Bayesian structural
2018-04-01,318,Sexually IDs,2017-2019,Pseudo interruption 2017,2017-01-01,2019-12-01,16,403.23389130339064,405.99552422945396,325.06301933030556,265.87857103806857,484.9742808114456,525.8870736617299,FALSE,TRUE,230.5414547841957,260.00850262366134,117.68339225398094,0.086,CA (HPV),Bayesian structural
2018-05-01,326,Sexually IDs,2017-2019,Pseudo interruption 2017,2017-01-01,2019-12-01,17,406.5044547110559,405.9875580290102,319.72559266568845,267.31167412887464,486.14950279739855,532.5770668141594,TRUE,TRUE,166.4239101317101,265.2653926852847,101.22848775169315,0.103,CA (HPV),Bayesian structural
2018-06-01,356,Sexually IDs,2017-2019,Pseudo interruption 2017,2017-01-01,2019-12-01,18,443.26664463569,444.682513632939,360.40639119361936,291.82224579816744,532.229903114668,578.8922030949494,FALSE,TRUE,215.8874238572422,287.069957296782,116.97079701538124,0.091,CA (HPV),Bayesian structural
2018-07-01,329,Sexually IDs,2017-2019,Pseudo interruption 2017,2017-01-01,2019-12-01,19,409.94865628359764,414.0291228219903,318.52666170997134,254.3286911454587,497.2114853664856,544.9512876974624,TRUE,TRUE,178.68482365651425,290.62259655200364,108.23777390471469,0.133,CA (HPV),Bayesian structural
2018-08-01,354,Sexually IDs,2017-2019,Pseudo interruption 2017,2017-01-01,2019-12-01,20,424.4511427909593,424.40057799050106,336.7953136971623,263.9749372352393,510.2450397599421,577.285718657885,TRUE,TRUE,173.44972606277975,313.31078142264573,96.60484981935144,0.15,CA (HPV),Bayesian structural
2018-09-01,357,Sexually IDs,2017-2019,Pseudo interruption 2017,2017-01-01,2019-12-01,21,428.68817892262007,432.92290878950007,327.15643364826093,270.2052801785784,523.096705313441,571.0973286306865,TRUE,TRUE,195.9402716651801,300.89204845210816,104.12445243611319,0.161,CA (HPV),Bayesian structural
2018-10-01,320,Sexually IDs,2017-2019,Pseudo interruption 2017,2017-01-01,2019-12-01,22,422.7834497881769,420.95767216656816,329.9140857773781,271.7426223448833,513.3356772753303,569.2749820995821,FALSE,TRUE,282.56244927173316,297.5323597546988,137.87742400691977,0.072,CA (HPV),Bayesian structural
2018-11-01,333,Sexually IDs,2017-2019,Pseudo interruption 2017,2017-01-01,2019-12-01,23,380.46588369714846,380.19191066822685,288.52781521984605,226.57107355568263,471.9060307718267,534.4139274983168,TRUE,TRUE,183.37821555198065,307.8428539426341,79.40775718060374,0.211,CA (HPV),Bayesian structural
2018-12-01,244,Sexually IDs,2017-2019,Pseudo interruption 2017,2017-01-01,2019-12-01,24,341.0455635349799,343.44924913947796,251.22322097057744,185.50308513106782,431.6715537263761,472.4534907975182,FALSE,TRUE,252.68054246157308,286.95040566645037,131.46630233209208,0.087,CA (HPV),Bayesian structural
2019-01-01,533,Sexually IDs,2017-2019,Pseudo interruption 2017,2017-01-01,2019-12-01,25,538.5006831080518,543.1604589716511,422.8196219969896,342.82634435949313,650.0342265819361,726.791810543669,TRUE,TRUE,227.21460458494647,383.9654661841759,59.841322558279366,0.449,CA (HPV),Bayesian structural
2019-02-01,370,Sexually IDs,2017-2019,Pseudo interruption 2017,2017-01-01,2019-12-01,26,436.85481051935693,438.0959913762381,325.1331211520408,255.00717160839412,546.9003313227721,599.1509963126701,TRUE,TRUE,221.7672101707313,344.143824704276,103.72529971647853,0.206,CA (HPV),Bayesian structural
2019-03-01,343,Sexually IDs,2017-2019,Pseudo interruption 2017,2017-01-01,2019-12-01,27,483.1896787878608,485.3824239968679,363.2899890982835,277.44913616881894,609.1098762487247,665.7046812155205,FALSE,TRUE,448.71977813327635,388.25554504670157,201.2313255006866,0.066,CA (HPV),Bayesian structural
2019-04-01,311,Sexually IDs,2017-2019,Pseudo interruption 2017,2017-01-01,2019-12-01,28,451.54696007379516,454.66490303384876,332.2020248957602,245.6939577685921,565.7552217334007,634.0898290799973,FALSE,TRUE,445.57344579524243,388.39587131140524,201.75950860677403,0.062,CA (HPV),Bayesian structural
2019-05-01,380,Sexually IDs,2017-2019,Pseudo interruption 2017,2017-01-01,2019-12-01,29,459.6014377480364,460.9048853462871,342.3720497238886,264.16537971216854,574.8702452515266,648.4197623418869,TRUE,TRUE,232.49819552763802,384.25438262971835,117.29379486664047,0.197,CA (HPV),Bayesian structural
2019-06-01,367,Sexually IDs,2017-2019,Pseudo interruption 2017,2017-01-01,2019-12-01,30,498.0252521485136,495.279744875237,377.3065328072239,284.4033016633124,618.0950866954503,706.887839684949,FALSE,TRUE,343.8538819604654,422.4845380216366,174.53979853472953,0.082,CA (HPV),Bayesian structural
2019-07-01,328,Sexually IDs,2017-2019,Pseudo interruption 2017,2017-01-01,2019-12-01,31,460.5708149232569,459.5824622515328,327.21368793840696,262.86738457218513,584.227029382773,656.9226978347446,TRUE,TRUE,257.01334144436606,394.0553132625594,162.15031696282716,0.101,CA (HPV),Bayesian structural
2019-08-01,314,Sexually IDs,2017-2019,Pseudo interruption 2017,2017-01-01,2019-12-01,32,473.78490286953394,470.6929206752851,352.0833485958935,256.6443970423956,597.5283824029432,684.5412681110761,FALSE,TRUE,626.2785197659846,427.89687106868047,242.67477454553287,0.06,CA (HPV),Bayesian structural
2019-09-01,311,Sexually IDs,2017-2019,Pseudo interruption 2017,2017-01-01,2019-12-01,33,482.07137210182594,484.31783144078435,355.5811869207929,237.9400134936265,618.0083348919686,691.4707660985972,FALSE,TRUE,708.2390171791047,453.5307526049707,270.11373800548307,0.062,CA (HPV),Bayesian structural
2019-10-01,346,Sexually IDs,2017-2019,Pseudo interruption 2017,2017-01-01,2019-12-01,34,478.37946767213276,479.16534185561335,343.7947556385194,258.4472725242609,625.7542736443405,707.9554265187323,TRUE,TRUE,281.9595180058211,449.50815399447146,169.6261225252009,0.107,CA (HPV),Bayesian structural
2019-11-01,332,Sexually IDs,2017-2019,Pseudo interruption 2017,2017-01-01,2019-12-01,35,431.0686634115744,429.4336446416508,306.51450121549897,213.8606432509481,565.5876307395953,630.7535085260503,TRUE,TRUE,259.0731295240963,416.89286527510217,136.0743310481801,0.157,CA (HPV),Bayesian structural
2019-12-01,266,Sexually IDs,2017-2019,Pseudo interruption 2017,2017-01-01,2019-12-01,36,388.8680044028485,390.2111759344443,261.4327166955866,172.24131249259557,515.4368052519341,620.1813348145623,TRUE,TRUE,254.00408855634748,447.94002232196675,157.92719580944973,0.103,CA (HPV),Bayesian structural
2019-01-01,822,Sexually IDs,2019,Pseudo interruption 2019,2019-01-01,2019-12-01,1,845.3333869552665,845.1936564137243,842.6684243705621,841.2768776061649,847.9558057525346,850.3588034771964,FALSE,FALSE,211.97162508759345,780.1570301176287,83.67666634969953,0,HBV,ETS
2019-02-01,662,Sexually IDs,2019,Pseudo interruption 2019,2019-01-01,2019-12-01,2,665.2451018731872,665.1856110317923,662.838946735568,661.2967338228914,667.5117213601329,669.7331067498145,FALSE,TRUE,13.062241980245062,8.436372926923127,4.975902459349968,0.043,HBV,ETS
2019-03-01,687,Sexually IDs,2019,Pseudo interruption 2019,2019-01-01,2019-12-01,3,708.6766434146213,708.6283161788804,706.1551853624525,704.6142744702717,711.2102469047778,713.3217110346088,FALSE,FALSE,196.60691516685006,713.2784153752033,77.29089598480843,0,HBV,ETS
2019-04-01,578,Sexually IDs,2019,Pseudo interruption 2019,2019-01-01,2019-12-01,4,575.4812678317995,575.3067503721066,573.323627855725,572.1878564060349,577.6746231934628,579.4328414138416,FALSE,TRUE,7.604763403109587,7.24498500780669,3.6611612471244825,0.923,HBV,ETS
2019-05-01,542,Sexually IDs,2019,Pseudo interruption 2019,2019-01-01,2019-12-01,5,618.4282775585334,618.2416941539522,616.2327857716461,614.9653414171744,620.6530300562196,622.481697146129,FALSE,FALSE,746.7481020010349,2926.13001241593,297.51825213996455,0,HBV,ETS
2019-06-01,544,Sexually IDs,2019,Pseudo interruption 2019,2019-01-01,2019-12-01,6,589.969735187658,589.9210385031269,587.7944902997796,586.9664237523992,591.8533092210882,594.2039942627849,FALSE,FALSE,442.00372191910435,1725.8945206063552,176.4932071338124,0,HBV,ETS
2019-07-01,532,Sexually IDs,2019,Pseudo interruption 2019,2019-01-01,2019-12-01,7,555.5706332558897,555.4818304734617,553.3898660101638,552.3146018816827,557.7054726600581,559.4330577202655,FALSE,FALSE,218.21426675153248,819.7025311058921,86.48784830325027,0,HBV,ETS
2019-08-01,462,Sexually IDs,2019,Pseudo interruption 2019,2019-01-01,2019-12-01,8,582.105004749033,581.96967907589806,579.8745696317842,578.7277093718432,584.2456681282944,586.257043663852,FALSE,FALSE,1183.116794814352,4676.637709165735,472.3399387976442,0,HBV,ETS
2019-09-01,569,Sexually IDs,2019,Pseudo interruption 2019,2019-01-01,2019-12-01,9,585.9511750200671,585.7864919447627,583.8310676590492,582.5974119229468,588.13374435574,589.9077958977394,FALSE,FALSE,152.61335328718235,551.2068608926637,59.895604517465884,0,HBV,ETS
2019-10-01,590,Sexually IDs,2019,Pseudo interruption 2019,2019-01-01,2019-12-01,10,581.4259486799141,581.2777869498184,579.1694197028571,577.7739977668093,583.5046123827399,585.5944475923184,FALSE,FALSE,69.28906885248398,184.04254613277408,25.425723301853687,1,HBV,ETS
2019-11-01,486,Sexually IDs,2019,Pseudo interruption 2019,2019-01-01,2019-12-01,11,518.3452141411424,518.1385270237522,516.3311834486416,515.1788650751822,520.4012941928966,522.2841663154878,FALSE,FALSE,307.3819452306708,1174.2599042475942,121.86232902581287,0,HBV,ETS
2019-12-01,462,Sexually IDs,2019,Pseudo interruption 2019,2019-01-01,2019-12-01,12,444.795916196034,444.60956989320806,442.8457844749574,441.9199053807474,446.67375752537225,448.5024496285675,FALSE,FALSE,157.09039779669234,546.4845591051205,60.90619009710915,1,HBV,ETS
2018-01-01,845,Sexually IDs,2018-2019,Pseudo interruption 2018,2018-01-01,2019-12-01,1,791.1597761713311,788.1466031780586,728.2737501035753,704.841731067871,849.5126817220428,896.7847732312196,TRUE,TRUE,121.23893161846752,191.94304216334854,72.55866820304183,0.892,HBV,ETS
2018-02-01,598,Sexually IDs,2018-2019,Pseudo interruption 2018,2018-01-01,2019-12-01,2,644.0892796867502,640.5233362967773,589.156054395952,568.0998368980333,693.5697943877487,736.7142861450315,TRUE,TRUE,104.41373999179677,168.6144492469981,57.46944540598925,0.133,HBV,ETS
2018-03-01,671,Sexually IDs,2018-2019,Pseudo interruption 2018,2018-01-01,2019-12-01,3,681.2544652595001,677.6291102632673,624.2521971729525,606.4297977087789,731.6059733037752,780.9150233822395,TRUE,TRUE,107.35377613082267,174.4852256734606,29.459301418483896,0.429,HBV,ETS
2018-04-01,534,Sexually IDs,2018-2019,Pseudo interruption 2018,2018-01-01,2019-12-01,4,552.8587499215117,549.8780502856783,504.9280072758947,477.0259870865209,601.3250842773232,641.1983555235583,TRUE,TRUE,96.3970770014285,164.17236843703745,34.692867286252735,0.349,HBV,ETS
2018-05-01,678,Sexually IDs,2018-2019,Pseudo interruption 2018,2018-01-01,2019-12-01,5,587.6871078176017,586.4226956222558,540.0033622157512,522.6709124648696,632.2428915076572,673.4318864993661,FALSE,FALSE,549.8106142153341,333.48551405985245,174.57096233904292,0.982,HBV,ETS
2018-06-01,581,Sexually IDs,2018-2019,Pseudo interruption 2018,2018-01-01,2019-12-01,6,570.6470954557224,567.6242677961081,522.9935685213546,500.9605997800488,615.7185997814508,660.5522259233829,TRUE,TRUE,92.72503126009622,159.5916261433341,31.920255810462248,0.598,HBV,ETS
2018-07-01,488,Sexually IDs,2018-2019,Pseudo interruption 2018,2018-01-01,2019-12-01,7,543.2498464592777,540.7551182800499,497.21543212003854,475.7382390195865,590.4326931809991,627.0322878695428,FALSE,TRUE,185.37158226134596,151.29404884995625,77.91530973985356,0.057,HBV,ETS
2018-08-01,606,Sexually IDs,2018-2019,Pseudo interruption 2018,2018-01-01,2019-12-01,8,564.2654410261803,560.2347281886337,514.8543725422322,493.8454084652742,612.1532109491163,652.3781455723441,TRUE,TRUE,97.2988384068841,158.53273710706992,58.52134107847733,0.875,HBV,ETS
2018-09-01,544,Sexually IDs,2018-2019,Pseudo interruption 2018,2018-01-01,2019-12-01,9,560.5692621377826,555.806499200747,515.0227029448297,491.964785098699,608.4942148339693,650.2163737739486,TRUE,TRUE,93.4715118891396,158.2515886752496,30.730704809869916,0.355,HBV,ETS
2018-10-01,662,Sexually IDs,2018-2019,Pseudo interruption 2018,2018-01-01,2019-12-01,10,563.3474323969677,560.9286196938532,515.4172638480619,493.54619017327093,610.2528234997795,647.4524907625865,FALSE,FALSE,612.3073246539223,735.8066700858542,208.25854299297922,0.99,HBV,ETS
2018-11-01,543,Sexually IDs,2018-2019,Pseudo interruption 2018,2018-01-01,2019-12-01,11,509.1968031357321,507.1681994365608,463.6329631320702,441.558474925795,552.4314892005317,592.0634645738928,TRUE,TRUE,88.79852606846151,150.50498964809782,48.89340420762909,0.86,HBV,ETS
2018-12-01,420,Sexually IDs,2018-2019,Pseudo interruption 2018,2018-01-01,2019-12-01,12,437.78424451266955,436.198252537862,395.84238463715326,374.40587185814513,480.2853957713478,517.4296357126881,TRUE,TRUE,84.44301113419453,143.02376385454295,32.19043436594245,0.325,HBV,ETS
2019-01-01,822,Sexually IDs,2018-2019,Pseudo interruption 2018,2018-01-01,2019-12-01,13,790.9908684143464,785.2646000793089,734.1429991110085,709.0132907005361,847.6657440619157,896.7847732312196,TRUE,TRUE,113.52274495090717,187.77148253068344,55.062818429925336,0.769,HBV,ETS
2019-02-01,662,Sexually IDs,2018-2019,Pseudo interruption 2018,2018-01-01,2019-12-01,14,644.3230837797623,640.0682755548903,594.436223291712,568.0998368980333,696.9963932776292,741.911414416361,TRUE,TRUE,102.56016998591713,173.81157751832768,40.9074698545676,0.692,HBV,ETS
2019-03-01,687,Sexually IDs,2018-2019,Pseudo interruption 2018,2018-01-01,2019-12-01,15,681.6854034007416,679.5673609009058,624.2521971729525,602.5722664145973,736.8452011614107,775.9001132876688,TRUE,TRUE,112.59300398845824,173.3278468730715,30.894105792351553,0.539,HBV,ETS
2019-04-01,578,Sexually IDs,2018-2019,Pseudo interruption 2018,2018-01-01,2019-12-01,16,551.2370186509405,547.9507628351464,504.9280072758947,480.67867492880737,599.7713476723677,641.1983555235583,TRUE,TRUE,94.84334039647302,160.51968059475098,45.6351114191086,0.77,HBV,ETS
2019-05-01,542,Sexually IDs,2018-2019,Pseudo interruption 2018,2018-01-01,2019-12-01,17,585.4530692041642,583.7947429096968,538.4311001231871,516.1587462632715,632.0812553698569,673.3150816647349,TRUE,TRUE,93.65015524666978,157.15633540146337,54.70607258328312,0.122,HBV,ETS
2019-06-01,544,Sexually IDs,2018-2019,Pseudo interruption 2018,2018-01-01,2019-12-01,18,570.8188418775459,567.6242677961081,522.9935685213546,500.9605997800488,618.494290598082,660.5522259233829,TRUE,TRUE,95.50072207672736,159.5916261433341,40.56319481489625,0.245,HBV,ETS
2019-07-01,532,Sexually IDs,2018-2019,Pseudo interruption 2018,2018-01-01,2019-12-01,19,543.6372510587487,541.933103950726,497.21543212003854,475.7382390195865,587.4194569417016,627.0322878695428,TRUE,TRUE,90.20402482166304,151.29404884995625,28.430889086045163,0.407,HBV,ETS
2019-08-01,462,Sexually IDs,2018-2019,Pseudo interruption 2018,2018-01-01,2019-12-01,20,562.1001784468051,560.2347281886337,515.723039081872,493.8454084652742,607.521244217634,647.795195288123,FALSE,FALSE,629.0285959544821,1427.7661254338168,236.34300292097674,0,HBV,ETS
2019-09-01,569,Sexually IDs,2018-2019,Pseudo interruption 2018,2018-01-01,2019-12-01,21,562.4758948188385,559.2426311340096,513.7144669003343,491.964785098699,608.4942148339693,650.2163737739486,TRUE,TRUE,94.77974793363501,158.2515886752496,29.300718309183928,0.564,HBV,ETS
2019-10-01,590,Sexually IDs,2018-2019,Pseudo interruption 2018,2018-01-01,2019-12-01,22,561.2819680095778,559.7301556699583,514.5488549739102,493.54619017327093,607.0309641381143,652.0342307590987,TRUE,TRUE,92.48210916420408,158.48804058582778,45.35253455373911,0.784,HBV,ETS
2019-11-01,486,Sexually IDs,2018-2019,Pseudo interruption 2018,2018-01-01,2019-12-01,23,508.44569504786404,504.44882251587114,463.61137900380606,441.476206310933,552.282389433302,592.0634645738928,TRUE,TRUE,88.67101042949594,150.58725826295984,34.96991001193466,0.291,HBV,ETS
2019-12-01,462,Sexually IDs,2018-2019,Pseudo interruption 2018,2018-01-01,2019-12-01,24,438.595619276565,436.64492419225417,395.84238463715326,374.40587185814513,483.4445328276025,517.4296357126881,TRUE,TRUE,87.60214819044921,143.02376385454295,40.02135491085026,0.765,HBV,ETS
2017-01-01,854,Sexually IDs,2017-2019,Pseudo interruption 2017,2017-01-01,2019-12-01,1,753.2324711982965,752.9998371627076,701.0474843490298,669.9692083013346,805.2667854431623,828.3194154405016,FALSE,FALSE,591.5514466625091,1185.5735895191015,222.8713053165994,0.989,HBV,ETS
2017-02-01,755,Sexually IDs,2017-2019,Pseudo interruption 2017,2017-01-01,2019-12-01,2,611.7210064731223,610.8681228729672,561.6880022873396,534.6954886714383,662.4690351260781,699.5884982142428,FALSE,FALSE,1026.0906815779576,2381.3530809730923,374.7341339930232,1,HBV,ETS
2017-03-01,760,Sexually IDs,2017-2019,Pseudo interruption 2017,2017-01-01,2019-12-01,3,645.8757190471628,643.9589686705106,593.965393085289,569.4874119139072,699.1497497208973,733.8835399128152,FALSE,FALSE,713.6868594266357,1209.0545314863002,255.38490383130528,0.992,HBV,ETS
2017-04-01,609,Sexually IDs,2017-2019,Pseudo interruption 2017,2017-01-01,2019-12-01,4,529.0871992703437,528.0394828842565,483.2683995417164,456.86744171956065,575.4936170527458,602.1307269595942,FALSE,FALSE,427.2890469835716,420.0342068562656,149.9360294842169,0.975,HBV,ETS
2017-05-01,669,Sexually IDs,2017-2019,Pseudo interruption 2017,2017-01-01,2019-12-01,5,549.8153089749504,550.520523718551,504.6514555850407,478.33673969477195,593.6225452098139,613.4382812754305,FALSE,FALSE,842.7456375266343,2357.570290563437,323.9256946519582,0.995,HBV,ETS
2017-06-01,592,Sexually IDs,2017-2019,Pseudo interruption 2017,2017-01-01,2019-12-01,6,526.3268126463161,523.9256392968684,481.2572058181945,456.29662904090344,574.8529482780084,601.4753952865898,FALSE,TRUE,265.0662596797299,145.17876624568635,102.67724076108951,0.961,HBV,ETS
2017-07-01,584,Sexually IDs,2017-2019,Pseudo interruption 2017,2017-01-01,2019-12-01,7,510.13903086989706,509.2716890158777,464.2461039122881,439.73656550764224,556.2468943943084,590.3028307397593,FALSE,TRUE,369.5318465389367,150.56626523211708,124.93039484281239,0.965,HBV,ETS
2017-08-01,586,Sexually IDs,2017-2019,Pseudo interruption 2017,2017-01-01,2019-12-01,8,529.8508774267822,527.753521522504,483.6937885858642,460.223324590471,577.1920287977111,609.0612260691395,FALSE,TRUE,181.5779522347355,148.83790147866847,81.60317119870123,0.943,HBV,ETS
2017-09-01,546,Sexually IDs,2017-2019,Pseudo interruption 2017,2017-01-01,2019-12-01,9,529.773947845911,527.5545351333892,483.46997293241265,458.4513158706922,577.2710976171982,612.2427777204684,TRUE,TRUE,93.80112468478552,153.79146184977623,35.916210316845365,0.657,HBV,ETS
2017-10-01,563,Sexually IDs,2017-2019,Pseudo interruption 2017,2017-01-01,2019-12-01,10,536.2036982888937,535.0036944179022,490.6022174041356,465.3972536066214,579.1977400156303,611.710659670772,TRUE,TRUE,88.59552261149469,146.31340606415057,42.42486432608338,0.802,HBV,ETS
2017-11-01,500,Sexually IDs,2017-2019,Pseudo interruption 2017,2017-01-01,2019-12-01,11,480.75193081358833,478.99219095668417,435.214905921331,414.15304886511205,530.0427660101376,552.7421011694568,TRUE,TRUE,94.82786008880657,138.5890523043447,37.52226694103551,0.695,HBV,ETS
2017-12-01,421,Sexually IDs,2017-2019,Pseudo interruption 2017,2017-01-01,2019-12-01,12,412.5547579162775,411.93668168967974,372.39343918132016,349.8381334788119,447.14069919233685,478.02040268001355,TRUE,TRUE,74.74726001101669,128.18226920120162,24.337507018066937,0.589,HBV,ETS
2018-01-01,845,Sexually IDs,2017-2019,Pseudo interruption 2017,2017-01-01,2019-12-01,13,756.6845968936618,755.2007169842103,701.0474843490298,675.0213385638808,815.4263179486427,853.2249901003894,FALSE,TRUE,410.115654113186,178.20365153650857,144.58607713220186,0.972,HBV,ETS
2018-02-01,598,Sexually IDs,2017-2019,Pseudo interruption 2017,2017-01-01,2019-12-01,14,611.1305760989306,608.0476952569962,563.2698992982231,539.3256444711714,656.2277729095614,690.8066454923148,TRUE,TRUE,92.9578736113383,151.48100102114347,28.970656024256858,0.39,HBV,ETS
2018-03-01,671,Sexually IDs,2017-2019,Pseudo interruption 2017,2017-01-01,2019-12-01,15,643.8879597864783,642.941752629767,593.965393085289,569.4874119139072,698.8589364229903,733.8835399128152,TRUE,TRUE,104.89354333770132,164.396127998908,45.805409950174884,0.783,HBV,ETS
2018-04-01,534,Sexually IDs,2017-2019,Pseudo interruption 2017,2017-01-01,2019-12-01,16,526.3285803012135,524.8496506017747,482.5928301357534,461.1481343488171,567.2113346704908,589.0927569282541,TRUE,TRUE,84.61850453473744,127.94462257943695,25.977025147315732,0.59,HBV,ETS
2018-05-01,678,Sexually IDs,2017-2019,Pseudo interruption 2017,2017-01-01,2019-12-01,17,551.9241450070227,550.7499765109102,505.2732036740399,474.2730914064225,599.5593552380177,626.741461799308,FALSE,FALSE,878.6925991838008,2202.809898420565,330.5032305975025,0.992,HBV,ETS
2018-06-01,581,Sexually IDs,2017-2019,Pseudo interruption 2017,2017-01-01,2019-12-01,18,525.6426397309721,524.2378286461859,478.3911739569818,456.29662904090344,574.8529482780084,609.4653815672567,FALSE,TRUE,157.93229154094263,153.16875252635327,76.80565383065623,0.925,HBV,ETS
2018-07-01,488,Sexually IDs,2017-2019,Pseudo interruption 2017,2017-01-01,2019-12-01,19,507.3862938237399,505.7944630582674,464.2461039122881,443.8314285441006,550.5290862154537,590.3028307397593,TRUE,TRUE,86.28298230316562,146.4714021956587,33.89970370294678,0.311,HBV,ETS
2018-08-01,606,Sexually IDs,2017-2019,Pseudo interruption 2017,2017-01-01,2019-12-01,20,526.5306283906659,524.8677836052464,481.6467509105978,455.94693648667646,568.6495337896134,601.0738983994801,FALSE,FALSE,460.50744498288134,342.17102593360073,152.27380535040797,0.975,HBV,ETS
2018-09-01,544,Sexually IDs,2017-2019,Pseudo interruption 2017,2017-01-01,2019-12-01,21,530.0305039859124,529.1720186703114,483.46997293241265,458.4513158706922,577.2710976171982,611.9551911081945,TRUE,TRUE,93.80112468478552,153.5038752375023,33.010720022816614,0.623,HBV,ETS
2018-10-01,662,Sexually IDs,2017-2019,Pseudo interruption 2017,2017-01-01,2019-12-01,22,536.1654609429387,535.8181216023924,487.70845179462236,465.3972536066214,579.1977400156303,619.9761170095217,FALSE,FALSE,919.5118880647049,1835.5341830220339,321.4887721293203,0.994,HBV,ETS
2018-11-01,543,Sexually IDs,2017-2019,Pseudo interruption 2017,2017-01-01,2019-12-01,23,481.2442149060171,478.39537263997903,437.9487435861476,414.15304886511205,527.4252557272087,560.6004425569397,FALSE,TRUE,245.22395486897454,146.44739369182764,96.7774304147258,0.957,HBV,ETS
2018-12-01,420,Sexually IDs,2017-2019,Pseudo interruption 2017,2017-01-01,2019-12-01,24,410.6740138700764,410.5097199628236,369.2167918384686,349.8381334788119,447.14069919233685,478.02040268001355,TRUE,TRUE,77.92390735386823,128.18226920120162,25.187339974408083,0.598,HBV,ETS
2019-01-01,822,Sexually IDs,2017-2019,Pseudo interruption 2017,2017-01-01,2019-12-01,25,757.1560082710826,756.4554976305263,700.9571542288596,675.0213385638808,815.4577308831598,853.2249901003894,FALSE,TRUE,179.9232678227022,178.20365153650857,88.35147080867164,0.925,HBV,ETS
2019-02-01,662,Sexually IDs,2017-2019,Pseudo interruption 2017,2017-01-01,2019-12-01,26,609.7557844717696,608.0476952569962,561.6880022873396,534.6954886714383,662.4690351260781,677.3976930406291,TRUE,TRUE,100.7810328387385,142.70220436919078,64.99489722336881,0.898,HBV,ETS
2019-03-01,687,Sexually IDs,2017-2019,Pseudo interruption 2017,2017-01-01,2019-12-01,27,639.78491819627,638.0785582144301,592.14226281592,564.7292714297456,686.7426145419848,724.8883399672361,FALSE,TRUE,97.17420630621643,160.1590685374905,61.091389178950145,0.901,HBV,ETS
2019-04-01,578,Sexually IDs,2017-2019,Pseudo interruption 2017,2017-01-01,2019-12-01,28,525.8823842894157,525.8553792953064,482.5928301357534,456.86744171956065,569.6774756614836,601.9257442976435,FALSE,TRUE,170.30988891089385,145.05830257808287,74.7676108926212,0.911,HBV,ETS
2019-05-01,542,Sexually IDs,2017-2019,Pseudo interruption 2017,2017-01-01,2019-12-01,29,549.6649318934525,547.8431983072929,503.8851012319734,478.33673969477195,599.5593552380177,634.89700492201,TRUE,TRUE,95.6742540060443,156.560265227238,26.244849895890958,0.422,HBV,ETS
2019-06-01,544,Sexually IDs,2017-2019,Pseudo interruption 2017,2017-01-01,2019-12-01,30,527.837888435126,527.4258039956007,482.0061618573823,456.29662904090344,569.6213429094103,601.270523843496,TRUE,TRUE,87.61518105202794,144.97389480259255,33.07674156394758,0.662,HBV,ETS
2019-07-01,532,Sexually IDs,2017-2019,Pseudo interruption 2017,2017-01-01,2019-12-01,31,509.67025311902813,509.16136779266594,461.43125719458027,439.73656550764224,556.2468943943084,590.5853077020143,TRUE,TRUE,94.81563719972809,150.8487421943721,39.47535740559863,0.752,HBV,ETS
2019-08-01,462,Sexually IDs,2017-2019,Pseudo interruption 2017,2017-01-01,2019-12-01,32,528.2032934901517,526.7055339351122,481.5718832459343,460.11641488787615,574.4604387394669,620.5375849014795,FALSE,TRUE,288.60738795287574,160.42117001360333,104.35845602109399,0.032,HBV,ETS
2019-09-01,569,Sexually IDs,2017-2019,Pseudo interruption 2017,2017-01-01,2019-12-01,33,530.7927055414688,529.7421608855335,484.89735555578244,458.4513158706922,577.2710976171982,611.9551911081945,TRUE,TRUE,92.37374206141573,153.5038752375023,52.326225030899806,0.887,HBV,ETS
2019-10-01,590,Sexually IDs,2017-2019,Pseudo interruption 2017,2017-01-01,2019-12-01,34,539.2348662741074,537.9171248475687,492.04008226556255,469.71762941941427,587.8188068067145,631.5543744551616,FALSE,TRUE,117.59065647400678,161.8367450357473,66.95427495921598,0.915,HBV,ETS
2019-11-01,486,Sexually IDs,2017-2019,Pseudo interruption 2017,2017-01-01,2019-12-01,35,482.25238968027935,481.71043146522305,437.9487435861476,414.15304886511205,527.4252557272087,560.6004425569397,TRUE,TRUE,89.47651214106105,146.44739369182764,23.605792518064433,0.558,HBV,ETS
2019-12-01,462,Sexually IDs,2017-2019,Pseudo interruption 2017,2017-01-01,2019-12-01,36,411.99896629928537,410.5097199628236,371.7351635258917,353.5852488076349,449.330613069002,485.33024932807774,FALSE,TRUE,204.28931885309004,131.74500052044283,79.14831506705323,0.939,HBV,ETS
2019-01-01,914,Sexually IDs,2019,Pseudo interruption 2019,2019-01-01,2019-12-01,1,781.898338649121,780.8064979936597,659.9309719036395,607.6045495687338,902.3275877117837,969.1919382334371,FALSE,TRUE,359.1207386903069,361.5873886647033,178.47761534210946,0.933,Syphilis,Bayesian structural
2019-02-01,755,Sexually IDs,2019,Pseudo interruption 2019,2019-01-01,2019-12-01,2,698.7584713601814,694.2411442887719,564.0987038854071,490.14278067642573,843.0769475204706,917.4851862322686,TRUE,TRUE,278.97824363506356,427.34240555584284,110.33729977282636,0.704,Syphilis,Bayesian structural
2019-03-01,789,Sexually IDs,2019,Pseudo interruption 2019,2019-01-01,2019-12-01,3,787.8245616535887,782.4289195678682,625.7338766146089,543.2224783592212,959.907021200631,1080.7273205376769,TRUE,TRUE,334.1731445860221,537.5048421784556,80.22476116660721,0.518,Syphilis,Bayesian structural
2019-04-01,677,Sexually IDs,2019,Pseudo interruption 2019,2019-01-01,2019-12-01,4,642.2403829207072,634.8653222408061,484.12064024112817,407.2207582159689,828.0502319883177,919.3632127483013,TRUE,TRUE,343.92959174718953,512.1424545323324,109.22217506819875,0.634,Syphilis,Bayesian structural
2019-05-01,875,Sexually IDs,2019,Pseudo interruption 2019,2019-01-01,2019-12-01,5,715.477601050547,708.0425246244954,534.6042458072786,444.40127824525126,928.893729409414,1061.760175046423,TRUE,TRUE,394.2894836021354,617.3588968011718,221.34665354879226,0.856,Syphilis,Bayesian structural
2019-06-01,777,Sexually IDs,2019,Pseudo interruption 2019,2019-01-01,2019-12-01,6,750.9899598738166,731.7475614256227,547.4546772715861,440.72621250651497,979.0627112293754,1139.4880451044735,TRUE,TRUE,431.6080339577893,698.7618325979586,133.20970959666647,0.607,Syphilis,Bayesian structural
2019-07-01,745,Sexually IDs,2019,Pseudo interruption 2019,2019-01-01,2019-12-01,7,745.6805492079052,734.630847701682,500.1382895720536,406.99313237198237,989.5869718431215,1115.3580114756473,TRUE,TRUE,489.4486822710679,708.364879103665,114.94170616617187,0.508,Syphilis,Bayesian structural
2019-08-01,744,Sexually IDs,2019,Pseudo interruption 2019,2019-01-01,2019-12-01,8,799.7654970401923,776.333993448197,549.3935397983777,432.34935200415623,1085.3260266666787,1232.1933876758947,TRUE,TRUE,535.932486868301,799.8440356717384,143.61015408435532,0.437,Syphilis,Bayesian structural
2019-09-01,774,Sexually IDs,2019,Pseudo interruption 2019,2019-01-01,2019-12-01,9,743.9388627022188,728.3212756059847,485.5086849903767,351.6621394196347,1025.729085923751,1185.7925225589024,TRUE,TRUE,540.2204009333743,834.1303831392677,156.34345899012283,0.57,Syphilis,Bayesian structural
2019-10-01,748,Sexually IDs,2019,Pseudo interruption 2019,2019-01-01,2019-12-01,10,728.2765163280193,704.9826889485271,450.31424014314405,313.72664481565886,1046.667509389652,1227.2305190096545,TRUE,TRUE,596.3532692465079,913.5038741939957,166.37052688837943,0.571,Syphilis,Bayesian structural
2019-11-01,706,Sexually IDs,2019,Pseudo interruption 2019,2019-01-01,2019-12-01,11,701.6652944427348,688.8950770599574,421.28973643223753,287.37936315445216,1010.9980191250248,1286.382874056904,TRUE,TRUE,589.7082826927873,999.0035109024518,147.9974040189781,0.543,Syphilis,Bayesian structural
2019-12-01,597,Sexually IDs,2019,Pseudo interruption 2019,2019-01-01,2019-12-01,12,570.4830891744782,536.8708087351408,298.4521506932001,190.0942024690629,884.4295828723922,1058.0378788007315,TRUE,TRUE,585.9774321791921,867.9436763316686,176.5774892138248,0.585,Syphilis,Bayesian structural
2018-01-01,755,Sexually IDs,2018-2019,Pseudo interruption 2018,2018-01-01,2019-12-01,1,551.6164378262844,546.7637312133553,453.5601262794353,412.12313080465213,659.699869249685,734.3380554159447,FALSE,FALSE,1159.1410504734,1148.6927079735037,397.9992914239999,0.987,Syphilis,Bayesian structural
2018-02-01,660,Sexually IDs,2018-2019,Pseudo interruption 2018,2018-01-01,2019-12-01,2,524.0631926009461,519.4353095368415,394.9046859652748,347.1517184676102,651.8268060824358,729.6112779375303,FALSE,TRUE,338.6540592928027,382.4595594699201,181.93478423617205,0.913,Syphilis,Bayesian structural
2018-03-01,766,Sexually IDs,2018-2019,Pseudo interruption 2018,2018-01-01,2019-12-01,3,566.7800411075824,555.9395113316755,421.8624454241125,359.5695797511364,722.4729336733068,829.576971279861,FALSE,TRUE,735.8811515161265,470.0073915287246,304.5896708383889,0.941,Syphilis,Bayesian structural
2018-04-01,571,Sexually IDs,2018-2019,Pseudo interruption 2018,2018-01-01,2019-12-01,4,475.6740001680556,467.5912816277991,317.9590477672674,260.42008125605355,634.0259602870274,798.1770243744977,TRUE,TRUE,316.06691251975997,537.7569431184442,154.80795842566008,0.78,Syphilis,Bayesian structural
2018-05-01,668,Sexually IDs,2018-2019,Pseudo interruption 2018,2018-01-01,2019-12-01,5,509.1954709994148,490.15583156445666,322.14219859148005,275.97143855664774,704.8912088173857,829.2490082162927,TRUE,TRUE,382.7490102259057,553.277569659645,225.64627917096536,0.853,Syphilis,Bayesian structural
2018-06-01,656,Sexually IDs,2018-2019,Pseudo interruption 2018,2018-01-01,2019-12-01,6,560.8804213980424,545.0928315183112,339.4209833140184,269.665511862041,784.9324302846717,970.6224124615111,TRUE,TRUE,445.5114469706533,700.9569005994701,188.04584232463438,0.712,Syphilis,Bayesian structural
2018-07-01,633,Sexually IDs,2018-2019,Pseudo interruption 2018,2018-01-01,2019-12-01,7,558.2195511639168,527.3532636080215,342.41602289462816,240.44768008214587,801.8025977840923,1007.5615418964258,TRUE,TRUE,459.38657488946416,767.1138618142799,188.70379556846825,0.68,Syphilis,Bayesian structural
2018-08-01,703,Sexually IDs,2018-2019,Pseudo interruption 2018,2018-01-01,2019-12-01,8,592.796463133458,581.8431445523486,347.6494179741217,246.78800481666536,843.3466557350264,1097.7608450516716,TRUE,TRUE,495.69723776090467,850.9728402350063,210.27595600926617,0.712,Syphilis,Bayesian structural
2018-09-01,588,Sexually IDs,2018-2019,Pseudo interruption 2018,2018-01-01,2019-12-01,9,575.7593748783332,559.2033375578569,293.8739243741431,197.00341962016287,853.6097245569568,1094.0450596796122,TRUE,TRUE,559.7358001828138,897.0416400594494,148.47672358534265,0.558,Syphilis,Bayesian structural
2018-10-01,575,Sexually IDs,2018-2019,Pseudo interruption 2018,2018-01-01,2019-12-01,10,557.0056260978595,535.4916644536872,283.3475133980976,186.56317855412317,863.43540512071,1120.5875983761089,TRUE,TRUE,580.0878917226124,934.0244198219857,161.78170790554765,0.564,Syphilis,Bayesian structural
2018-11-01,589,Sexually IDs,2018-2019,Pseudo interruption 2018,2018-01-01,2019-12-01,11,525.6084557181347,489.81764966673603,244.78773420715672,136.91248637567722,858.8802333367365,1154.8533638693725,TRUE,TRUE,614.0924991295798,1017.9408774936953,218.31831522709177,0.64,Syphilis,Bayesian structural
2018-12-01,465,Sexually IDs,2018-2019,Pseudo interruption 2018,2018-01-01,2019-12-01,12,447.9851537891694,417.78750251741644,169.73923955493325,82.93579201715066,767.76049455202,1007.6548108326306,TRUE,TRUE,598.0212549970868,924.7190188154799,170.44215953821993,0.587,Syphilis,Bayesian structural
2019-01-01,914,Sexually IDs,2018-2019,Pseudo interruption 2018,2018-01-01,2019-12-01,13,682.1512115989069,641.505264454649,305.12404667545803,162.3341217993588,1114.8109623828582,1550.7023255919487,TRUE,TRUE,809.6869157074002,1388.3682037925898,403.08042310116844,0.797,Syphilis,Bayesian structural
2019-02-01,755,Sexually IDs,2018-2019,Pseudo interruption 2018,2018-01-01,2019-12-01,14,660.5314020673619,619.530250190702,275.5835489217457,154.30312437713147,1094.1980941576014,1583.0155569426233,TRUE,TRUE,818.6145452358558,1428.7124325654918,296.502624387795,0.666,Syphilis,Bayesian structural
2019-03-01,789,Sexually IDs,2018-2019,Pseudo interruption 2018,2018-01-01,2019-12-01,15,708.4118834126253,668.6158985352901,279.6762656012254,167.42310162738315,1199.2850900565056,1584.7568430274703,TRUE,TRUE,919.6088244552802,1417.333741400087,300.1380427406163,0.634,Syphilis,Bayesian structural
2019-04-01,677,Sexually IDs,2018-2019,Pseudo interruption 2018,2018-01-01,2019-12-01,16,613.5244096457953,563.9292727483748,199.35862814479515,97.13068701986491,1067.9108848758601,1514.2209483204058,TRUE,TRUE,868.552256731065,1417.090261300541,286.1085533302922,0.658,Syphilis,Bayesian structural
2019-05-01,875,Sexually IDs,2018-2019,Pseudo interruption 2018,2018-01-01,2019-12-01,17,644.6626655514116,572.7154170121713,204.74204478357413,88.39835897776457,1170.0651589349034,1613.5893921900786,TRUE,TRUE,965.3231141513293,1525.191033212314,457.2870059829682,0.768,Syphilis,Bayesian structural
2019-06-01,777,Sexually IDs,2018-2019,Pseudo interruption 2018,2018-01-01,2019-12-01,18,717.7699587322,655.9826984720775,226.53526787273904,101.34187196846486,1299.3097730061133,1834.349435702703,TRUE,TRUE,1072.7745051333743,1733.0075637342381,337.7780645930475,0.64,Syphilis,Bayesian structural
2019-07-01,745,Sexually IDs,2018-2019,Pseudo interruption 2018,2018-01-01,2019-12-01,19,716.2458693599615,632.3669757591272,212.79811307201686,100.01514124878695,1344.9866478153901,1805.7894344377498,TRUE,TRUE,1132.1885347433733,1705.774293188963,339.4875566791965,0.602,Syphilis,Bayesian structural
2019-08-01,744,Sexually IDs,2018-2019,Pseudo interruption 2018,2018-01-01,2019-12-01,20,753.273459008421,678.7840763352558,214.79777359813954,95.13732343419835,1352.8907968886938,1938.8968948730999,TRUE,TRUE,1138.0930232905544,1843.7595714389015,308.0180055158401,0.555,Syphilis,Bayesian structural
2019-09-01,774,Sexually IDs,2018-2019,Pseudo interruption 2018,2018-01-01,2019-12-01,21,733.614999867288,643.586933765339,180.56587844713658,76.76129735824853,1387.0023935313104,1926.003708941061,TRUE,TRUE,1206.4365150841738,1849.2424115828123,371.3299918645091,0.607,Syphilis,Bayesian structural
2019-10-01,748,Sexually IDs,2018-2019,Pseudo interruption 2018,2018-01-01,2019-12-01,22,718.216624801313,615.8345393911309,144.84213117151347,47.2530327678264,1421.2495809147113,1987.5159814444937,TRUE,TRUE,1276.4074497431977,1940.2629486766673,387.5680783930736,0.605,Syphilis,Bayesian structural
2019-11-01,706,Sexually IDs,2018-2019,Pseudo interruption 2018,2018-01-01,2019-12-01,23,694.1241842479394,593.9027477587074,117.67071935179503,17.14037115505098,1408.0768860951723,2115.4542324166705,TRUE,TRUE,1290.4061667433773,2098.3138612616194,380.0753429224393,0.583,Syphilis,Bayesian structural
2019-12-01,597,Sexually IDs,2018-2019,Pseudo interruption 2018,2018-01-01,2019-12-01,24,610.5163386384224,526.3929332520332,60.38043921640629,2.421448533129151,1303.0791660729637,1916.8084029958932,TRUE,TRUE,1242.6987268565574,1914.386954462764,331.89292787393316,0.556,Syphilis,Bayesian structural
2017-01-01,516,Sexually IDs,2017-2019,Pseudo interruption 2017,2017-01-01,2019-12-01,1,358.82973349930955,355.65935472501735,288.08040582404163,247.12402024186932,436.4335408556464,494.76486048963636,FALSE,FALSE,944.0177264751406,1097.0464206623126,323.19720928250115,0.988,Syphilis,Bayesian structural
2017-02-01,435,Sexually IDs,2017-2019,Pseudo interruption 2017,2017-01-01,2019-12-01,2,346.6352403191757,340.1293809907085,255.95864755105487,221.7118670075733,445.9607204614448,506.38330710317075,TRUE,TRUE,190.00207291038993,284.67144009559746,117.68368447691947,0.876,Syphilis,Bayesian structural
2017-03-01,514,Sexually IDs,2017-2019,Pseudo interruption 2017,2017-01-01,2019-12-01,3,369.34126069351777,364.78539469012287,252.40621460197312,186.49723668116272,488.00511673700373,545.9398962547962,FALSE,TRUE,495.54773476499327,359.4426595736335,213.03702819324593,0.953,Syphilis,Bayesian structural
2017-04-01,405,Sexually IDs,2017-2019,Pseudo interruption 2017,2017-01-01,2019-12-01,4,304.2571174639425,294.1087203104399,186.09928117446054,129.5585099692002,436.3848152491517,503.72250363521675,TRUE,TRUE,250.28553407469116,374.16399366601655,143.72526895023935,0.831,Syphilis,Bayesian structural
2017-05-01,513,Sexually IDs,2017-2019,Pseudo interruption 2017,2017-01-01,2019-12-01,5,308.9537001582386,302.16162448558464,174.9833225746106,127.06537483325776,453.08691423105114,552.8953501096167,FALSE,TRUE,877.2344493459291,425.829975276359,326.0614113179353,0.953,Syphilis,Bayesian structural
2017-06-01,463,Sexually IDs,2017-2019,Pseudo interruption 2017,2017-01-01,2019-12-01,6,364.65544545689335,349.8214308197972,213.28882017297252,160.38172629729522,524.2929770833816,622.8370226080655,TRUE,TRUE,311.0041569104091,462.4552963107702,158.80173230225853,0.806,Syphilis,Bayesian structural
2017-07-01,418,Sexually IDs,2017-2019,Pseudo interruption 2017,2017-01-01,2019-12-01,7,366.2293793501452,350.6839745350327,209.62905643419424,137.55478337183962,539.3128865296892,635.1416246187903,TRUE,TRUE,329.68383009549495,497.58684124695066,126.50570683713109,0.688,Syphilis,Bayesian structural
2017-08-01,472,Sexually IDs,2017-2019,Pseudo interruption 2017,2017-01-01,2019-12-01,8,376.092254251633,361.60755184084354,191.23066729234822,125.74932333791152,570.7884379679169,706.2702841873162,TRUE,TRUE,379.5577706755687,580.5209608494047,172.26404026939235,0.768,Syphilis,Bayesian structural
2017-09-01,423,Sexually IDs,2017-2019,Pseudo interruption 2017,2017-01-01,2019-12-01,9,364.6830411722803,346.2018118502365,191.62326437611625,119.51676739530143,571.2426327211709,718.6503250435388,TRUE,TRUE,379.6193683450547,599.1335576482375,146.1429917609491,0.711,Syphilis,Bayesian structural
2017-10-01,447,Sexually IDs,2017-2019,Pseudo interruption 2017,2017-01-01,2019-12-01,10,336.26391378963393,314.07842233934525,149.88560034394007,82.54801799467072,545.4951649987834,715.0922096091804,TRUE,TRUE,395.6095646548433,632.5441916145096,194.93656013787913,0.802,Syphilis,Bayesian structural
2017-11-01,442,Sexually IDs,2017-2019,Pseudo interruption 2017,2017-01-01,2019-12-01,11,306.95403110442845,278.9574434558842,119.57811525600013,54.73476399905375,517.1127607817879,742.585799455058,TRUE,TRUE,397.5346455257877,687.8510354560043,221.55362993765888,0.806,Syphilis,Bayesian structural
2017-12-01,333,Sexually IDs,2017-2019,Pseudo interruption 2017,2017-01-01,2019-12-01,12,255.70729010152314,227.93311901067958,82.33617573988876,25.342265911967864,440.9705276350321,615.1750269315423,TRUE,TRUE,358.63435189514337,589.8327610195745,165.02831153546225,0.726,Syphilis,Bayesian structural
2018-01-01,755,Sexually IDs,2017-2019,Pseudo interruption 2017,2017-01-01,2019-12-01,13,404.4932363917539,380.53699488993584,166.69533377084863,80.11248544637611,696.2101225554213,892.8081702158283,FALSE,TRUE,1117.4135632303596,812.6956847694522,510.864401595687,0.925,Syphilis,Bayesian structural
2018-02-01,660,Sexually IDs,2017-2019,Pseudo interruption 2017,2017-01-01,2019-12-01,14,397.8381947727679,368.1137287913024,152.5661820273719,69.08794897954681,698.6277540878359,946.052094864655,TRUE,TRUE,546.061572060464,876.9641458851082,355.95743433203666,0.872,Syphilis,Bayesian structural
2018-03-01,766,Sexually IDs,2017-2019,Pseudo interruption 2017,2017-01-01,2019-12-01,15,420.0844943462244,379.9900854249148,163.83490872178174,79.53284800099095,727.680048142088,957.3680250551648,FALSE,TRUE,947.044657999426,877.8351770541739,495.4484840221433,0.924,Syphilis,Bayesian structural
2018-04-01,571,Sexually IDs,2017-2019,Pseudo interruption 2017,2017-01-01,2019-12-01,16,348.8871182572788,314.11790083350456,111.51390111663613,43.356686128220936,634.0637160019808,883.4449278652702,TRUE,TRUE,522.5498148853446,840.0882417370492,322.71717938433346,0.86,Syphilis,Bayesian structural
2018-05-01,668,Sexually IDs,2017-2019,Pseudo interruption 2017,2017-01-01,2019-12-01,17,357.56749819084223,321.6748003619261,109.98706740702976,45.158571339166656,673.1838748977495,923.286877271224,TRUE,TRUE,563.1968074907198,878.1283059320573,402.2967811462566,0.899,Syphilis,Bayesian structural
2018-06-01,656,Sexually IDs,2017-2019,Pseudo interruption 2017,2017-01-01,2019-12-01,18,418.5070870719082,383.7511505259815,113.58234129262225,60.65858355064539,772.2837666778208,1065.6598892909744,TRUE,TRUE,658.7014253851986,1005.001305740329,363.3913598704597,0.841,Syphilis,Bayesian structural
2018-07-01,633,Sexually IDs,2017-2019,Pseudo interruption 2017,2017-01-01,2019-12-01,19,427.542838715897,384.49145336147166,114.64582551963257,44.81313113495294,790.7382703693232,1043.4790085103962,TRUE,TRUE,676.0924448496907,998.6658773754432,346.92826358179093,0.811,Syphilis,Bayesian structural
2018-08-01,703,Sexually IDs,2017-2019,Pseudo interruption 2017,2017-01-01,2019-12-01,20,439.1313071189633,392.98212869486554,121.51673075295167,43.33279004431776,813.3146375491879,1093.7405106916492,TRUE,TRUE,691.7979067962362,1050.4077206473314,400.71827095739866,0.837,Syphilis,Bayesian structural
2018-09-01,588,Sexually IDs,2017-2019,Pseudo interruption 2017,2017-01-01,2019-12-01,21,424.31192892746657,377.98048680021253,77.08110871105733,28.152921352200245,800.2322209617529,1123.5617889000496,TRUE,TRUE,723.1511122506955,1095.4088675478492,327.53614322185524,0.767,Syphilis,Bayesian structural
2018-10-01,575,Sexually IDs,2017-2019,Pseudo interruption 2017,2017-01-01,2019-12-01,22,399.036088135172,358.9351484628276,69.53154493732315,12.533353194426748,787.7689619005924,1074.4948452860335,TRUE,TRUE,718.2374169632693,1061.9614920916067,330.2483276275253,0.786,Syphilis,Bayesian structural
2018-11-01,589,Sexually IDs,2017-2019,Pseudo interruption 2017,2017-01-01,2019-12-01,23,368.8344756106914,327.9592898176153,42.95755620676831,5.330364324613029,754.5450500744972,1070.2402791912298,TRUE,TRUE,711.5874938677289,1064.9099148666166,365.2829637594091,0.82,Syphilis,Bayesian structural
2018-12-01,465,Sexually IDs,2017-2019,Pseudo interruption 2017,2017-01-01,2019-12-01,24,315.8180720482022,259.7625778660464,27.5677747231322,0.010000000000000002,643.6992854520538,1030.498828098708,TRUE,TRUE,616.1315107289216,1030.488828098708,303.9905325477386,0.783,Syphilis,Bayesian structural
2019-01-01,914,Sexually IDs,2017-2019,Pseudo interruption 2017,2017-01-01,2019-12-01,25,472.6089364049713,427.91125585306304,68.93361513554574,13.207475848049585,945.975242799974,1403.690981910739,TRUE,TRUE,877.0416276644282,1390.4835060626895,584.8169959863657,0.888,Syphilis,Bayesian structural
2019-02-01,755,Sexually IDs,2017-2019,Pseudo interruption 2017,2017-01-01,2019-12-01,26,468.1409067783014,409.50219956692587,59.89409656582983,6.967885376957739,965.2894480571472,1374.4409700859594,TRUE,TRUE,905.3953514913173,1367.4730847090016,475.9604199734302,0.803,Syphilis,Bayesian structural
2019-03-01,789,Sexually IDs,2017-2019,Pseudo interruption 2017,2017-01-01,2019-12-01,27,498.2790646672607,434.9025286476483,75.55088073451616,6.377234852142338,1012.3797174549421,1409.9593244368996,TRUE,TRUE,936.828836720426,1403.5820895847573,489.3138745405398,0.812,Syphilis,Bayesian structural
2019-04-01,677,Sexually IDs,2017-2019,Pseudo interruption 2017,2017-01-01,2019-12-01,28,421.44067246820555,337.3395133036734,48.86408793328984,0.08842617275704641,896.0537848339115,1305.307522893323,TRUE,TRUE,847.1896969006217,1305.219096720566,459.48750472998347,0.803,Syphilis,Bayesian structural
2019-05-01,875,Sexually IDs,2017-2019,Pseudo interruption 2017,2017-01-01,2019-12-01,29,433.14988874658616,328.1785997813847,45.97798113906574,0.010000000000000002,918.8724281519388,1332.6143034509148,TRUE,TRUE,872.8944470128731,1332.6043034509148,630.4244038349885,0.882,Syphilis,Bayesian structural
2019-06-01,777,Sexually IDs,2017-2019,Pseudo interruption 2017,2017-01-01,2019-12-01,30,496.781535122659,407.746263285414,51.858237716994786,0.6515506541637706,1070.939964515736,1497.1722304313585,TRUE,TRUE,1019.0817267987411,1496.5206797771948,518.3168928505552,0.793,Syphilis,Bayesian structural
2019-07-01,745,Sexually IDs,2017-2019,Pseudo interruption 2017,2017-01-01,2019-12-01,31,500.01992511722426,392.11847696218854,51.4824527630744,0.4780109194234683,1068.6645176573604,1522.1377804731185,TRUE,TRUE,1017.182064894286,1521.659769553695,505.9207395954827,0.785,Syphilis,Bayesian structural
2019-08-01,744,Sexually IDs,2017-2019,Pseudo interruption 2017,2017-01-01,2019-12-01,32,516.3002962021253,398.2711028002401,47.55342077927983,0.23503975936717839,1093.1459160543727,1614.293359382678,TRUE,TRUE,1045.592495275093,1614.0583196233108,508.44024978875524,0.765,Syphilis,Bayesian structural
2019-09-01,774,Sexually IDs,2017-2019,Pseudo interruption 2017,2017-01-01,2019-12-01,33,505.81568690113596,413.0527859792949,47.61965171314903,0.010000000000000002,1038.0750730635837,1674.1093970130344,TRUE,TRUE,990.4554213504347,1674.0993970130344,514.194614513155,0.802,Syphilis,Bayesian structural
2019-10-01,748,Sexually IDs,2017-2019,Pseudo interruption 2017,2017-01-01,2019-12-01,34,482.0853198300269,370.9145205728194,27.71437581044773,0.010000000000000002,1052.3642133303122,1673.884822135158,TRUE,TRUE,1024.6498375198644,1673.874822135158,532.5673504303292,0.8,Syphilis,Bayesian structural
2019-11-01,706,Sexually IDs,2017-2019,Pseudo interruption 2017,2017-01-01,2019-12-01,35,456.960699994134,335.7417434628993,25.93396311149942,0.010000000000000002,997.4387621048115,1639.346555631039,TRUE,TRUE,971.5047989933121,1639.3365556310391,517.2208352938521,0.784,Syphilis,Bayesian structural
2019-12-01,597,Sexually IDs,2017-2019,Pseudo interruption 2017,2017-01-01,2019-12-01,36,402.8946261225818,277.6252121838538,9.258170333716558,0.010000000000000002,932.6219556161793,1444.0125379076205,TRUE,TRUE,923.3637852824628,1444.0025379076205,460.99813741441585,0.773,Syphilis,Bayesian structural
2019-01-01,944,Sexually IDs,2019,Pseudo interruption 2019,2019-01-01,2019-12-01,1,937.6330459108693,942.7864734725006,863.8612237071043,834.3026336232116,1003.3135973263861,1088.9094977206278,TRUE,TRUE,139.45237361928184,254.60686409741618,33.467475564981285,0.542,Gonorrhoea,TBATS
2019-02-01,708,Sexually IDs,2019,Pseudo interruption 2019,2019-01-01,2019-12-01,2,876.6932235172898,877.5657711293999,800.174154543395,772.1394807072359,947.8040236378207,999.4154661168515,FALSE,FALSE,1069.3714145283761,2792.85521369905,418.4662517760222,0,Gonorrhoea,TBATS
2019-03-01,784,Sexually IDs,2019,Pseudo interruption 2019,2019-01-01,2019-12-01,3,910.192722475618,910.7171016309844,826.3036198468509,786.6184709867496,991.3701522215326,1038.603042812506,FALSE,FALSE,588.1027308431907,356.7234112957392,209.73905469152766,0.02,Gonorrhoea,TBATS
2019-04-01,827,Sexually IDs,2019,Pseudo interruption 2019,2019-01-01,2019-12-01,4,880.9498999323935,878.9222930366257,798.1774654321347,757.6197572991746,963.8277335627437,1016.9248778651522,TRUE,TRUE,165.650268130609,259.30512056597763,78.41408215283707,0.193,Gonorrhoea,TBATS
2019-05-01,886,Sexually IDs,2019,Pseudo interruption 2019,2019-01-01,2019-12-01,5,848.423753911591,849.159555741579,763.4564870606843,713.6667709852019,937.9579150856999,991.4623334023049,TRUE,TRUE,174.50142802501568,277.79556241710304,68.50440638742347,0.721,Gonorrhoea,TBATS
2019-06-01,807,Sexually IDs,2019,Pseudo interruption 2019,2019-01-01,2019-12-01,6,909.9962131414994,907.5464799560857,811.2932265467473,771.4413186983444,1010.4507927999199,1065.9325132795427,FALSE,TRUE,242.08983172064552,294.49119458119833,130.95120482341977,0.088,Gonorrhoea,TBATS
2019-07-01,783,Sexually IDs,2019,Pseudo interruption 2019,2019-01-01,2019-12-01,7,825.5696766249081,824.1598743016079,727.2605094657192,683.5949733608653,923.4991585509524,982.7355047724642,TRUE,TRUE,196.2386490852332,299.1405314115989,76.29170455138761,0.298,Gonorrhoea,TBATS
2019-08-01,801,Sexually IDs,2019,Pseudo interruption 2019,2019-01-01,2019-12-01,8,877.1800750723953,877.7681278958903,772.5505741224166,720.0823962937776,976.9700886948135,1043.7764228986834,TRUE,TRUE,204.4195145723969,323.69402660490584,107.069385712492,0.187,Gonorrhoea,TBATS
2019-09-01,780,Sexually IDs,2019,Pseudo interruption 2019,2019-01-01,2019-12-01,9,814.2513172734816,810.4188483867883,712.0278910116712,668.6490213730586,920.5426097664459,988.4345612234575,TRUE,TRUE,208.51471875477478,319.7855398503989,70.4888553042106,0.353,Gonorrhoea,TBATS
2019-10-01,780,Sexually IDs,2019,Pseudo interruption 2019,2019-01-01,2019-12-01,10,851.6603173337054,848.8862710361173,742.1558224826141,694.1070172065733,963.672534398318,1029.6303671438382,TRUE,TRUE,221.51671191570392,335.5233499372648,103.97262473289702,0.214,Gonorrhoea,TBATS
2019-11-01,730,Sexually IDs,2019,Pseudo interruption 2019,2019-01-01,2019-12-01,11,776.6342862935185,773.8261118814205,675.1089792193386,615.9643614195545,885.5520477472564,954.5384615515239,TRUE,TRUE,210.44306852791783,338.57410013196943,82.27474447488204,0.298,Gonorrhoea,TBATS
2019-12-01,685,Sexually IDs,2019,Pseudo interruption 2019,2019-01-01,2019-12-01,12,715.8339942556962,713.2440326000681,608.3192371537021,559.3366895427991,830.2778786650197,883.9170747751981,TRUE,TRUE,221.95864151131752,324.58038523239895,71.09182413116123,0.376,Gonorrhoea,TBATS
2018-01-01,901,Sexually IDs,2018-2019,Pseudo interruption 2018,2018-01-01,2019-12-01,1,929.7053116874125,934.3730430365576,851.2239530738624,811.3513667366774,1003.1574658569066,1023.6555634937714,TRUE,TRUE,151.9335127830442,212.30419675709402,59.49996434481695,0.331,Gonorrhoea,TBATS
2018-02-01,805,Sexually IDs,2018-2019,Pseudo interruption 2018,2018-01-01,2019-12-01,2,892.1138887853249,891.1655551219828,811.2820666045849,771.6466231097307,966.2980686813182,1033.8218973556445,FALSE,TRUE,217.83666812258218,262.1752742459138,114.27332196703597,0.077,Gonorrhoea,TBATS
2018-03-01,782,Sexually IDs,2018-2019,Pseudo interruption 2018,2018-01-01,2019-12-01,3,893.3405791282103,892.885268369854,803.5998877925109,771.6768147760235,978.3592646023136,1047.4562402950137,FALSE,TRUE,390.7582547349118,275.77942551899014,162.26071247422868,0.042,Gonorrhoea,TBATS
2018-04-01,767,Sexually IDs,2018-2019,Pseudo interruption 2018,2018-01-01,2019-12-01,4,855.8065052554165,852.8798509283681,768.8596275212726,733.2737106924618,946.0970030850962,997.4502979801871,FALSE,TRUE,195.8336507765497,264.1765872877253,110.60432835845147,0.097,Gonorrhoea,TBATS
2018-05-01,859,Sexually IDs,2018-2019,Pseudo interruption 2018,2018-01-01,2019-12-01,5,829.8871438463984,827.4695447716149,734.850266723138,695.1653329481024,918.79949517229,993.2078235827961,TRUE,TRUE,183.94922844915197,298.04249063469365,66.57794035996015,0.681,Gonorrhoea,TBATS
2018-06-01,873,Sexually IDs,2018-2019,Pseudo interruption 2018,2018-01-01,2019-12-01,6,901.2989454132867,900.4599408867822,801.3631843464731,757.0945535856068,1000.1331643883508,1057.4508052356225,TRUE,TRUE,198.76998004187772,300.3562516500157,65.78539958212681,0.381,Gonorrhoea,TBATS
2018-07-01,802,Sexually IDs,2018-2019,Pseudo interruption 2018,2018-01-01,2019-12-01,7,819.344559951077,819.2589038231581,728.8144908343013,668.3009402421342,918.9616112580775,977.0300742764733,TRUE,TRUE,190.1471204237762,308.72913403433915,56.579827687704245,0.425,Gonorrhoea,TBATS
2018-08-01,826,Sexually IDs,2018-2019,Pseudo interruption 2018,2018-01-01,2019-12-01,8,862.3287938622423,860.706088453513,765.6139110477002,716.3631540651203,963.8141728113026,1014.0182017289303,TRUE,TRUE,198.20026176360238,297.65504766381,71.38311455153917,0.324,Gonorrhoea,TBATS
2018-09-01,822,Sexually IDs,2018-2019,Pseudo interruption 2018,2018-01-01,2019-12-01,9,799.557148800522,797.8677905627429,696.2185418756309,650.4314632840437,900.5450821968265,969.4333154745864,TRUE,TRUE,204.32654032119558,319.00185219054265,64.75808808881865,0.613,Gonorrhoea,TBATS
2018-10-01,821,Sexually IDs,2018-2019,Pseudo interruption 2018,2018-01-01,2019-12-01,10,841.1939639779177,840.5952850593669,733.4431375175421,676.6849921893913,950.9948024800265,1028.80502699305,TRUE,TRUE,217.55166496248432,352.12003480365865,64.56929583363737,0.411,Gonorrhoea,TBATS
2018-11-01,808,Sexually IDs,2018-2019,Pseudo interruption 2018,2018-01-01,2019-12-01,11,757.1736564008697,756.0966159185705,649.1139111813516,594.845905054177,865.3929051347594,913.5805480560143,TRUE,TRUE,216.27899395340785,318.7346430018373,88.87673201776238,0.748,Gonorrhoea,TBATS
2018-12-01,710,Sexually IDs,2018-2019,Pseudo interruption 2018,2018-01-01,2019-12-01,12,687.8391315945316,687.6644547762753,583.5456847562431,524.7561498424583,795.2394161952187,846.1011332948611,TRUE,TRUE,211.69373143897565,321.34498345240286,64.59323254731198,0.618,Gonorrhoea,TBATS
2019-01-01,944,Sexually IDs,2018-2019,Pseudo interruption 2018,2018-01-01,2019-12-01,13,933.4954733866778,935.0362779195691,810.4121947503805,744.5231588124066,1061.2829439105078,1129.7187581156227,TRUE,TRUE,250.87074916012727,385.1955993032161,62.71812150209373,0.545,Gonorrhoea,TBATS
2019-02-01,708,Sexually IDs,2018-2019,Pseudo interruption 2018,2018-01-01,2019-12-01,14,896.9424965560078,898.0607448254048,770.9481366348937,708.8056457521254,1020.5938271860723,1095.3862937059507,FALSE,FALSE,879.1270569001153,418.80647803884244,309.461184085896,0.025,Gonorrhoea,TBATS
2019-03-01,784,Sexually IDs,2018-2019,Pseudo interruption 2018,2018-01-01,2019-12-01,15,898.8904830173384,897.8437121916979,764.2410357831034,706.675609612261,1027.3115476540295,1098.6294902767008,TRUE,TRUE,263.0705118709261,391.9538806644398,148.84440687928412,0.124,Gonorrhoea,TBATS
2019-04-01,827,Sexually IDs,2018-2019,Pseudo interruption 2018,2018-01-01,2019-12-01,16,861.1801797580486,857.9015138558643,741.5777443506408,673.2163336277848,990.9523611103832,1051.9829961686166,TRUE,TRUE,249.37461675974237,378.7666625408318,79.77181626788351,0.374,Gonorrhoea,TBATS
2019-05-01,886,Sexually IDs,2018-2019,Pseudo interruption 2018,2018-01-01,2019-12-01,17,836.2976359617162,835.3169928742288,704.5727690415881,646.0255282547972,963.5570476166575,1040.5216141493333,TRUE,TRUE,258.9842785750694,394.4960858945361,97.76373370840949,0.707,Gonorrhoea,TBATS
2019-06-01,807,Sexually IDs,2018-2019,Pseudo interruption 2018,2018-01-01,2019-12-01,18,908.8351157860186,903.6044209891124,771.7387644916764,710.818875384395,1051.8265760130369,1127.9902595726082,TRUE,TRUE,280.08781152136044,417.1713841882132,138.78444200223615,0.189,Gonorrhoea,TBATS
2019-07-01,783,Sexually IDs,2018-2019,Pseudo interruption 2018,2018-01-01,2019-12-01,19,821.7997489029409,823.3701723462145,691.0143928503728,619.7736871737017,957.827034789845,1021.1308693166981,TRUE,TRUE,266.8126419394722,401.3571821429964,91.04044787300704,0.372,Gonorrhoea,TBATS
2019-08-01,801,Sexually IDs,2018-2019,Pseudo interruption 2018,2018-01-01,2019-12-01,20,864.2204120631255,863.6260845537598,725.6526877630134,661.194652356587,1008.9037285498767,1081.138815451711,TRUE,TRUE,283.2510407868633,419.94416309512405,112.21880069271097,0.288,Gonorrhoea,TBATS
2019-09-01,780,Sexually IDs,2018-2019,Pseudo interruption 2018,2018-01-01,2019-12-01,21,804.3858897437163,803.1218157929472,671.1493012307594,601.2158489083386,946.5996775427678,1014.7273825565511,TRUE,TRUE,275.4503763120084,413.51153364821255,79.10997419020764,0.424,Gonorrhoea,TBATS
2019-10-01,780,Sexually IDs,2018-2019,Pseudo interruption 2018,2018-01-01,2019-12-01,22,840.0025344064884,838.0922936316338,706.055337652881,628.8858138296123,981.7015295854309,1048.5522726671186,TRUE,TRUE,275.64619193254987,419.6664588375063,107.36388396801524,0.308,Gonorrhoea,TBATS
2019-11-01,730,Sexually IDs,2018-2019,Pseudo interruption 2018,2018-01-01,2019-12-01,23,761.3214726818086,758.906975812874,633.453105427173,559.1929817809666,900.35406773732,990.1620049224355,TRUE,TRUE,266.90096231014695,430.9690231414688,83.06849554558143,0.385,Gonorrhoea,TBATS
2019-12-01,685,Sexually IDs,2018-2019,Pseudo interruption 2018,2018-01-01,2019-12-01,24,692.6605576296565,689.1336676322715,562.0971012078537,498.94073324169557,825.3313139023287,909.4790180324935,TRUE,TRUE,263.234212694475,410.53828479079795,61.845939528565076,0.478,Gonorrhoea,TBATS
2017-01-01,1001,Sexually IDs,2017-2019,Pseudo interruption 2017,2017-01-01,2019-12-01,1,936.7322749815663,945.9772983714366,869.8535469332805,822.9448693425934,1007.0541525802914,1030.1048281665198,TRUE,TRUE,137.2006056470109,207.15995882392644,74.25665655932949,0.883,Gonorrhoea,TBATS
2017-02-01,904,Sexually IDs,2017-2019,Pseudo interruption 2017,2017-01-01,2019-12-01,2,883.4712457383102,885.7479942635349,801.5389173023666,774.427803000267,955.9713828422872,1016.5617838802524,TRUE,TRUE,154.4324655399206,242.13398087998542,48.99615831075879,0.621,Gonorrhoea,TBATS
2017-03-01,966,Sexually IDs,2017-2019,Pseudo interruption 2017,2017-01-01,2019-12-01,3,895.9384990912257,897.9391491201864,805.9702626279472,769.4748720599856,978.9322259132061,1037.576254658952,TRUE,TRUE,172.9619632852589,268.1013825989663,92.84665013345099,0.861,Gonorrhoea,TBATS
2017-04-01,915,Sexually IDs,2017-2019,Pseudo interruption 2017,2017-01-01,2019-12-01,4,863.7224590600298,861.6181272582226,774.6334765282004,736.3659774411769,954.2523270968009,999.4267315662406,TRUE,TRUE,179.61885056860046,263.0607541250637,81.96694444940059,0.765,Gonorrhoea,TBATS
2017-05-01,851,Sexually IDs,2017-2019,Pseudo interruption 2017,2017-01-01,2019-12-01,5,830.6733476300225,827.4783197237224,738.2120892166124,693.1776231213528,926.2354028957079,991.0644889400181,TRUE,TRUE,188.0233136790955,297.88686581866534,60.81654904242398,0.622,Gonorrhoea,TBATS
2017-06-01,980,Sexually IDs,2017-2019,Pseudo interruption 2017,2017-01-01,2019-12-01,6,896.9708075013297,894.4061230687341,794.8520042478423,752.6044334431882,1003.7295153718298,1052.0449466778114,TRUE,TRUE,208.87751112398757,299.44051323462315,113.87312385423563,0.842,Gonorrhoea,TBATS
2017-07-01,899,Sexually IDs,2017-2019,Pseudo interruption 2017,2017-01-01,2019-12-01,7,813.3632860976394,812.2755478400957,718.8026691753065,668.4708743266503,910.5648910993771,979.3317413305444,TRUE,TRUE,191.76222192407056,310.8608670038941,112.4959519159305,0.878,Gonorrhoea,TBATS
2017-08-01,838,Sexually IDs,2017-2019,Pseudo interruption 2017,2017-01-01,2019-12-01,8,879.2251272080997,877.1891160003695,770.5654714108509,718.0043691941216,987.6589846312314,1045.882870789665,TRUE,TRUE,217.0935132203805,327.8785015955434,79.20139497937821,0.309,Gonorrhoea,TBATS
2017-09-01,838,Sexually IDs,2017-2019,Pseudo interruption 2017,2017-01-01,2019-12-01,9,803.6846669250316,798.5143001749614,697.375955688011,643.138931162757,910.2106841794829,980.9820369902415,TRUE,TRUE,212.83472849147188,337.84310582748446,79.15584065176579,0.664,Gonorrhoea,TBATS
2017-10-01,852,Sexually IDs,2017-2019,Pseudo interruption 2017,2017-01-01,2019-12-01,10,829.602576841157,827.6185667801244,716.965709231968,655.7767840885589,942.1221517260336,1016.9679925555355,TRUE,TRUE,225.15644249406557,361.1912084669766,69.97782571363004,0.611,Gonorrhoea,TBATS
2017-11-01,764,Sexually IDs,2017-2019,Pseudo interruption 2017,2017-01-01,2019-12-01,11,767.3544824886408,763.5330959202229,657.7965026306915,610.7702686631006,882.4214527607528,950.2501182427296,TRUE,TRUE,224.62495013006128,339.479849579629,49.89270926781667,0.502,Gonorrhoea,TBATS
2017-12-01,654,Sexually IDs,2017-2019,Pseudo interruption 2017,2017-01-01,2019-12-01,12,696.6221425372993,694.068454933413,586.696423726559,528.4035771562218,807.1372963539416,882.9326273049666,TRUE,TRUE,220.44087262738253,354.5290501487448,81.50646557306143,0.305,Gonorrhoea,TBATS
2018-01-01,901,Sexually IDs,2017-2019,Pseudo interruption 2017,2017-01-01,2019-12-01,13,942.235936970674,942.7322446174223,811.0881647779524,742.2074384120652,1074.2514942275136,1150.4486926555112,TRUE,TRUE,263.16332944956116,408.24125424344595,91.8215785756055,0.343,Gonorrhoea,TBATS
2018-02-01,805,Sexually IDs,2017-2019,Pseudo interruption 2017,2017-01-01,2019-12-01,14,887.5089120163757,882.6983266568104,759.1685630606039,690.0031680960465,1019.5419692947651,1095.152618138031,TRUE,TRUE,260.37340623416117,405.14945004198444,120.02438432459351,0.203,Gonorrhoea,TBATS
2018-03-01,782,Sexually IDs,2017-2019,Pseudo interruption 2017,2017-01-01,2019-12-01,15,898.8561632654463,902.3313101634485,770.0770786005655,695.7288302216327,1032.346529505661,1114.6096070769881,TRUE,TRUE,262.2694509050955,418.8807768553554,154.9833913497883,0.128,Gonorrhoea,TBATS
2018-04-01,767,Sexually IDs,2017-2019,Pseudo interruption 2017,2017-01-01,2019-12-01,16,868.4944087647414,863.8929058934897,737.582953652871,670.7545623452129,1002.9092568406649,1080.0528436148304,TRUE,TRUE,265.3263031877939,409.2982812696175,136.33846447562345,0.166,Gonorrhoea,TBATS
2018-05-01,859,Sexually IDs,2017-2019,Pseudo interruption 2017,2017-01-01,2019-12-01,17,835.8612943218878,831.3270771656726,698.9636790724536,617.6967205660947,968.4283612796869,1051.8065409868127,TRUE,TRUE,269.4646822072333,434.10982042071805,82.617080237448,0.594,Gonorrhoea,TBATS
2018-06-01,873,Sexually IDs,2017-2019,Pseudo interruption 2017,2017-01-01,2019-12-01,18,902.762410982532,903.4663312505743,759.2310026934964,682.295422402809,1044.7364573138245,1125.3335881589535,TRUE,TRUE,285.5054546203281,443.0381657561445,87.77546436995772,0.396,Gonorrhoea,TBATS
2018-07-01,802,Sexually IDs,2017-2019,Pseudo interruption 2017,2017-01-01,2019-12-01,19,817.3405181672981,816.0570061311391,674.6090233332031,600.1035402268985,959.2060399416264,1040.9359211523217,TRUE,TRUE,284.59701660842325,440.8323809254232,74.41442279927597,0.462,Gonorrhoea,TBATS
2018-08-01,826,Sexually IDs,2017-2019,Pseudo interruption 2017,2017-01-01,2019-12-01,20,883.8432669928363,883.2777566749369,731.0485621481321,660.5101537290467,1028.6388826993464,1113.7162444742264,TRUE,TRUE,297.5903205512143,453.2060907451797,111.564900257951,0.315,Gonorrhoea,TBATS
2018-09-01,822,Sexually IDs,2017-2019,Pseudo interruption 2017,2017-01-01,2019-12-01,21,806.5985144870739,801.6083191827662,656.5118018765415,579.03525689191315,951.6322138474269,1046.091595766619,TRUE,TRUE,295.12041197088536,467.05633887470594,82.21486412411693,0.575,Gonorrhoea,TBATS
2018-10-01,821,Sexually IDs,2017-2019,Pseudo interruption 2017,2017-01-01,2019-12-01,22,831.879982144833,830.2478181230402,685.8322710305981,609.5545607861333,972.8856840836264,1072.6828633545579,TRUE,TRUE,287.0534130530283,463.1283025684246,71.85193268965371,0.47,Gonorrhoea,TBATS
2018-11-01,808,Sexually IDs,2017-2019,Pseudo interruption 2017,2017-01-01,2019-12-01,23,767.7591857012798,766.0097735669981,617.8093681152114,552.3678377212121,916.9794595613416,1007.1765388997668,TRUE,TRUE,299.1700914461302,454.80870117855466,99.65174382492454,0.643,Gonorrhoea,TBATS
2018-12-01,710,Sexually IDs,2017-2019,Pseudo interruption 2017,2017-01-01,2019-12-01,24,702.2788820048636,699.8072245000676,560.1632862770036,477.9137731011469,849.1716604349981,939.8752294198497,TRUE,TRUE,289.00837415799447,461.9614563187028,72.87401851797314,0.535,Gonorrhoea,TBATS
2019-01-01,944,Sexually IDs,2017-2019,Pseudo interruption 2017,2017-01-01,2019-12-01,25,941.2591520738362,934.3684845834814,764.8900627113669,694.7017050649112,1117.390041255711,1224.968400712435,TRUE,TRUE,352.499978544344,530.2666956475238,85.31587672621087,0.53,Gonorrhoea,TBATS
2019-02-01,708,Sexually IDs,2017-2019,Pseudo interruption 2017,2017-01-01,2019-12-01,26,887.1256206160616,880.6778736976482,715.5951561802132,630.6721605637175,1057.823217808727,1152.9956406261595,FALSE,TRUE,418.1796234306454,522.323480062442,225.94397790951953,0.091,Gonorrhoea,TBATS
2019-03-01,784,Sexually IDs,2017-2019,Pseudo interruption 2017,2017-01-01,2019-12-01,27,899.3872652522376,897.647372580608,727.5161094487887,643.2901507236027,1067.6643547215463,1180.8079901182052,TRUE,TRUE,340.14824527275755,537.5178393946026,166.84233088391173,0.187,Gonorrhoea,TBATS
2019-04-01,827,Sexually IDs,2017-2019,Pseudo interruption 2017,2017-01-01,2019-12-01,28,870.1083534985365,865.1184284381748,702.7424986103028,614.518529809305,1041.3280405174914,1138.2809003155503,TRUE,TRUE,338.5855419071886,523.7623705062452,105.6189242759398,0.378,Gonorrhoea,TBATS
2019-05-01,886,Sexually IDs,2017-2019,Pseudo interruption 2017,2017-01-01,2019-12-01,29,833.0450408256152,828.4701896733532,661.2029549908177,579.6244217121554,1004.1295415766116,1111.4141495643642,TRUE,TRUE,342.92658658579387,531.7897278522088,122.16369122913284,0.662,Gonorrhoea,TBATS
2019-06-01,807,Sexually IDs,2017-2019,Pseudo interruption 2017,2017-01-01,2019-12-01,30,906.2569316369243,901.1024378171053,731.6669685476486,632.0715085438012,1084.6994330737186,1192.7103280438905,TRUE,TRUE,353.03246452607004,560.6388195000893,154.192697357859,0.241,Gonorrhoea,TBATS
2019-07-01,783,Sexually IDs,2017-2019,Pseudo interruption 2017,2017-01-01,2019-12-01,31,817.3252047579667,815.1765476456239,651.9127562423107,563.3005125246258,992.5855241649067,1100.0401865210888,TRUE,TRUE,340.672767922596,536.739673996463,101.71846794397302,0.398,Gonorrhoea,TBATS
2019-08-01,801,Sexually IDs,2017-2019,Pseudo interruption 2017,2017-01-01,2019-12-01,32,880.384598639263,874.8067938348679,696.123590798796,613.5194966311096,1063.970333884764,1174.4306040651493,TRUE,TRUE,367.8467430859679,560.9111074340396,140.33735825901078,0.309,Gonorrhoea,TBATS
2019-09-01,780,Sexually IDs,2017-2019,Pseudo interruption 2017,2017-01-01,2019-12-01,33,807.1276004413844,805.2134456202368,638.0858299091911,543.1308272548115,980.7300011459438,1088.335345771732,TRUE,TRUE,342.64417123675264,545.2045185169204,96.80200463474671,0.427,Gonorrhoea,TBATS
2019-10-01,780,Sexually IDs,2017-2019,Pseudo interruption 2017,2017-01-01,2019-12-01,34,833.7594909676548,830.1604047408421,650.2058673287979,573.3331298548895,1013.5093270142166,1132.0939852744766,TRUE,TRUE,363.3034596854187,558.7608554195871,120.60731155912413,0.37,Gonorrhoea,TBATS
2019-11-01,730,Sexually IDs,2017-2019,Pseudo interruption 2017,2017-01-01,2019-12-01,35,773.1111374492564,770.828749778663,600.1631805776613,517.3173349749122,957.5454178328991,1049.5314305461334,TRUE,TRUE,357.3822372552379,532.2140955712212,111.13272160661731,0.388,Gonorrhoea,TBATS
2019-12-01,685,Sexually IDs,2017-2019,Pseudo interruption 2017,2017-01-01,2019-12-01,36,701.1567601417175,698.5098915523484,536.6384992485308,452.19392073205154,877.0009458313112,966.8797368751133,TRUE,TRUE,340.3624465827804,514.6858161430617,85.8533373408461,0.459,Gonorrhoea,TBATS
2019-01-01,42,Gastrointestinal IDs,2019,Pseudo interruption 2019,2019-01-01,2019-12-01,1,37.361024478303264,32.17531447952786,21.506308436239983,16.618285728217224,48.20376853883061,112.38104351009846,TRUE,TRUE,26.697460102590625,95.76275778188125,15.961852344067461,0.805,HAV,Hybrid
2019-02-01,30,Gastrointestinal IDs,2019,Pseudo interruption 2019,2019-01-01,2019-12-01,2,36.63425426791266,30.315048332348216,19.743912721317745,7.658491242200958,46.42189101925257,109.63243145736496,TRUE,TRUE,26.677978297934825,101.973940215164,8.599472802154704,0.48,HAV,Hybrid
2019-03-01,35,Gastrointestinal IDs,2019,Pseudo interruption 2019,2019-01-01,2019-12-01,3,36.927104873193656,33.0624540407218,22.49255236592702,17.56357194419167,49.80452013516844,56.454024375634354,TRUE,TRUE,27.31196776924142,38.89045243144268,7.475569707758892,0.608,HAV,Hybrid
2019-04-01,36,Gastrointestinal IDs,2019,Pseudo interruption 2019,2019-01-01,2019-12-01,4,34.06729444734631,30.131374254413362,20.110884089539447,15.466728693821215,41.81213049232618,52.641902607880404,TRUE,TRUE,21.701246402786737,37.17517391405919,9.654106977477557,0.722,HAV,Hybrid
2019-05-01,34,Gastrointestinal IDs,2019,Pseudo interruption 2019,2019-01-01,2019-12-01,5,36.837160913234094,31.85567517772514,20.997287748127697,8.44637851689254,48.47711596194717,112.55975341531317,TRUE,TRUE,27.479828213819474,104.11337489842063,10.27676736796783,0.612,HAV,Hybrid
2019-06-01,41,Gastrointestinal IDs,2019,Pseudo interruption 2019,2019-01-01,2019-12-01,6,42.92985061311608,37.02054523499752,25.76975468932409,6.117883949119826,53.151016906264296,122.08242232635449,TRUE,TRUE,27.381262216940208,115.96453837723466,12.203147301801803,0.641,HAV,Hybrid
2019-07-01,46,Gastrointestinal IDs,2019,Pseudo interruption 2019,2019-01-01,2019-12-01,7,46.637710106124636,41.5188014421919,29.806504434981225,23.495461722666526,57.78705523061649,129.31444991333123,TRUE,TRUE,27.980550795635263,105.8189881906647,12.29460650117471,0.668,HAV,Hybrid
2019-08-01,36,Gastrointestinal IDs,2019,Pseudo interruption 2019,2019-01-01,2019-12-01,8,43.133667167641725,37.16449647979566,25.776521326863435,11.199766036518568,54.636618629419964,122.09714982295743,TRUE,TRUE,28.86009730255653,110.89738378643887,9.985108103703126,0.471,HAV,Hybrid
2019-09-01,39,Gastrointestinal IDs,2019,Pseudo interruption 2019,2019-01-01,2019-12-01,9,40.56996979828883,35.07168319299037,23.616071715338844,10.135453048318531,52.25375958254492,118.52187831856494,TRUE,TRUE,28.63768786720608,108.3864252702464,12.060140515170534,0.649,HAV,Hybrid
2019-10-01,33,Gastrointestinal IDs,2019,Pseudo interruption 2019,2019-01-01,2019-12-01,10,41.53615160609261,35.58086441692082,24.815498745785494,19.089857098291446,50.74798639246698,118.67125096372608,TRUE,TRUE,25.932487646681484,99.58139386543463,10.197145311623078,0.442,HAV,Hybrid
2019-11-01,31,Gastrointestinal IDs,2019,Pseudo interruption 2019,2019-01-01,2019-12-01,11,36.201505482986796,32.74796752025078,22.971405141868495,17.987010178111657,48.939504235074565,57.21118108510147,TRUE,TRUE,25.96809909320607,39.22417090698981,7.122236707393189,0.449,HAV,Hybrid
2019-12-01,29,Gastrointestinal IDs,2019,Pseudo interruption 2019,2019-01-01,2019-12-01,12,36.17008875473752,27.356517417116212,19.012736550332363,7.107636344744078,41.03187777443002,107.90011623157952,TRUE,TRUE,22.01914122409766,100.79247988683544,8.869547857636073,0.519,HAV,Hybrid
2018-01-01,24,Gastrointestinal IDs,2018-2019,Pseudo interruption 2018,2018-01-01,2019-12-01,1,35.1614059856157,31.04670295674829,18.557936182416636,0.19523983071884535,46.51496351492721,104.00358528247517,TRUE,TRUE,27.957027332510574,103.80834545175632,14.26282055667058,0.271,HAV,Hybrid
2018-02-01,24,Gastrointestinal IDs,2018-2019,Pseudo interruption 2018,2018-01-01,2019-12-01,2,29.557220465698368,27.281372524879277,15.40580881657672,2.094115337270279,38.99487673711566,46.43331906228905,TRUE,TRUE,23.58906792053894,44.33920372501877,8.172917036190404,0.373,HAV,Hybrid
2018-03-01,31,Gastrointestinal IDs,2018-2019,Pseudo interruption 2018,2018-01-01,2019-12-01,3,32.06988912694621,28.1965797841088,15.822857716389993,13.188073603396173,42.00938558468906,97.37975444903275,TRUE,TRUE,26.18652786829907,84.19168084563657,9.800247865466275,0.633,HAV,Hybrid
2018-04-01,30,Gastrointestinal IDs,2018-2019,Pseudo interruption 2018,2018-01-01,2019-12-01,4,26.191860603089022,23.065745948650143,12.086610592748714,0.010000000000000002,36.5638129251306,41.743658759080986,TRUE,TRUE,24.477202332381886,41.73365875908099,11.133101964624228,0.749,HAV,Hybrid
2018-05-01,41,Gastrointestinal IDs,2018-2019,Pseudo interruption 2018,2018-01-01,2019-12-01,5,30.69350394260672,25.88443345436104,14.579932507453742,11.798265318752062,39.607044395122955,44.99114886415403,FALSE,TRUE,38.956667936439665,33.19288354540197,19.653235448157595,0.913,HAV,Hybrid
2018-06-01,47,Gastrointestinal IDs,2018-2019,Pseudo interruption 2018,2018-01-01,2019-12-01,6,43.53449649738626,37.57203639540967,22.7063669466273,5.67572891057568,51.55040083932291,153.6272414545093,TRUE,TRUE,28.844033892695613,147.9515125439336,18.07547680826091,0.815,HAV,Hybrid
2018-07-01,45,Gastrointestinal IDs,2018-2019,Pseudo interruption 2018,2018-01-01,2019-12-01,7,51.04011373767994,44.51971520069301,28.59467501183312,2.3694200216752432,62.55218667963471,127.59164896577084,TRUE,TRUE,33.95751166780158,125.2222289440956,10.826318864057672,0.514,HAV,Hybrid
2018-08-01,27,Gastrointestinal IDs,2018-2019,Pseudo interruption 2018,2018-01-01,2019-12-01,8,43.55393882111881,40.15880845192029,25.391156955594102,6.558958200979122,56.46032936928604,118.63644266889834,TRUE,TRUE,31.06917241369194,112.07748446791922,19.98121372644371,0.128,HAV,Hybrid
2018-09-01,48,Gastrointestinal IDs,2018-2019,Pseudo interruption 2018,2018-01-01,2019-12-01,9,37.97594554051903,32.17931530453061,19.718638906173535,3.851994397410874,47.706455148352724,105.95900954192281,FALSE,TRUE,30.92326475865195,102.10701514451193,21.688550723540303,0.905,HAV,Hybrid
2018-10-01,47,Gastrointestinal IDs,2018-2019,Pseudo interruption 2018,2018-01-01,2019-12-01,10,36.34643639090027,32.48525775026385,19.046236869634182,3.699977331312638,47.286184566287346,105.1552203992171,TRUE,TRUE,28.239947696653164,101.45524306790446,20.18839515396961,0.889,HAV,Hybrid
2018-11-01,39,Gastrointestinal IDs,2018-2019,Pseudo interruption 2018,2018-01-01,2019-12-01,11,31.235454032877854,27.076046238941526,14.98630741897111,12.425331655885534,40.639151425744565,95.28761892017889,TRUE,TRUE,25.652844006773456,82.86228726429336,16.958109540502267,0.898,HAV,Hybrid
2018-12-01,20,Gastrointestinal IDs,2018-2019,Pseudo interruption 2018,2018-01-01,2019-12-01,12,25.223651382386148,19.418979792033944,9.969445214629207,0.3977139585755296,31.76759539085046,81.13492079627552,TRUE,TRUE,21.798150176221252,80.7372068377,7.182008468076245,0.526,HAV,Hybrid
2019-01-01,42,Gastrointestinal IDs,2018-2019,Pseudo interruption 2018,2018-01-01,2019-12-01,13,37.015743355058845,33.1977008087537,20.181996644583997,4.058291434779409,46.40337256875916,54.48822690125156,TRUE,TRUE,26.221375924175163,50.42993546647215,13.254456919523951,0.793,HAV,Hybrid
2019-02-01,30,Gastrointestinal IDs,2018-2019,Pseudo interruption 2018,2018-01-01,2019-12-01,14,31.468936992209347,27.099097737269727,15.29342125913721,12.440948904552425,40.77748896397956,46.238052548399665,TRUE,TRUE,25.484067704842346,33.79710364384724,7.750056788712884,0.619,HAV,Hybrid
2019-03-01,35,Gastrointestinal IDs,2018-2019,Pseudo interruption 2018,2018-01-01,2019-12-01,15,30.67235635467155,27.778289677930672,14.922180323679017,2.3204029254037977,41.83014737906492,47.477348180271285,TRUE,TRUE,26.907967055385903,45.15694525486749,11.888920796711906,0.781,HAV,Hybrid
2019-04-01,36,Gastrointestinal IDs,2018-2019,Pseudo interruption 2018,2018-01-01,2019-12-01,16,27.778676144362556,23.955968152050538,12.956288494611382,0.010000000000000002,37.54253324679958,43.28392243767361,TRUE,TRUE,24.586244752188197,43.27392243767361,15.299981536216626,0.876,HAV,Hybrid
2019-05-01,34,Gastrointestinal IDs,2018-2019,Pseudo interruption 2018,2018-01-01,2019-12-01,17,30.13439341996246,25.598335236587886,14.405176686414425,1.83534290076508,39.78721609644574,93.81351507620866,TRUE,TRUE,25.382039410031314,91.97817217544358,14.461585003352445,0.788,HAV,Hybrid
2019-06-01,41,Gastrointestinal IDs,2018-2019,Pseudo interruption 2018,2018-01-01,2019-12-01,18,40.60056054450965,37.72461565747938,23.38185967320561,5.735126048869085,53.98979576186001,60.24718913611762,TRUE,TRUE,30.607936088654398,54.512063087248535,9.698059771691138,0.625,HAV,Hybrid
2019-07-01,46,Gastrointestinal IDs,2018-2019,Pseudo interruption 2018,2018-01-01,2019-12-01,19,49.592480510262035,45.390726942787474,29.29064848534026,8.863608600402026,62.76411295833533,127.87472578242503,TRUE,TRUE,33.473464472995076,119.011117182023,10.603617448730153,0.519,HAV,Hybrid
2019-08-01,36,Gastrointestinal IDs,2018-2019,Pseudo interruption 2018,2018-01-01,2019-12-01,20,45.385916832769254,40.75387662078654,25.633077271680815,6.682195885795562,57.61756751144129,119.15870240362548,TRUE,TRUE,31.984490239760472,112.47650651782992,13.419679995704106,0.34,HAV,Hybrid
2019-09-01,39,Gastrointestinal IDs,2018-2019,Pseudo interruption 2018,2018-01-01,2019-12-01,21,37.47434805052916,32.95029489288108,19.760121116830888,16.181954406297645,47.89028600407055,106.05514035443198,TRUE,TRUE,28.130164887239665,89.87318594813433,12.935517905578854,0.739,HAV,Hybrid
2019-10-01,33,Gastrointestinal IDs,2018-2019,Pseudo interruption 2018,2018-01-01,2019-12-01,22,36.2483311060203,32.42192308555488,18.74493178550171,3.790033205996857,47.60673396404218,105.6329713312336,TRUE,TRUE,28.86180217854047,101.84293812523674,9.154067405132043,0.524,HAV,Hybrid
2019-11-01,31,Gastrointestinal IDs,2018-2019,Pseudo interruption 2018,2018-01-01,2019-12-01,23,32.4894097913079,27.917685026199646,15.909886430543986,12.99755662043268,41.780256634121855,47.305457424625935,TRUE,TRUE,25.87037020357787,34.30790080419325,7.977427243780473,0.633,HAV,Hybrid
2019-12-01,29,Gastrointestinal IDs,2018-2019,Pseudo interruption 2018,2018-01-01,2019-12-01,24,27.128367058155,21.77847252952576,11.347514379313791,0.793327998237233,34.76657667028243,85.03936458602183,TRUE,TRUE,23.41906229096864,84.2460365877846,12.894113406445758,0.797,HAV,Hybrid
2017-01-01,113,Gastrointestinal IDs,2017-2019,Pseudo interruption 2017,2017-01-01,2019-12-01,1,35.70615573765438,32.03625888828946,19.114678927328576,3.9447962575697453,44.18996252898518,50.64347247896058,FALSE,FALSE,713.1756583118048,2540.9597770629675,280.5174893017759,0.983,HAV,Hybrid
2017-02-01,92,Gastrointestinal IDs,2017-2019,Pseudo interruption 2017,2017-01-01,2019-12-01,2,31.79017017664028,27.351742204196967,15.732568980431406,2.498130855317271,39.30590940128589,50.21988377881394,FALSE,FALSE,550.5142464079956,1718.9264017709393,208.5579417327593,0.981,HAV,Hybrid
2017-03-01,88,Gastrointestinal IDs,2017-2019,Pseudo interruption 2017,2017-01-01,2019-12-01,3,35.6376328769475,31.06279467527048,18.848831227126755,17.3412395588262,42.99545124444913,54.1825753204414,FALSE,FALSE,474.1921075728311,1389.5383229439592,177.002034389195,0.979,HAV,Hybrid
2017-04-01,40,Gastrointestinal IDs,2017-2019,Pseudo interruption 2017,2017-01-01,2019-12-01,4,31.44821814633184,27.313565223748668,16.11020511393995,3.365545317772467,38.331141930595,49.464627199805136,FALSE,TRUE,38.90951751070503,46.09908188203267,18.218633897995176,0.905,HAV,Hybrid
2017-05-01,61,Gastrointestinal IDs,2017-2019,Pseudo interruption 2017,2017-01-01,2019-12-01,5,32.16406388780295,29.60347321181464,19.134778846372008,16.617456970887904,41.32435621688093,47.409714722030934,FALSE,FALSE,218.94601520169962,574.4036688699056,83.12473061761645,0.989,HAV,Hybrid
2017-06-01,62,Gastrointestinal IDs,2017-2019,Pseudo interruption 2017,2017-01-01,2019-12-01,6,43.8020447803865,39.92325388825896,26.582658414503907,8.903282608546414,53.73689636833932,66.83380789341295,FALSE,TRUE,109.78527427044219,57.93052528486654,37.54426178405824,0.974,HAV,Hybrid
2017-07-01,51,Gastrointestinal IDs,2017-2019,Pseudo interruption 2017,2017-01-01,2019-12-01,7,53.654181437047875,47.79775348197595,32.2818895089368,30.29921967307371,62.366755626390955,177.06843974687885,TRUE,TRUE,30.084866117454155,146.76922007380514,13.24614459616411,0.611,HAV,Hybrid
2017-08-01,32,Gastrointestinal IDs,2017-2019,Pseudo interruption 2017,2017-01-01,2019-12-01,8,47.654588560164676,43.779106055134775,29.755438652443658,10.434625063721898,57.82794006714668,70.92376432242389,TRUE,TRUE,28.07250141470302,60.489139258702,16.334450640808384,0.164,HAV,Hybrid
2017-09-01,47,Gastrointestinal IDs,2017-2019,Pseudo interruption 2017,2017-01-01,2019-12-01,9,37.55010681622985,32.522239329165046,20.30074210289023,5.492525115657618,44.760411517042236,56.77579495849185,FALSE,TRUE,46.85555424372964,51.28326984283423,21.130428009378075,0.923,HAV,Hybrid
2017-10-01,30,Gastrointestinal IDs,2017-2019,Pseudo interruption 2017,2017-01-01,2019-12-01,10,37.59662478504907,33.47287959686169,21.144932431121674,5.887230168873612,45.28613568487,52.58528891107349,TRUE,TRUE,24.141203253748323,46.698058742199876,8.508818547777079,0.351,HAV,Hybrid
2017-11-01,19,Gastrointestinal IDs,2017-2019,Pseudo interruption 2017,2017-01-01,2019-12-01,11,35.68950241669383,30.86809896782706,18.708541554248605,4.636859115524922,44.355603355293404,53.94453753678719,TRUE,TRUE,25.6470618010448,49.30767842126227,15.570316199279308,0.104,HAV,Hybrid
2017-12-01,16,Gastrointestinal IDs,2017-2019,Pseudo interruption 2017,2017-01-01,2019-12-01,12,29.26091406178576,25.30509518772798,15.025932330496946,2.7090869668687456,39.5995030686082,48.85330883704951,TRUE,TRUE,24.573570738111254,46.144221870180765,13.221616343087415,0.145,HAV,Hybrid
2018-01-01,24,Gastrointestinal IDs,2017-2019,Pseudo interruption 2017,2017-01-01,2019-12-01,13,37.9421147830823,33.47419683139278,21.145979368784253,5.887782599811349,45.91333837604606,58.031381463795626,TRUE,TRUE,24.76735900726181,52.14359886398428,13.627878860835485,0.162,HAV,Hybrid
2018-02-01,24,Gastrointestinal IDs,2017-2019,Pseudo interruption 2017,2017-01-01,2019-12-01,14,34.10804422508515,28.373946132890246,17.362469815652183,3.7722707466439585,41.58827193428985,137.80940517842797,TRUE,TRUE,24.225802118637667,134.037134431784,12.736770622565587,0.312,HAV,Hybrid
2018-03-01,31,Gastrointestinal IDs,2017-2019,Pseudo interruption 2017,2017-01-01,2019-12-01,15,36.29604989336035,30.832316758631126,18.69198987182098,4.628620823428124,42.583773514551005,56.137633739664544,TRUE,TRUE,23.891783642730026,51.50901291623642,6.01719249258136,0.567,HAV,Hybrid
2018-04-01,30,Gastrointestinal IDs,2017-2019,Pseudo interruption 2017,2017-01-01,2019-12-01,16,31.960335350838083,27.61423006299382,15.52204305698856,3.4917155419546013,40.6441540096632,49.843191133613125,TRUE,TRUE,25.12211095267464,46.35147559165853,7.782212725699227,0.594,HAV,Hybrid
2018-05-01,41,Gastrointestinal IDs,2017-2019,Pseudo interruption 2017,2017-01-01,2019-12-01,17,33.51187024859448,29.124148228577887,18.037777011336306,4.305998492767239,41.23949645137419,52.80126323207645,TRUE,TRUE,23.20171944003788,48.495264739309214,15.152767117116122,0.89,HAV,Hybrid
2018-06-01,47,Gastrointestinal IDs,2017-2019,Pseudo interruption 2017,2017-01-01,2019-12-01,18,45.03399772970843,40.12810662705846,26.496362370646892,8.853370065269177,53.614171466833184,66.69693414752611,TRUE,TRUE,27.117809096186292,57.84356408225693,12.150106717033319,0.761,HAV,Hybrid
2018-07-01,45,Gastrointestinal IDs,2017-2019,Pseudo interruption 2017,2017-01-01,2019-12-01,19,53.12104461474058,46.98379535953465,31.81142714216914,12.028144589138435,63.59783488915756,175.96428893802255,TRUE,TRUE,31.78640774698842,163.9361443488841,13.230307301101234,0.426,HAV,Hybrid
2018-08-01,27,Gastrointestinal IDs,2017-2019,Pseudo interruption 2017,2017-01-01,2019-12-01,20,49.6735281469202,42.78522561449625,29.902021239174925,26.797040121359387,56.67886256598471,168.44975904683287,FALSE,TRUE,55.79705371855903,141.6527189254735,27.22181784358538,0.03,HAV,Hybrid
2018-09-01,48,Gastrointestinal IDs,2017-2019,Pseudo interruption 2017,2017-01-01,2019-12-01,21,35.748255176611,32.574141051143165,20.431871915769655,5.5138666510298595,44.82129689780404,51.45730826578264,FALSE,TRUE,56.17645600399399,45.943441614752786,23.166657784314616,0.931,HAV,Hybrid
2018-10-01,47,Gastrointestinal IDs,2017-2019,Pseudo interruption 2017,2017-01-01,2019-12-01,22,36.203103496050176,33.120813227402046,21.09032790173874,5.858434336217098,45.794032489767446,57.93916519222642,FALSE,TRUE,36.76337969035425,52.080730856009325,19.068719402775418,0.912,HAV,Hybrid
2018-11-01,39,Gastrointestinal IDs,2017-2019,Pseudo interruption 2017,2017-01-01,2019-12-01,23,33.82544639471754,30.31295656115373,18.649503979173595,17.15007147166369,42.16184450412689,48.47062579393655,TRUE,TRUE,23.512340524953295,31.32055432227286,11.964431407960458,0.833,HAV,Hybrid
2018-12-01,20,Gastrointestinal IDs,2017-2019,Pseudo interruption 2017,2017-01-01,2019-12-01,24,29.544525593788954,25.421129741129562,15.048885645648236,2.914835392874262,36.65088503046474,47.59132598393413,TRUE,TRUE,21.60199938481651,44.67649059105987,9.580283318116686,0.249,HAV,Hybrid
2019-01-01,42,Gastrointestinal IDs,2017-2019,Pseudo interruption 2017,2017-01-01,2019-12-01,25,36.364045458650466,33.465280865332936,21.04720925234135,4.456368744970453,45.86558211633372,52.436178364705775,TRUE,TRUE,24.81837286399237,47.97980961973532,12.717907350761845,0.852,HAV,Hybrid
2019-02-01,30,Gastrointestinal IDs,2017-2019,Pseudo interruption 2017,2017-01-01,2019-12-01,26,32.95073550062892,27.532857102882016,16.174712108323295,2.6761593431871904,39.65597612468169,51.00742621939504,TRUE,TRUE,23.4812640163584,48.331266876207856,7.663967235360046,0.619,HAV,Hybrid
2019-03-01,35,Gastrointestinal IDs,2017-2019,Pseudo interruption 2017,2017-01-01,2019-12-01,27,36.40353040997975,30.35340680144761,17.81994882000504,3.36900705503508,42.567539296461334,53.89816187777669,TRUE,TRUE,24.747590476456292,50.52915482274161,9.698055227984586,0.699,HAV,Hybrid
2019-04-01,36,Gastrointestinal IDs,2017-2019,Pseudo interruption 2017,2017-01-01,2019-12-01,28,32.21472287254569,27.638187852491107,17.350181466320663,14.95735980273488,39.023987653739546,52.058173987210225,TRUE,TRUE,21.673806187418883,37.10081418447535,11.641291275373149,0.841,HAV,Hybrid
2019-05-01,34,Gastrointestinal IDs,2017-2019,Pseudo interruption 2017,2017-01-01,2019-12-01,29,35.252642881952674,29.824443382830108,18.03586514840865,4.305064399728212,45.18189739101665,52.79799214440976,TRUE,TRUE,27.146032242607998,48.49292774468155,9.623527562340456,0.693,HAV,Hybrid
2019-06-01,41,Gastrointestinal IDs,2017-2019,Pseudo interruption 2017,2017-01-01,2019-12-01,30,45.857383319044274,40.443306235451836,27.8768916221713,24.69867712412704,54.2074880954074,66.68970335536847,TRUE,TRUE,26.3305964732361,41.99102623124142,6.337891496605964,0.576,HAV,Hybrid
2019-07-01,46,Gastrointestinal IDs,2017-2019,Pseudo interruption 2017,2017-01-01,2019-12-01,31,52.19444077510438,46.729013518773904,31.764506741034634,11.999299686137647,61.646817118873926,74.91522744624729,TRUE,TRUE,29.882310377839293,62.91592776010964,7.881017585877797,0.47,HAV,Hybrid
2019-08-01,36,Gastrointestinal IDs,2017-2019,Pseudo interruption 2017,2017-01-01,2019-12-01,32,48.8879323517092,42.71978695118293,27.5416412978849,10.092210311469048,57.01798361833836,168.31989015700304,TRUE,TRUE,29.476342320453462,158.227679845534,16.421151526040262,0.251,HAV,Hybrid
2019-09-01,39,Gastrointestinal IDs,2017-2019,Pseudo interruption 2017,2017-01-01,2019-12-01,33,38.14984405774318,32.581743274009405,19.536554754240974,18.53299666191212,48.93997993641119,56.85440696633544,TRUE,TRUE,29.403425182170217,38.321410304423324,11.372009822116645,0.726,HAV,Hybrid
2019-10-01,33,Gastrointestinal IDs,2017-2019,Pseudo interruption 2017,2017-01-01,2019-12-01,34,36.36934775637225,33.69080178734714,21.625202318766867,5.855873607390964,46.15969479701131,52.35201724458473,TRUE,TRUE,24.534492478244445,46.49614363719377,6.3380059718845745,0.479,HAV,Hybrid
2019-11-01,31,Gastrointestinal IDs,2017-2019,Pseudo interruption 2017,2017-01-01,2019-12-01,35,33.12242058989024,29.89292440562884,17.605969852640655,4.604684426426223,41.58945611878752,48.461521448968895,TRUE,TRUE,23.983486266146862,43.85683702254267,6.477291758982133,0.615,HAV,Hybrid
2019-12-01,29,Gastrointestinal IDs,2017-2019,Pseudo interruption 2017,2017-01-01,2019-12-01,36,29.605095196425005,26.008641124137835,14.33810742714193,2.942529236171751,37.08300409471495,47.703029495960735,TRUE,TRUE,22.744896667573023,44.760500259788984,7.822690577892975,0.657,HAV,Hybrid
2019-01-01,117,Gastrointestinal IDs,2019,Pseudo interruption 2019,2019-01-01,2019-12-01,1,115.05167386539975,112.55093843893393,85.40118146213823,64.75319791884434,142.00446115285934,163.9415649022512,TRUE,TRUE,56.60327969072111,99.18836698340687,16.583308678704512,0.534,Typhoid,Hybrid
2019-02-01,96,Gastrointestinal IDs,2019,Pseudo interruption 2019,2019-01-01,2019-12-01,2,98.94530576593165,96.50549141127775,71.80618646442814,56.353551100098954,124.30331411578365,144.87838918735605,TRUE,TRUE,52.49712765135551,88.5248380872571,12.344927076729363,0.493,Typhoid,Hybrid
2019-03-01,78,Gastrointestinal IDs,2019,Pseudo interruption 2019,2019-01-01,2019-12-01,3,90.37150825338998,87.79328035483212,64.03328601026756,46.34534183154787,114.00615777403367,138.15472054408832,TRUE,TRUE,49.97287176376611,91.80937871254045,19.502658914569892,0.257,Typhoid,Hybrid
2019-04-01,63,Gastrointestinal IDs,2019,Pseudo interruption 2019,2019-01-01,2019-12-01,4,76.36782492187706,73.71409969215705,51.72018191679538,42.25949510483868,98.92106563828123,117.36063310190447,TRUE,TRUE,47.20088372148585,75.10113799706579,19.127466669046008,0.22,Typhoid,Hybrid
2019-05-01,81,Gastrointestinal IDs,2019,Pseudo interruption 2019,2019-01-01,2019-12-01,5,82.86202800909435,80.6974950830655,57.33184499015885,44.202536763146334,105.89929303239657,125.05748320663064,TRUE,TRUE,48.56744804223772,80.8549464434843,11.246993478045004,0.503,Typhoid,Hybrid
2019-06-01,98,Gastrointestinal IDs,2019,Pseudo interruption 2019,2019-01-01,2019-12-01,6,100.63649049533471,98.397444051421,73.21181202604663,57.66571404896104,125.1596310425057,146.97775176203572,TRUE,TRUE,51.947819016459064,89.31203771307469,12.202087792293243,0.484,Typhoid,Hybrid
2019-07-01,124,Gastrointestinal IDs,2019,Pseudo interruption 2019,2019-01-01,2019-12-01,7,100.5249380010778,98.01562002515314,73.87938471014705,54.11187323263609,126.01639875463562,146.1960311443149,TRUE,TRUE,52.137014044488566,92.0841579116788,32.812792543462805,0.89,Typhoid,Hybrid
2019-08-01,109,Gastrointestinal IDs,2019,Pseudo interruption 2019,2019-01-01,2019-12-01,8,107.3065734239557,104.24408928497654,78.3437118004463,58.62749796782022,133.47354941830542,158.83666371744457,TRUE,TRUE,55.129837617859124,100.20916574962435,16.633869220861204,0.546,Typhoid,Hybrid
2019-09-01,110,Gastrointestinal IDs,2019,Pseudo interruption 2019,2019-01-01,2019-12-01,9,111.76976464435862,110.92162150718471,82.76979373279889,61.756904115299264,138.21515756639656,163.96132589561242,TRUE,TRUE,55.44536383359767,102.20442178031315,13.696732290335921,0.491,Typhoid,Hybrid
2019-10-01,98,Gastrointestinal IDs,2019,Pseudo interruption 2019,2019-01-01,2019-12-01,10,101.37306428196044,98.6671231986516,73.67243548358164,58.008208119159185,126.75497865855844,152.26755815844967,TRUE,TRUE,53.082543174976806,94.2593500392905,12.797279468489185,0.478,Typhoid,Hybrid
2019-11-01,70,Gastrointestinal IDs,2019,Pseudo interruption 2019,2019-01-01,2019-12-01,11,93.32116901309558,90.03972705545313,66.24427817609597,48.22075420229761,117.52173931588258,141.3935579783265,TRUE,TRUE,51.27746113978661,93.17280377602889,27.963087577769517,0.126,Typhoid,Hybrid
2019-12-01,47,Gastrointestinal IDs,2019,Pseudo interruption 2019,2019-01-01,2019-12-01,12,86.29959592784374,83.51106467918943,60.52366303508585,43.9440250756512,110.77674832094944,129.64232947149537,FALSE,TRUE,185.48971563672214,85.69830439584418,62.315138421060865,0.028,Typhoid,Hybrid
2018-01-01,105,Gastrointestinal IDs,2018-2019,Pseudo interruption 2018,2018-01-01,2019-12-01,1,94.48026450457061,91.65023332177273,66.19218026463327,42.4326474480439,125.31191890196828,149.7247712318022,TRUE,TRUE,59.11973863733502,107.29212378375831,24.430656475905753,0.695,Typhoid,Hybrid
2018-02-01,79,Gastrointestinal IDs,2018-2019,Pseudo interruption 2018,2018-01-01,2019-12-01,2,82.1983867401731,79.8038768363953,57.2514322357257,39.78014674112226,104.55517734023769,133.32462275870054,TRUE,TRUE,47.30374510451199,93.54447601757829,11.953479726541293,0.464,Typhoid,Hybrid
2018-03-01,77,Gastrointestinal IDs,2018-2019,Pseudo interruption 2018,2018-01-01,2019-12-01,3,75.58233415216621,72.60928543921872,50.104993572234946,30.521357539234216,98.96101241143522,124.29958798287268,TRUE,TRUE,48.856018839200274,93.77823044363846,15.080663880642607,0.58,Typhoid,Hybrid
2018-04-01,61,Gastrointestinal IDs,2018-2019,Pseudo interruption 2018,2018-01-01,2019-12-01,4,64.76002599178477,61.94240450423397,43.42996395719815,22.8265308495725,89.45296699112453,110.24757703021011,TRUE,TRUE,46.02300303392638,87.4210461806376,11.6144459360409,0.485,Typhoid,Hybrid
2018-05-01,69,Gastrointestinal IDs,2018-2019,Pseudo interruption 2018,2018-01-01,2019-12-01,5,70.2587991382625,67.70582833040638,46.05026881668054,27.375503951185824,91.15197466951626,117.86401044962578,TRUE,TRUE,45.10170585283572,90.48850649843996,11.871150532066213,0.535,Typhoid,Hybrid
2018-06-01,105,Gastrointestinal IDs,2018-2019,Pseudo interruption 2018,2018-01-01,2019-12-01,6,88.60268356639256,84.85456752871022,61.27613289576005,43.113775566124566,117.9715982633413,141.6909284815854,TRUE,TRUE,56.69546536758126,98.57715291546083,29.13070655246326,0.794,Typhoid,Hybrid
2018-07-01,82,Gastrointestinal IDs,2018-2019,Pseudo interruption 2018,2018-01-01,2019-12-01,7,93.07171506791659,90.1326876709238,64.82670628313609,42.2191834173736,121.92160999381609,149.32355595221637,TRUE,TRUE,57.09490371068,107.10437253484277,19.925509631841553,0.316,Typhoid,Hybrid
2018-08-01,105,Gastrointestinal IDs,2018-2019,Pseudo interruption 2018,2018-01-01,2019-12-01,8,97.35511179114305,94.77655676969863,67.18362325892707,44.125295611681956,125.14606522166648,152.88976564554036,TRUE,TRUE,57.962441962739405,108.7644700338584,21.803324099633738,0.625,Typhoid,Hybrid
2018-09-01,128,Gastrointestinal IDs,2018-2019,Pseudo interruption 2018,2018-01-01,2019-12-01,9,94.32359965347558,90.64552552935886,65.66794942578846,42.898596829740114,120.40679985122215,150.59891053812228,FALSE,TRUE,130.67085191321223,107.70031370838217,55.098928430962154,0.916,Typhoid,Hybrid
2018-10-01,93,Gastrointestinal IDs,2018-2019,Pseudo interruption 2018,2018-01-01,2019-12-01,10,91.36906355363503,88.41230037842648,64.8502817487277,41.040514229482206,114.95015206795846,144.7364384392179,TRUE,TRUE,50.09987031923076,103.6959242097357,15.833975916725166,0.58,Typhoid,Hybrid
2018-11-01,95,Gastrointestinal IDs,2018-2019,Pseudo interruption 2018,2018-01-01,2019-12-01,11,79.00119306276639,75.93300565461813,54.230563695846556,32.68935129088053,102.83504178101472,128.63685664781445,TRUE,TRUE,48.60447808516817,95.94750535693393,26.86821218420976,0.794,Typhoid,Hybrid
2018-12-01,101,Gastrointestinal IDs,2018-2019,Pseudo interruption 2018,2018-01-01,2019-12-01,12,69.86697103048448,66.93733740100211,48.08833740313052,30.327345598191673,91.34779645946067,115.48736288889147,FALSE,TRUE,139.78149446172347,85.1600172906998,53.02156988470206,0.935,Typhoid,Hybrid
2019-01-01,117,Gastrointestinal IDs,2018-2019,Pseudo interruption 2018,2018-01-01,2019-12-01,13,89.69143378733865,87.84341420870349,61.997992406527885,38.77802249472869,116.02269281110424,140.45944907462575,FALSE,TRUE,63.797772293533995,101.68142657989706,37.60016926319853,0.904,Typhoid,Hybrid
2019-02-01,96,Gastrointestinal IDs,2018-2019,Pseudo interruption 2018,2018-01-01,2019-12-01,14,78.19502912724043,75.31438384753973,52.360646997122934,36.696315590078356,102.12098079994246,127.83807596325194,TRUE,TRUE,49.760333802819524,91.14176037317358,28.155816745346282,0.807,Typhoid,Hybrid
2019-03-01,78,Gastrointestinal IDs,2018-2019,Pseudo interruption 2018,2018-01-01,2019-12-01,15,73.23721731524444,69.16514899469423,48.33317964215306,32.274935559331624,97.01677679173655,121.61015353092625,TRUE,TRUE,48.683597149583484,89.33521797159463,18.430665067041755,0.622,Typhoid,Hybrid
2019-04-01,63,Gastrointestinal IDs,2018-2019,Pseudo interruption 2018,2018-01-01,2019-12-01,16,61.08606694401448,58.490643244533416,34.62241532382728,21.32122141066504,83.93626407234528,106.90864230250244,TRUE,TRUE,49.313848748518,85.58742089183741,14.921198039809644,0.598,Typhoid,Hybrid
2019-05-01,81,Gastrointestinal IDs,2018-2019,Pseudo interruption 2018,2018-01-01,2019-12-01,17,68.55797922653149,66.0704832935432,43.42298190734673,29.38310313783722,94.40033251839893,115.73262987446518,TRUE,TRUE,50.977350611052195,86.34952673662795,23.553970532398903,0.742,Typhoid,Hybrid
2019-06-01,98,Gastrointestinal IDs,2018-2019,Pseudo interruption 2018,2018-01-01,2019-12-01,18,83.02861199520252,80.2142383164457,56.236236847967405,35.34549942556991,107.50598496526663,133.8548764752782,TRUE,TRUE,51.26974811729923,98.50937704970828,26.372144127599647,0.758,Typhoid,Hybrid
2019-07-01,124,Gastrointestinal IDs,2018-2019,Pseudo interruption 2018,2018-01-01,2019-12-01,19,88.46947808160236,85.64477543239859,60.79770738825178,43.93429637431864,111.48420193759613,143.17526998422264,FALSE,TRUE,175.8444751733831,99.24097360990399,62.78893462621859,0.931,Typhoid,Hybrid
2019-08-01,109,Gastrointestinal IDs,2018-2019,Pseudo interruption 2018,2018-01-01,2019-12-01,20,92.66950616933342,88.6108822343697,64.78613434704822,46.06586966113429,119.82555782852224,147.00291812063006,TRUE,TRUE,55.03942348147402,100.93704845949577,29.155083907919913,0.77,Typhoid,Hybrid
2019-09-01,110,Gastrointestinal IDs,2018-2019,Pseudo interruption 2018,2018-01-01,2019-12-01,21,89.53014055070199,85.56785330379397,62.025358227393305,44.07201756678906,114.00038140613599,143.42380142661506,TRUE,TRUE,51.97502317874268,99.351783859826,31.835792419956693,0.838,Typhoid,Hybrid
2019-10-01,98,Gastrointestinal IDs,2018-2019,Pseudo interruption 2018,2018-01-01,2019-12-01,22,85.71084585644184,82.43187374613785,59.24776415190789,36.910896967191555,112.77625945329909,136.88514707620055,TRUE,TRUE,53.5284953013912,99.974250109009,25.01803025567267,0.713,Typhoid,Hybrid
2019-11-01,70,Gastrointestinal IDs,2018-2019,Pseudo interruption 2018,2018-01-01,2019-12-01,23,74.01489136493319,71.56352210436914,50.09212760589049,29.38773765276487,97.59577459639877,119.2980100530008,TRUE,TRUE,47.50364699050828,89.91027240023593,12.447812097986077,0.445,Typhoid,Hybrid
2019-12-01,47,Gastrointestinal IDs,2018-2019,Pseudo interruption 2018,2018-01-01,2019-12-01,24,68.5497874813275,65.16617651960499,47.74633979574321,28.2190058734954,95.22258295254747,113.41074687626896,FALSE,TRUE,54.939641114236366,85.19174100277355,26.730953434072752,0.09,Typhoid,Hybrid
2017-01-01,125,Gastrointestinal IDs,2017-2019,Pseudo interruption 2017,2017-01-01,2019-12-01,1,162.1673632996866,157.0301682892621,123.13518225080733,96.62283149437602,201.4611934803218,227.7788983261434,TRUE,TRUE,78.32601122951448,131.1560668317674,43.40253910140269,0.104,Typhoid,Hybrid
2017-02-01,99,Gastrointestinal IDs,2017-2019,Pseudo interruption 2017,2017-01-01,2019-12-01,2,134.4890500456581,130.78505866367203,101.5324993385247,77.67725429750568,169.2339368808797,198.1372784856599,FALSE,TRUE,93.02643092760201,120.46002418815421,45.130676846880114,0.091,Typhoid,Hybrid
2017-03-01,77,Gastrointestinal IDs,2017-2019,Pseudo interruption 2017,2017-01-01,2019-12-01,3,123.86857628146049,119.40203367665598,90.3105087456964,68.50980081643773,162.33613944349048,183.32399359559707,FALSE,TRUE,205.13071815475803,114.81419277915934,71.33510955725244,0.06,Typhoid,Hybrid
2017-04-01,65,Gastrointestinal IDs,2017-2019,Pseudo interruption 2017,2017-01-01,2019-12-01,4,94.59249690283532,90.96583431482073,67.33829123729853,47.25348708805805,123.99839321942555,144.81955477414485,FALSE,TRUE,80.04301435511236,97.5660676860868,37.48219245611803,0.089,Typhoid,Hybrid
2017-05-01,76,Gastrointestinal IDs,2017-2019,Pseudo interruption 2017,2017-01-01,2019-12-01,5,108.43397363514848,104.58738380034579,72.28694133373324,57.11005248790188,142.11335482225024,164.34659743589907,TRUE,TRUE,69.826413488517,107.23654494799719,38.33159499635924,0.102,Typhoid,Hybrid
2017-06-01,87,Gastrointestinal IDs,2017-2019,Pseudo interruption 2017,2017-01-01,2019-12-01,6,144.16562965780997,140.2827777089979,108.1713249511642,84.17007525066259,183.28925855210505,208.42926241057316,FALSE,TRUE,286.83118311258283,124.25918715991057,93.48957895160801,0.056,Typhoid,Hybrid
2017-07-01,90,Gastrointestinal IDs,2017-2019,Pseudo interruption 2017,2017-01-01,2019-12-01,7,161.77338137713858,158.2238470214717,122.75506134659494,97.18539147715518,199.97766459927243,227.26179624754354,FALSE,FALSE,404.77321671862694,417.4920638565955,136.0424748464215,0.005,Typhoid,Hybrid
2017-08-01,83,Gastrointestinal IDs,2017-2019,Pseudo interruption 2017,2017-01-01,2019-12-01,8,169.86046435939713,164.95670234925512,130.89206692888112,104.46379800550082,211.34996572838904,238.28625652758433,FALSE,FALSE,559.3785680883191,992.3743787421163,194.7609079232198,0,Typhoid,Hybrid
2017-09-01,101,Gastrointestinal IDs,2017-2019,Pseudo interruption 2017,2017-01-01,2019-12-01,9,160.06756923353018,155.6027365183836,115.55084720365687,96.12634914051428,200.74400785578334,227.46369518741486,FALSE,TRUE,230.70163268869518,131.33734604690056,85.84794428677415,0.059,Typhoid,Hybrid
2017-10-01,113,Gastrointestinal IDs,2017-2019,Pseudo interruption 2017,2017-01-01,2019-12-01,10,144.82234208143947,140.5976429129987,110.07831026868902,82.8857190938172,182.82637881999418,205.06038374143714,TRUE,TRUE,72.74806855130515,122.17466464761993,38.604791884512586,0.105,Typhoid,Hybrid
2017-11-01,86,Gastrointestinal IDs,2017-2019,Pseudo interruption 2017,2017-01-01,2019-12-01,11,123.78372076149195,119.83981621130613,85.57082738144837,69.76059630300739,160.51389850074332,184.49494720909,TRUE,TRUE,74.94307111929496,114.7343509060826,43.6521183843754,0.105,Typhoid,Hybrid
2017-12-01,73,Gastrointestinal IDs,2017-2019,Pseudo interruption 2017,2017-01-01,2019-12-01,12,103.85846596160425,100.01670131580244,73.84890322579558,54.27886370906116,137.86219063880912,159.51875487898064,FALSE,TRUE,72.50231967096936,105.23989116991947,37.423327846793825,0.092,Typhoid,Hybrid
2018-01-01,105,Gastrointestinal IDs,2017-2019,Pseudo interruption 2017,2017-01-01,2019-12-01,13,150.06306095002796,145.50365179504257,112.08737016298561,88.50852793135606,187.30359168024776,213.85164428330407,FALSE,TRUE,146.0899231471182,125.34311635194801,60.79103379365089,0.085,Typhoid,Hybrid
2018-02-01,79,Gastrointestinal IDs,2017-2019,Pseudo interruption 2017,2017-01-01,2019-12-01,14,130.46648673516867,126.05582170422645,95.72469448307547,73.23560482085514,169.5682035482672,191.00441617831225,FALSE,TRUE,241.0904538959464,117.76881135745711,80.92988244103087,0.059,Typhoid,Hybrid
2018-03-01,77,Gastrointestinal IDs,2017-2019,Pseudo interruption 2017,2017-01-01,2019-12-01,15,121.5233788510288,117.4205828119907,82.72081349463386,62.337943583667936,159.11552339896372,179.90050169247473,FALSE,TRUE,133.60284485066845,117.5625581088068,58.41542375005177,0.081,Typhoid,Hybrid
2018-04-01,61,Gastrointestinal IDs,2017-2019,Pseudo interruption 2017,2017-01-01,2019-12-01,16,95.4514522428734,91.53940776351516,61.01484161965125,47.14396553798854,128.3734686348966,147.10780648024522,FALSE,TRUE,67.50704321175785,99.96384094225667,39.23120676238365,0.093,Typhoid,Hybrid
2018-05-01,69,Gastrointestinal IDs,2017-2019,Pseudo interruption 2017,2017-01-01,2019-12-01,17,105.75676515552257,103.43031942904815,71.93935767427956,53.02820947084341,137.64418876817527,163.82229001968545,FALSE,TRUE,95.09840783669134,110.79408054884205,47.191764019062816,0.089,Typhoid,Hybrid
2018-06-01,105,Gastrointestinal IDs,2017-2019,Pseudo interruption 2017,2017-01-01,2019-12-01,18,142.54623423195923,138.53683427341835,106.82521804961395,82.24114880939555,180.43747913910036,205.3874478691081,FALSE,TRUE,91.86444158562593,123.14629905971253,46.453630034823334,0.082,Typhoid,Hybrid
2018-07-01,82,Gastrointestinal IDs,2017-2019,Pseudo interruption 2017,2017-01-01,2019-12-01,19,155.00110207810786,151.33173273203334,119.12631739437886,94.06131977417654,191.34385772789543,222.12074699505675,FALSE,FALSE,443.4807142773052,610.5122181879417,150.84278919751318,0,Typhoid,Hybrid
2018-08-01,105,Gastrointestinal IDs,2017-2019,Pseudo interruption 2017,2017-01-01,2019-12-01,20,166.30851677750914,162.87862403365247,126.76728821786523,99.9247186572744,205.09426506840316,232.83371147181424,FALSE,TRUE,295.99985902919025,132.90899281453983,98.97923638417402,0.049,Typhoid,Hybrid
2018-09-01,128,Gastrointestinal IDs,2017-2019,Pseudo interruption 2017,2017-01-01,2019-12-01,21,154.91823772112173,149.81006884599898,117.86514112601222,92.86247030981882,193.61360737016247,220.27641194967987,TRUE,TRUE,75.74846624415025,127.41394163986105,34.66436734145766,0.147,Typhoid,Hybrid
2018-10-01,93,Gastrointestinal IDs,2017-2019,Pseudo interruption 2017,2017-01-01,2019-12-01,22,138.1594917928963,134.0621499205301,102.69943936093978,79.3516408367336,175.10781987428962,200.80613563912556,FALSE,TRUE,169.40277412274762,121.45449480239196,64.81234358815938,0.08,Typhoid,Hybrid
2018-11-01,95,Gastrointestinal IDs,2017-2019,Pseudo interruption 2017,2017-01-01,2019-12-01,23,120.82109762718889,116.77564400651305,87.66051395546613,62.125817147891446,155.28841690942147,179.54001689482294,TRUE,TRUE,67.62790295395534,117.4141997469315,32.93754766772055,0.152,Typhoid,Hybrid
2018-12-01,101,Gastrointestinal IDs,2017-2019,Pseudo interruption 2017,2017-01-01,2019-12-01,24,102.70391312602715,99.19072279167453,72.67418233265771,53.3439337068301,134.16252366125732,156.50149977276195,TRUE,TRUE,61.48834132859962,103.15756606593185,15.411859021873587,0.508,Typhoid,Hybrid
2019-01-01,117,Gastrointestinal IDs,2017-2019,Pseudo interruption 2017,2017-01-01,2019-12-01,25,145.9156690623999,141.30567850409045,112.33559823009506,84.3776347842787,186.3166368389063,209.1848763415802,TRUE,TRUE,73.98103860881125,124.80724155730151,36.27379864297423,0.141,Typhoid,Hybrid
2019-02-01,96,Gastrointestinal IDs,2017-2019,Pseudo interruption 2017,2017-01-01,2019-12-01,26,127.91787258002313,124.08324886365422,88.03774179355766,71.09049687606694,163.8861039302432,187.70216293022753,TRUE,TRUE,75.84836213668554,116.6116660541606,39.26680367495948,0.118,Typhoid,Hybrid
2019-03-01,78,Gastrointestinal IDs,2017-2019,Pseudo interruption 2017,2017-01-01,2019-12-01,27,118.94001663730776,114.65992520617006,86.4943602899449,64.59932010296416,154.04340075157145,176.89065402351102,FALSE,TRUE,152.4926433610755,112.29133392054686,58.21841645953,0.066,Typhoid,Hybrid
2019-04-01,63,Gastrointestinal IDs,2017-2019,Pseudo interruption 2017,2017-01-01,2019-12-01,28,94.34988777583439,91.39937510647783,61.3839060567985,44.02492387545788,125.76752494074972,147.42363105730539,TRUE,TRUE,64.38361888395121,103.3987071818475,37.15682739388836,0.109,Typhoid,Hybrid
2019-05-01,81,Gastrointestinal IDs,2017-2019,Pseudo interruption 2017,2017-01-01,2019-12-01,29,107.16268877229395,103.48234240170932,76.19663672363484,56.29424520300381,143.20919376116026,162.96063181611677,TRUE,TRUE,67.01255703752543,106.66638661311296,32.97453851189604,0.135,Typhoid,Hybrid
2019-06-01,98,Gastrointestinal IDs,2017-2019,Pseudo interruption 2017,2017-01-01,2019-12-01,30,138.69066838871672,136.03025530560132,98.77529900279028,80.88345396229022,177.37978466350398,203.2385898874176,FALSE,TRUE,86.35747568861647,122.35513592512737,49.13560579166479,0.092,Typhoid,Hybrid
2019-07-01,124,Gastrointestinal IDs,2017-2019,Pseudo interruption 2017,2017-01-01,2019-12-01,31,154.9893756561313,149.48706365208693,115.91920093567751,91.0203496815333,196.1264080172258,219.13215247505642,TRUE,TRUE,80.20720708154829,128.1118027935231,38.3472761664582,0.141,Typhoid,Hybrid
2019-08-01,109,Gastrointestinal IDs,2017-2019,Pseudo interruption 2017,2017-01-01,2019-12-01,32,162.17542886100523,159.59884311653929,123.05924566703783,97.35942155442852,202.52418079643374,228.9090978053885,FALSE,TRUE,220.0573917997742,131.54967625095998,80.95024423123371,0.055,Typhoid,Hybrid
2019-09-01,110,Gastrointestinal IDs,2017-2019,Pseudo interruption 2017,2017-01-01,2019-12-01,33,151.30429731033277,146.4889460957234,107.69765251240183,88.85726537509737,193.11965526523014,215.9532792030723,TRUE,TRUE,85.4220027528283,127.09601382797493,47.942517870150255,0.104,Typhoid,Hybrid
2019-10-01,98,Gastrointestinal IDs,2017-2019,Pseudo interruption 2017,2017-01-01,2019-12-01,34,135.52642648507194,131.44674318655714,101.23163579124646,77.34244464979258,173.14524359395213,197.31254487121396,FALSE,TRUE,104.22996571517028,119.97010022142138,48.232993072529815,0.086,Typhoid,Hybrid
2019-11-01,70,Gastrointestinal IDs,2017-2019,Pseudo interruption 2017,2017-01-01,2019-12-01,35,117.86648160070386,114.08929268433859,85.31867882376102,60.15685341952262,152.26296415241225,176.18171530546167,FALSE,TRUE,220.13107356626142,116.02486188593905,75.13340039351026,0.065,Typhoid,Hybrid
2019-12-01,47,Gastrointestinal IDs,2017-2019,Pseudo interruption 2017,2017-01-01,2019-12-01,36,101.26449827635521,96.93380092541366,70.5776176997669,51.47960925986147,133.1471477086938,154.69348532456826,FALSE,FALSE,298.34570700659594,282.39824645916553,98.97828371975291,0.009,Typhoid,Hybrid
2019-01-01,61,Gastrointestinal IDs,2019,Pseudo interruption 2019,2019-01-01,2019-12-01,1,141.35912015605817,138.64629221843913,100.48809597162396,81.74554210741458,182.39768413356296,207.86122510321147,FALSE,FALSE,476.79054787817864,955.93736729238,176.6410161269551,0.003,Shigellosis,Bayesian structural
2019-02-01,70,Gastrointestinal IDs,2019,Pseudo interruption 2019,2019-01-01,2019-12-01,2,127.08425747175392,121.76840783202613,84.60727096340163,64.27779075140451,176.20411726493393,204.31192953372243,FALSE,TRUE,237.6695559355486,140.03413878231794,85.0432207666014,0.048,Shigellosis,Bayesian structural
2019-03-01,65,Gastrointestinal IDs,2019,Pseudo interruption 2019,2019-01-01,2019-12-01,3,118.08387497007483,113.72011087593222,71.44061031628877,54.53564689315054,169.7255460320737,204.5916325344241,FALSE,TRUE,162.69103887867263,150.05598564127354,71.00889434698433,0.059,Shigellosis,Bayesian structural
2019-04-01,64,Gastrointestinal IDs,2019,Pseudo interruption 2019,2019-01-01,2019-12-01,4,92.49574758640748,89.24577269852354,50.33838589000492,34.62867274551258,136.37114491441216,177.05150577635345,TRUE,TRUE,86.03275902440723,142.42283303084088,39.65877292395762,0.228,Shigellosis,Bayesian structural
2019-05-01,70,Gastrointestinal IDs,2019,Pseudo interruption 2019,2019-01-01,2019-12-01,5,119.67903385448719,111.97363322022883,65.43464903751843,40.79357216674331,182.3129816108398,227.46678523238577,TRUE,TRUE,116.87833257332139,186.67321306564247,59.746368310540184,0.136,Shigellosis,Bayesian structural
2019-06-01,87,Gastrointestinal IDs,2019,Pseudo interruption 2019,2019-01-01,2019-12-01,6,133.78070301287485,124.95696786042961,70.26833706508022,47.07859426485161,198.46093574764626,256.5086113167807,TRUE,TRUE,128.19259868256603,209.43001705192907,59.253590759631415,0.189,Shigellosis,Bayesian structural
2019-07-01,67,Gastrointestinal IDs,2019,Pseudo interruption 2019,2019-01-01,2019-12-01,7,105.85734172967172,98.55295847567552,47.592327966654146,25.16440586697011,169.1093281464316,229.31902368284108,TRUE,TRUE,121.51700017977745,204.15461781587098,52.85127152193966,0.231,Shigellosis,Bayesian structural
2019-08-01,74,Gastrointestinal IDs,2019,Pseudo interruption 2019,2019-01-01,2019-12-01,8,88.4665673476095,80.61282441078544,35.549614911824285,10.580816790040432,149.8506347766291,201.68882209864495,TRUE,TRUE,114.30101986480483,191.1080053086045,31.222742919341307,0.445,Shigellosis,Bayesian structural
2019-09-01,55,Gastrointestinal IDs,2019,Pseudo interruption 2019,2019-01-01,2019-12-01,9,71.97373617840324,65.92715868461039,19.282061526804878,5.176250804875448,128.78317944954105,181.96116978603766,TRUE,TRUE,109.50111792273617,176.7849189811622,33.333302574572585,0.401,Shigellosis,Bayesian structural
2019-10-01,47,Gastrointestinal IDs,2019,Pseudo interruption 2019,2019-01-01,2019-12-01,10,63.86442123954063,55.33552056442676,11.760487627104963,0.9319684989849191,119.04117901328296,168.2363083637025,TRUE,TRUE,107.28069138617799,167.30433986471758,30.52550066791859,0.407,Shigellosis,Bayesian structural
2019-11-01,49,Gastrointestinal IDs,2019,Pseudo interruption 2019,2019-01-01,2019-12-01,11,62.41503857947014,55.989223477578335,9.616599590007633,0.1389113491132884,115.21995888448433,189.8067473552168,TRUE,TRUE,105.60335929447669,189.6678360061035,30.07462970942308,0.425,Shigellosis,Bayesian structural
2019-12-01,49,Gastrointestinal IDs,2019,Pseudo interruption 2019,2019-01-01,2019-12-01,12,59.93835868536974,48.76903679580393,7.9006634290040365,0.010000000000000002,120.79027679720757,183.33205873147105,TRUE,TRUE,112.88961336820353,183.32205873147106,25.579991051528264,0.507,Shigellosis,Bayesian structural
2018-01-01,239,Gastrointestinal IDs,2018-2019,Pseudo interruption 2018,2018-01-01,2019-12-01,1,170.88964962453457,168.99834759652765,125.65318503860524,108.25890628702558,219.15664589419185,245.97529062081475,FALSE,TRUE,291.93700191366804,137.71638433378916,108.21989760231634,0.965,Shigellosis,Bayesian structural
2018-02-01,180,Gastrointestinal IDs,2018-2019,Pseudo interruption 2018,2018-01-01,2019-12-01,2,158.42300536802662,156.15811929724572,109.32261636708623,82.09441195780444,211.18760544704818,241.18260440444908,TRUE,TRUE,101.86498907996196,159.08819244664465,41.735430512863125,0.713,Shigellosis,Bayesian structural
2018-03-01,125,Gastrointestinal IDs,2018-2019,Pseudo interruption 2018,2018-01-01,2019-12-01,3,152.4473884754645,147.20867781372192,96.58871192424552,77.06248353702426,211.18317521052396,246.39034725693782,TRUE,TRUE,114.59446328627844,169.32786371991355,42.87517092557863,0.295,Shigellosis,Bayesian structural
2018-04-01,99,Gastrointestinal IDs,2018-2019,Pseudo interruption 2018,2018-01-01,2019-12-01,4,122.16210284581513,117.86708073328121,70.52337312244711,43.41698371311352,181.85764188822878,219.32674040024898,TRUE,TRUE,111.33426876578167,175.90975668713546,39.943537856635466,0.302,Shigellosis,Bayesian structural
2018-05-01,95,Gastrointestinal IDs,2018-2019,Pseudo interruption 2018,2018-01-01,2019-12-01,5,157.65167887916044,152.72071543063504,90.09995370569578,64.66278573299711,233.3264242578759,286.0344752648291,TRUE,TRUE,143.22647055218013,221.37168953183198,77.94767521413013,0.129,Shigellosis,Bayesian structural
2018-06-01,94,Gastrointestinal IDs,2018-2019,Pseudo interruption 2018,2018-01-01,2019-12-01,6,175.78787094019114,165.68090386514913,92.47024400696446,67.42975096656795,269.7430637586428,340.0069771482252,TRUE,TRUE,177.27281975167833,272.57722618165724,96.61146329965413,0.106,Shigellosis,Bayesian structural
2018-07-01,84,Gastrointestinal IDs,2018-2019,Pseudo interruption 2018,2018-01-01,2019-12-01,7,142.01220597362646,133.25610571285503,64.28897580078298,41.894535693786914,223.47337100431804,312.7154163159103,TRUE,TRUE,159.18439520353508,270.8208806221234,75.70722302773457,0.179,Shigellosis,Bayesian structural
2018-08-01,93,Gastrointestinal IDs,2018-2019,Pseudo interruption 2018,2018-01-01,2019-12-01,8,119.10976905796178,109.29606104053585,50.223376726305176,22.005521883362608,207.16905261515794,274.46568602691696,TRUE,TRUE,156.94567588885275,252.46016414355435,48.2465635403873,0.39,Shigellosis,Bayesian structural
2018-09-01,69,Gastrointestinal IDs,2018-2019,Pseudo interruption 2018,2018-01-01,2019-12-01,9,103.74886949474288,90.84361488258165,30.79062659362974,8.970383897722066,194.11623578883567,276.04869412770137,TRUE,TRUE,163.3256091952059,267.0783102299793,54.29012178649744,0.358,Shigellosis,Bayesian structural
2018-10-01,71,Gastrointestinal IDs,2018-2019,Pseudo interruption 2018,2018-01-01,2019-12-01,10,92.9577655290809,79.39444590155905,20.758444851747424,3.0976388190699358,181.32527173135847,251.945191853709,TRUE,TRUE,160.56682687961106,248.84755303463905,42.36015114337057,0.439,Shigellosis,Bayesian structural
2018-11-01,69,Gastrointestinal IDs,2018-2019,Pseudo interruption 2018,2018-01-01,2019-12-01,11,90.70880141889292,76.53000277435939,16.55373130645592,4.531975710560967,178.87601386786446,250.46615351992293,TRUE,TRUE,162.32228256140854,245.93417780936196,41.83293454168735,0.455,Shigellosis,Bayesian structural
2018-12-01,69,Gastrointestinal IDs,2018-2019,Pseudo interruption 2018,2018-01-01,2019-12-01,12,88.57389868481225,70.98371594263682,16.059724742914643,2.0580808738931244,184.74354392905656,272.50467018604985,TRUE,TRUE,168.6838191861419,270.44658931215673,39.39424739637843,0.481,Shigellosis,Bayesian structural
2019-01-01,61,Gastrointestinal IDs,2018-2019,Pseudo interruption 2018,2018-01-01,2019-12-01,13,158.10136468887234,135.84577077862156,45.9029013315639,14.61080049759799,307.24675716865636,412.35057026916854,TRUE,TRUE,261.34385583709246,397.73976977157054,117.60122434769487,0.178,Shigellosis,Bayesian structural
2019-02-01,70,Gastrointestinal IDs,2018-2019,Pseudo interruption 2018,2018-01-01,2019-12-01,14,149.15319351588084,125.46022105226278,36.81923314025788,7.698743424186926,290.14254533086637,422.3307147165594,TRUE,TRUE,253.32331219060848,414.63197129237244,101.48518564400248,0.228,Shigellosis,Bayesian structural
2019-03-01,65,Gastrointestinal IDs,2018-2019,Pseudo interruption 2018,2018-01-01,2019-12-01,15,143.79518259752356,118.41131183146975,32.291119481953494,6.004981513301713,287.49433914391466,419.8948936133016,TRUE,TRUE,255.20321966196116,413.8899120999999,100.11716109508959,0.236,Shigellosis,Bayesian structural
2019-04-01,64,Gastrointestinal IDs,2018-2019,Pseudo interruption 2018,2018-01-01,2019-12-01,16,117.44643979947983,91.13746538653972,12.761663064253545,0.9136256536394597,254.05495284809493,388.77623879570564,TRUE,TRUE,241.29328978384137,387.86261314206615,75.83140320032905,0.343,Shigellosis,Bayesian structural
2019-05-01,70,Gastrointestinal IDs,2018-2019,Pseudo interruption 2018,2018-01-01,2019-12-01,17,150.0700071161443,126.5357562522798,26.721905846086017,3.736138850784367,313.45705521189257,431.1971114294383,TRUE,TRUE,286.73514936580654,427.4609725786539,108.20466780349905,0.277,Shigellosis,Bayesian structural
2019-06-01,87,Gastrointestinal IDs,2018-2019,Pseudo interruption 2018,2018-01-01,2019-12-01,18,168.48296416766894,136.0889453507629,28.680801045582484,1.8725949136642517,338.69781136574227,501.09106408824147,TRUE,TRUE,310.0170103201598,499.2184691745772,108.84261669881899,0.319,Shigellosis,Bayesian structural
2019-07-01,67,Gastrointestinal IDs,2018-2019,Pseudo interruption 2018,2018-01-01,2019-12-01,19,138.4349507338452,103.51976025923808,11.89764296832649,0.010000000000000002,292.4873020035995,480.44591559892854,TRUE,TRUE,280.58965903527303,480.43591559892855,93.32759027699129,0.336,Shigellosis,Bayesian structural
2019-08-01,74,Gastrointestinal IDs,2018-2019,Pseudo interruption 2018,2018-01-01,2019-12-01,20,120.81611860755957,86.90710609176153,5.950172791695252,0.010000000000000002,270.43799737577933,443.6992554855894,TRUE,TRUE,264.4878245840841,443.6892554855894,70.39130702628626,0.45,Shigellosis,Bayesian structural
2019-09-01,55,Gastrointestinal IDs,2018-2019,Pseudo interruption 2018,2018-01-01,2019-12-01,21,105.3082229823251,69.01315158403654,0.651940958672236,0.010000000000000002,247.26614068008922,420.8879592814787,TRUE,TRUE,246.61419972141698,420.8779592814787,67.50391159391509,0.431,Shigellosis,Bayesian structural
2019-10-01,47,Gastrointestinal IDs,2018-2019,Pseudo interruption 2018,2018-01-01,2019-12-01,22,97.24925891968054,59.03118404217023,0.010000000000000002,0.010000000000000002,235.39900285246617,440.8735901273229,TRUE,TRUE,235.38900285246618,440.86359012732294,64.9217312952237,0.434,Shigellosis,Bayesian structural
2019-11-01,49,Gastrointestinal IDs,2018-2019,Pseudo interruption 2018,2018-01-01,2019-12-01,23,99.88987699623874,58.254634634049246,0.010000000000000002,0.010000000000000002,241.4939206367304,426.1906930786067,TRUE,TRUE,241.4839206367304,426.18069307860674,63.08836273226054,0.45,Shigellosis,Bayesian structural
2019-12-01,49,Gastrointestinal IDs,2018-2019,Pseudo interruption 2018,2018-01-01,2019-12-01,24,98.98898913850695,55.29140171980901,0.010000000000000002,0.010000000000000002,253.78056927617448,483.69919507261466,TRUE,TRUE,253.77056927617448,483.68919507261467,64.98398026293971,0.47,Shigellosis,Bayesian structural
2017-01-01,201,Gastrointestinal IDs,2017-2019,Pseudo interruption 2017,2017-01-01,2019-12-01,1,286.7569992704969,283.6334054279092,227.79782213074486,205.0457037476962,342.24770335818357,390.44807820143546,FALSE,FALSE,382.42810253488733,347.2305243615871,141.1844417223728,0.022,Shigellosis,Bayesian structural
2017-02-01,156,Gastrointestinal IDs,2017-2019,Pseudo interruption 2017,2017-01-01,2019-12-01,2,284.72571165894095,288.56887773690846,218.69463981835648,187.9524777269642,345.8692358308706,388.6156243293852,FALSE,FALSE,754.1209941960789,1478.7622556809886,285.86495148813896,0.004,Shigellosis,Bayesian structural
2017-03-01,173,Gastrointestinal IDs,2017-2019,Pseudo interruption 2017,2017-01-01,2019-12-01,3,268.31940878398,269.24778130011316,195.41423914480538,170.22668888547872,338.2941068955336,393.9083974168962,FALSE,TRUE,367.022259198782,223.68170853141748,144.66905485315235,0.032,Shigellosis,Bayesian structural
2017-04-01,130,Gastrointestinal IDs,2017-2019,Pseudo interruption 2017,2017-01-01,2019-12-01,4,232.04688786462822,228.18252742258002,159.24275662278595,131.62657754573857,304.79649499588874,361.6225645601625,FALSE,FALSE,437.9813046009623,295.0590888439667,160.42539422797665,0.022,Shigellosis,Bayesian structural
2017-05-01,189,Gastrointestinal IDs,2017-2019,Pseudo interruption 2017,2017-01-01,2019-12-01,5,275.50149188633804,266.86425577663135,191.8444194965322,151.82579936282931,364.22407430584735,451.2379924807803,FALSE,TRUE,200.82384977463713,299.412193117951,106.39970830996508,0.095,Shigellosis,Bayesian structural
2017-06-01,204,Gastrointestinal IDs,2017-2019,Pseudo interruption 2017,2017-01-01,2019-12-01,6,299.5505460682539,297.7987370515541,202.74297583347558,161.33734918167596,397.642582987429,471.4913846995023,TRUE,TRUE,194.89960715395344,310.15403551782634,118.62908820658888,0.102,Shigellosis,Bayesian structural
2017-07-01,139,Gastrointestinal IDs,2017-2019,Pseudo interruption 2017,2017-01-01,2019-12-01,7,264.3831311238966,258.48298556667146,172.24692713416255,124.75397605518147,366.686902674744,433.80189458789386,FALSE,TRUE,526.9092468822068,309.0479185327124,192.25378469579877,0.044,Shigellosis,Bayesian structural
2017-08-01,145,Gastrointestinal IDs,2017-2019,Pseudo interruption 2017,2017-01-01,2019-12-01,8,228.14727265754084,222.4535548104709,131.30279044458118,90.06225454405953,330.83123667833155,395.6272812837692,TRUE,TRUE,199.52844623375037,305.56502673970965,106.10999631536518,0.15,Shigellosis,Bayesian structural
2017-09-01,117,Gastrointestinal IDs,2017-2019,Pseudo interruption 2017,2017-01-01,2019-12-01,9,207.9322843479069,198.57533866016192,120.91760352182659,75.67571586457252,309.85018882335027,384.9897805113457,FALSE,TRUE,228.10862051978958,309.3140646467732,114.13021279716679,0.088,Shigellosis,Bayesian structural
2017-10-01,99,Gastrointestinal IDs,2017-2019,Pseudo interruption 2017,2017-01-01,2019-12-01,10,191.48705370101786,185.84036887764623,98.92257571591617,70.6232472511107,292.49743166840886,366.94685027141,TRUE,TRUE,193.5748559524927,296.32360302029934,112.2972161753278,0.1,Shigellosis,Bayesian structural
2017-11-01,115,Gastrointestinal IDs,2017-2019,Pseudo interruption 2017,2017-01-01,2019-12-01,11,183.6475415648352,171.29970053628296,86.83541615421818,54.272375095184,292.6485452353492,374.45267242272564,TRUE,TRUE,205.81312908113102,320.18029732754167,90.77707297510901,0.215,Shigellosis,Bayesian structural
2017-12-01,90,Gastrointestinal IDs,2017-2019,Pseudo interruption 2017,2017-01-01,2019-12-01,12,189.18029574135699,177.51064193015048,83.46007220191726,50.906749728054834,306.28772159114243,416.1706286438294,TRUE,TRUE,222.82764938922517,365.26387891577457,120.2714926030274,0.119,Shigellosis,Bayesian structural
2018-01-01,239,Gastrointestinal IDs,2017-2019,Pseudo interruption 2017,2017-01-01,2019-12-01,13,294.66426634251525,286.1351396015006,153.8822672738306,110.71968576588606,442.56035534685026,567.4655346167663,TRUE,TRUE,288.6780880730197,456.7458488508802,102.16643972691885,0.333,Shigellosis,Bayesian structural
2018-02-01,180,Gastrointestinal IDs,2017-2019,Pseudo interruption 2017,2017-01-01,2019-12-01,14,292.576877204533,278.81877832422543,143.34976552983088,95.5760663234684,475.32336320294127,575.4712314723256,TRUE,TRUE,331.97359767311036,479.8951651488572,151.3666048930323,0.196,Shigellosis,Bayesian structural
2018-03-01,125,Gastrointestinal IDs,2017-2019,Pseudo interruption 2017,2017-01-01,2019-12-01,15,278.4795692444348,255.26990558328387,127.6955102984643,75.98804719206692,455.8569061832432,551.658540748303,FALSE,TRUE,355.1164988694219,475.6704935562361,180.06138402798405,0.085,Shigellosis,Bayesian structural
2018-04-01,99,Gastrointestinal IDs,2017-2019,Pseudo interruption 2017,2017-01-01,2019-12-01,16,240.9430663069262,228.63682270260455,101.25445152890845,48.93112417233678,413.32735244979165,522.9202696613451,FALSE,TRUE,334.61741620996764,473.98914548900825,176.20781057523882,0.096,Shigellosis,Bayesian structural
2018-05-01,95,Gastrointestinal IDs,2017-2019,Pseudo interruption 2017,2017-01-01,2019-12-01,17,286.04857610241754,263.3998165519149,122.69911486951584,74.9520267041829,481.2563248719183,583.385108927799,FALSE,TRUE,635.5483586975608,508.4330822236161,256.7449139220863,0.053,Shigellosis,Bayesian structural
2018-06-01,94,Gastrointestinal IDs,2017-2019,Pseudo interruption 2017,2017-01-01,2019-12-01,18,308.91697058686896,284.3845806296241,126.76971660519729,79.41249826681997,529.9591177935392,666.0713440217397,FALSE,TRUE,730.8865672403149,586.6588457549198,292.71586909234645,0.053,Shigellosis,Bayesian structural
2018-07-01,84,Gastrointestinal IDs,2017-2019,Pseudo interruption 2017,2017-01-01,2019-12-01,19,275.9959122705854,255.7907051391167,105.97694980534216,52.437691562935235,471.40248513755233,623.9561958406254,FALSE,TRUE,585.1950333856317,571.5185042776901,253.92450962410203,0.061,Shigellosis,Bayesian structural
2018-08-01,93,Gastrointestinal IDs,2017-2019,Pseudo interruption 2017,2017-01-01,2019-12-01,20,244.13846368054502,226.00343641582174,80.84515396898752,33.826943898073466,446.0512782600404,582.1325030096144,TRUE,TRUE,365.2061242910529,548.305559111541,186.7679513836875,0.131,Shigellosis,Bayesian structural
2018-09-01,69,Gastrointestinal IDs,2017-2019,Pseudo interruption 2017,2017-01-01,2019-12-01,21,219.48928511562383,202.55698229652165,64.581465849227925,18.299737852174523,417.75028853613094,566.4462828363779,TRUE,TRUE,353.168822686903,548.1465449842034,185.27845926648996,0.113,Shigellosis,Bayesian structural
2018-10-01,71,Gastrointestinal IDs,2017-2019,Pseudo interruption 2017,2017-01-01,2019-12-01,22,205.6656871935403,182.36977231001356,55.52523993564919,18.82324088291666,399.50818303745325,565.2061859583183,TRUE,TRUE,343.98294310180404,546.3829450754016,165.98840654731558,0.131,Shigellosis,Bayesian structural
2018-11-01,69,Gastrointestinal IDs,2017-2019,Pseudo interruption 2017,2017-01-01,2019-12-01,23,201.024097316409,170.30638267837378,44.85590232088465,9.95839000990863,408.59852730811406,560.9668352281742,TRUE,TRUE,363.7426249872294,551.0084452182656,161.28426394938634,0.163,Shigellosis,Bayesian structural
2018-12-01,69,Gastrointestinal IDs,2017-2019,Pseudo interruption 2017,2017-01-01,2019-12-01,24,207.47669739074914,182.299354703955,46.565233255407286,8.49386962253781,401.1151769029962,576.9105199831974,TRUE,TRUE,354.5499436475889,568.4166503606597,170.10414076120463,0.173,Shigellosis,Bayesian structural
2019-01-01,61,Gastrointestinal IDs,2017-2019,Pseudo interruption 2017,2017-01-01,2019-12-01,25,315.27639469096187,289.14920979388893,99.84510349562446,39.50368715540407,576.4248661551858,811.3736100513177,FALSE,TRUE,865.0307976158059,771.8699228959135,351.7990923694766,0.055,Shigellosis,Bayesian structural
2019-02-01,70,Gastrointestinal IDs,2017-2019,Pseudo interruption 2017,2017-01-01,2019-12-01,26,309.9089843055584,284.15912676503,90.57086657207569,28.37498439689785,568.0731342375225,836.8929983880594,FALSE,TRUE,683.2109333862036,808.5180139911615,312.98177131346307,0.065,Shigellosis,Bayesian structural
2019-03-01,65,Gastrointestinal IDs,2017-2019,Pseudo interruption 2017,2017-01-01,2019-12-01,27,299.56500639706303,268.33578080795616,80.32301936686524,22.58202351687775,560.4830228483326,825.5710672466556,FALSE,TRUE,633.3901971501197,802.9890437297779,296.13061793957525,0.076,Shigellosis,Bayesian structural
2019-04-01,64,Gastrointestinal IDs,2017-2019,Pseudo interruption 2017,2017-01-01,2019-12-01,28,266.02765006476824,225.90027001610054,52.786770401346274,10.188490213325519,526.4336362230796,820.0798544351079,TRUE,TRUE,473.6468658217333,809.8913642217824,237.69936911322907,0.124,Shigellosis,Bayesian structural
2019-05-01,70,Gastrointestinal IDs,2017-2019,Pseudo interruption 2017,2017-01-01,2019-12-01,29,308.5028697172762,277.69361738359106,81.1563544061814,19.641327953466302,580.4024432300511,891.7884264267794,FALSE,TRUE,610.8096328856836,872.1470984733131,298.77031910751475,0.09,Shigellosis,Bayesian structural
2019-06-01,87,Gastrointestinal IDs,2017-2019,Pseudo interruption 2017,2017-01-01,2019-12-01,30,336.7601018766525,293.67076986156854,85.92279756638396,15.802901015230566,643.0219576726236,958.6139482979023,TRUE,TRUE,557.0991601062397,942.8110472826718,292.18492339756006,0.101,Shigellosis,Bayesian structural
2019-07-01,67,Gastrointestinal IDs,2017-2019,Pseudo interruption 2017,2017-01-01,2019-12-01,31,301.9424939213648,251.21202427485622,56.63056829685316,11.397819090764019,608.9258193611585,945.2247490375194,TRUE,TRUE,552.2952510643053,933.8269299467553,273.08993678804404,0.111,Shigellosis,Bayesian structural
2019-08-01,74,Gastrointestinal IDs,2017-2019,Pseudo interruption 2017,2017-01-01,2019-12-01,32,263.9046388901477,218.47064188742374,42.60902487304562,2.17099324031424,559.6418728764364,807.2442008879627,TRUE,TRUE,517.0328480033908,805.0732076476485,230.50469749638745,0.191,Shigellosis,Bayesian structural
2019-09-01,55,Gastrointestinal IDs,2017-2019,Pseudo interruption 2017,2017-01-01,2019-12-01,33,242.86799601489784,195.15542455397275,29.764886582109522,0.010000000000000002,533.3250129859091,832.6491476048537,TRUE,TRUE,503.5601264037996,832.6391476048537,225.99952577198027,0.164,Shigellosis,Bayesian structural
2019-10-01,47,Gastrointestinal IDs,2017-2019,Pseudo interruption 2017,2017-01-01,2019-12-01,34,233.47315043785147,176.88539110011538,27.32014156122538,0.010000000000000002,536.1774042793606,794.1840305998018,TRUE,TRUE,508.85726271813525,794.1740305998018,217.09243613898602,0.156,Shigellosis,Bayesian structural
2019-11-01,49,Gastrointestinal IDs,2017-2019,Pseudo interruption 2017,2017-01-01,2019-12-01,35,230.96405387492322,174.0476607200673,19.438212146190995,0.010000000000000002,529.1646540971332,780.6637043143396,TRUE,TRUE,509.72644195094216,780.6537043143396,212.8205074607782,0.189,Shigellosis,Bayesian structural
2019-12-01,49,Gastrointestinal IDs,2017-2019,Pseudo interruption 2017,2017-01-01,2019-12-01,36,236.2379909105148,181.01997037378086,16.98354067155726,0.010000000000000002,551.983960565699,798.4466912398939,TRUE,TRUE,535.0004198941417,798.4366912398939,223.15351113168313,0.194,Shigellosis,Bayesian structural
2019-01-01,149,Gastrointestinal IDs,2019,Pseudo interruption 2019,2019-01-01,2019-12-01,1,212.77916126731245,211.6009604726611,179.49684946251924,161.75097851419264,257.3649432662706,281.39188656849797,FALSE,FALSE,382.83658842894374,629.6800486220109,136.5218244716403,0,Amebiasis,TBATS
2019-02-01,146,Gastrointestinal IDs,2019,Pseudo interruption 2019,2019-01-01,2019-12-01,2,195.6946047260134,193.19938310855926,154.84320599181936,137.22707098334658,238.65885125663027,277.3269940820001,FALSE,TRUE,172.2477051830045,140.09992309865353,70.92313624007427,0.046,Amebiasis,TBATS
2019-03-01,158,Gastrointestinal IDs,2019,Pseudo interruption 2019,2019-01-01,2019-12-01,3,200.1048193902023,194.35007089440435,154.48525417187065,135.51268847392916,252.94444329692652,288.9288572843581,TRUE,TRUE,98.45918912505587,153.41616881042896,50.970173727949586,0.123,Amebiasis,TBATS
2019-04-01,165,Gastrointestinal IDs,2019,Pseudo interruption 2019,2019-01-01,2019-12-01,4,205.73709264581007,200.74870718994802,156.8441144228341,138.1288721191667,264.11420453019986,300.24198541456025,TRUE,TRUE,107.27009010736575,162.11311329539356,52.246704700952684,0.166,Amebiasis,TBATS
2019-05-01,172,Gastrointestinal IDs,2019,Pseudo interruption 2019,2019-01-01,2019-12-01,5,211.0705907224131,206.90294629917724,159.6367848100918,138.38767516382237,276.9279057284563,314.95862640804995,TRUE,TRUE,117.29112091836453,176.5709512442276,53.75177443604923,0.205,Amebiasis,TBATS
2019-06-01,178,Gastrointestinal IDs,2019,Pseudo interruption 2019,2019-01-01,2019-12-01,6,243.0930374404577,232.89802683607448,176.86061250402992,152.48306410201377,322.9404754475144,384.4396856448757,TRUE,TRUE,146.0798629434845,231.9566215428619,76.56946440153158,0.103,Amebiasis,TBATS
2019-07-01,175,Gastrointestinal IDs,2019,Pseudo interruption 2019,2019-01-01,2019-12-01,7,229.33667978882772,221.0956456394449,165.66685567088845,142.91923052154502,304.09108892794654,369.3634026078099,TRUE,TRUE,138.4242332570581,226.4441720862649,68.08216071613582,0.144,Amebiasis,TBATS
2019-08-01,145,Gastrointestinal IDs,2019,Pseudo interruption 2019,2019-01-01,2019-12-01,8,216.32817784318718,208.68111216310484,156.22433374635202,132.8320249570005,292.2224087133649,340.0108373170955,FALSE,TRUE,248.24141243053307,207.17881236009498,98.95066821377296,0.056,Amebiasis,TBATS
2019-09-01,131,Gastrointestinal IDs,2019,Pseudo interruption 2019,2019-01-01,2019-12-01,9,175.91873443592124,169.7340383859691,122.9261967675463,104.61382111963447,240.01525167843252,288.8815826995841,TRUE,TRUE,117.08905491088622,184.26776157994965,57.09218995771505,0.163,Amebiasis,TBATS
2019-10-01,135,Gastrointestinal IDs,2019,Pseudo interruption 2019,2019-01-01,2019-12-01,10,176.87101414107048,169.8119478751221,119.72647927949428,101.58518428630265,245.1332949275195,285.745424405689,TRUE,TRUE,125.40681564802522,184.16024011938634,55.28105840855716,0.189,Amebiasis,TBATS
2019-11-01,136,Gastrointestinal IDs,2019,Pseudo interruption 2019,2019-01-01,2019-12-01,11,154.49070122762976,148.22092372855275,105.58456447109015,86.6317402828575,213.41054551361688,255.87629542286274,TRUE,TRUE,107.82598104252673,169.24455514000522,33.79867815524669,0.387,Amebiasis,TBATS
2019-12-01,108,Gastrointestinal IDs,2019,Pseudo interruption 2019,2019-01-01,2019-12-01,12,150.95523052076737,144.5109516597915,102.2848257475965,82.30483242336474,211.21180470403056,253.08097034620266,TRUE,TRUE,108.92697895643406,170.7761379228379,53.46812347777616,0.148,Amebiasis,TBATS
2018-01-01,290,Gastrointestinal IDs,2018-2019,Pseudo interruption 2018,2018-01-01,2019-12-01,1,243.19953049854118,240.61876981824076,207.0394801764518,180.16598551551382,284.4936880670266,319.14000683909507,FALSE,TRUE,132.51732722030883,138.97402132358124,66.26671735360006,0.915,Amebiasis,TBATS
2018-02-01,201,Gastrointestinal IDs,2018-2019,Pseudo interruption 2018,2018-01-01,2019-12-01,2,209.9372734272332,207.959484310294,173.22785789706992,154.9553228121758,250.536612166148,278.3610940880923,TRUE,TRUE,77.30875426907807,123.40577127591646,22.87321898232434,0.416,Amebiasis,TBATS
2018-03-01,218,Gastrointestinal IDs,2018-2019,Pseudo interruption 2018,2018-01-01,2019-12-01,3,224.4543675011004,220.04816382324407,181.9846535519731,163.73576739546098,273.70922574921605,300.36192793408,TRUE,TRUE,91.72457219724294,136.626160538619,21.779509031698883,0.467,Amebiasis,TBATS
2018-04-01,172,Gastrointestinal IDs,2018-2019,Pseudo interruption 2018,2018-01-01,2019-12-01,4,220.5793495551712,217.14934354977552,176.7265213839938,161.26814138104498,270.0626939370736,300.0645376552818,FALSE,TRUE,140.6013863930178,138.79639627423683,64.16755251367275,0.069,Amebiasis,TBATS
2018-05-01,203,Gastrointestinal IDs,2018-2019,Pseudo interruption 2018,2018-01-01,2019-12-01,5,233.45544460445913,228.63383753156774,185.78215804784668,166.1571740729686,285.7868369174488,328.2495596985107,TRUE,TRUE,100.00467886960212,162.09238562554214,42.99151406941222,0.226,Amebiasis,TBATS
2018-06-01,203,Gastrointestinal IDs,2018-2019,Pseudo interruption 2018,2018-01-01,2019-12-01,6,253.37732733619586,248.2101885347299,200.50475165535454,180.04862626093237,314.34626978487984,349.5312828709129,TRUE,TRUE,113.8415181295253,169.48265660998052,61.16209999290719,0.117,Amebiasis,TBATS
2018-07-01,199,Gastrointestinal IDs,2018-2019,Pseudo interruption 2018,2018-01-01,2019-12-01,7,248.97814314838146,242.62496419113606,196.57290337380834,172.97201929705102,310.7950960281625,348.621955668225,TRUE,TRUE,114.22219265435416,175.64993637117396,60.201519632452474,0.116,Amebiasis,TBATS
2018-08-01,146,Gastrointestinal IDs,2018-2019,Pseudo interruption 2018,2018-01-01,2019-12-01,8,224.49391962187013,221.5052911901251,175.13644853979446,152.45871160255112,277.3004423478921,309.15125119815445,FALSE,FALSE,393.5284792060422,415.0410036976481,139.97042977297278,0.015,Amebiasis,TBATS
2018-09-01,135,Gastrointestinal IDs,2018-2019,Pseudo interruption 2018,2018-01-01,2019-12-01,9,187.53602703573765,184.7901485661502,144.73435375747056,128.26579269779293,232.5649960675728,266.8085773688862,FALSE,TRUE,185.1741798848078,138.54278467109324,75.00169902133317,0.042,Amebiasis,TBATS
2018-10-01,157,Gastrointestinal IDs,2018-2019,Pseudo interruption 2018,2018-01-01,2019-12-01,10,170.49942961294215,167.34559257754955,130.62616388255555,113.63820915453135,213.33571328602238,239.78053254814634,TRUE,TRUE,82.70954940346684,126.14232339361499,26.55569490233894,0.366,Amebiasis,TBATS
2018-11-01,140,Gastrointestinal IDs,2018-2019,Pseudo interruption 2018,2018-01-01,2019-12-01,11,164.44134971460414,161.4386569382874,124.36855840657856,108.20104567667374,208.70743232228097,241.10751620043527,TRUE,TRUE,84.33887391570241,132.90647052376153,35.96140419809278,0.233,Amebiasis,TBATS
2018-12-01,160,Gastrointestinal IDs,2018-2019,Pseudo interruption 2018,2018-01-01,2019-12-01,12,146.9585033923146,144.0893988175539,111.03553011167195,93.5354478867028,186.27135096127358,211.82679206856903,TRUE,TRUE,75.23582084960164,118.29134418186624,29.497866049167794,0.702,Amebiasis,TBATS
2019-01-01,149,Gastrointestinal IDs,2018-2019,Pseudo interruption 2018,2018-01-01,2019-12-01,13,215.5617584161744,212.04438722949203,158.137819708154,133.5305542366198,275.844551934389,324.86140042919834,FALSE,TRUE,209.08492930777513,191.33084619257855,91.5423323205408,0.067,Amebiasis,TBATS
2019-02-01,146,Gastrointestinal IDs,2018-2019,Pseudo interruption 2018,2018-01-01,2019-12-01,14,191.57987722501855,186.70989929991075,141.25842596438108,122.07571361049756,243.6232196096376,294.21913350626755,TRUE,TRUE,102.36479364525653,172.14341989577,55.83202321900044,0.125,Amebiasis,TBATS
2019-03-01,158,Gastrointestinal IDs,2018-2019,Pseudo interruption 2018,2018-01-01,2019-12-01,15,205.0573248345587,199.8095919448537,149.57649082581005,128.97724041879414,264.19060187947275,313.67514865848165,TRUE,TRUE,114.6141110536627,184.6979082396875,59.1738476540565,0.15,Amebiasis,TBATS
2019-04-01,165,Gastrointestinal IDs,2018-2019,Pseudo interruption 2018,2018-01-01,2019-12-01,16,203.20858046487157,197.51632735223725,148.45456422062347,127.38425080501602,265.85624736289935,305.8471680522828,TRUE,TRUE,117.40168314227589,178.4629172472668,51.93584787444462,0.219,Amebiasis,TBATS
2019-05-01,172,Gastrointestinal IDs,2018-2019,Pseudo interruption 2018,2018-01-01,2019-12-01,17,214.7634642189072,209.21908340753083,152.99410492869288,131.97112381353367,286.190849243176,338.4104522399673,TRUE,TRUE,133.1967443144831,206.43932842643363,59.34431895339931,0.213,Amebiasis,TBATS
2019-06-01,178,Gastrointestinal IDs,2018-2019,Pseudo interruption 2018,2018-01-01,2019-12-01,18,232.50317326030682,227.55896827450277,163.61597405908407,139.28326993210848,303.5538646913024,374.40967082415887,TRUE,TRUE,139.93789063221834,235.12640089205038,71.44229315643916,0.167,Amebiasis,TBATS
2019-07-01,175,Gastrointestinal IDs,2018-2019,Pseudo interruption 2018,2018-01-01,2019-12-01,19,228.56589787950608,221.64808522592364,159.6233244122816,135.89706441041838,302.024736355513,356.69423891705753,TRUE,TRUE,142.40141194323144,220.79717450663915,68.9345810719215,0.166,Amebiasis,TBATS
2019-08-01,145,Gastrointestinal IDs,2018-2019,Pseudo interruption 2018,2018-01-01,2019-12-01,20,206.73880113313706,201.0688260016849,140.75352251749098,118.2137192923905,274.30923192451513,338.1559711635578,TRUE,TRUE,133.55570940702415,219.94225187116731,75.02166438131847,0.119,Amebiasis,TBATS
2019-09-01,131,Gastrointestinal IDs,2018-2019,Pseudo interruption 2018,2018-01-01,2019-12-01,21,173.80436266877078,169.2621354073221,118.08750479176128,97.88013534717673,238.80740064078122,285.80572505770783,TRUE,TRUE,120.71989584901995,187.92558971053109,57.44191525012211,0.185,Amebiasis,TBATS
2019-10-01,135,Gastrointestinal IDs,2018-2019,Pseudo interruption 2018,2018-01-01,2019-12-01,22,161.2348608654034,154.51380077073475,109.241555621071,89.65350511633454,222.5249993429617,268.36684992927115,TRUE,TRUE,113.2834437218907,178.7133448129366,40.88492540460778,0.325,Amebiasis,TBATS
2019-11-01,136,Gastrointestinal IDs,2018-2019,Pseudo interruption 2018,2018-01-01,2019-12-01,23,154.60168673816227,148.08658097301108,101.25881005688325,82.14161691883257,215.48286642634432,261.85175080505206,TRUE,TRUE,114.22405636946107,179.7101338862195,35.133519152971424,0.397,Amebiasis,TBATS
2019-12-01,108,Gastrointestinal IDs,2018-2019,Pseudo interruption 2018,2018-01-01,2019-12-01,24,137.77841391078738,131.5627091160669,90.03934101693397,72.00257777925839,190.692747881778,237.87586984665336,TRUE,TRUE,100.65340686484402,165.87329206739497,41.589644073924376,0.25,Amebiasis,TBATS
2017-01-01,238,Gastrointestinal IDs,2017-2019,Pseudo interruption 2017,2017-01-01,2019-12-01,1,261.9874732432089,259.60142382529773,222.38178728708812,206.50753336259694,310.8837356937894,337.53568714669893,TRUE,TRUE,88.50194840670127,131.028153784102,36.68257695667447,0.22,Amebiasis,TBATS
2017-02-01,207,Gastrointestinal IDs,2017-2019,Pseudo interruption 2017,2017-01-01,2019-12-01,2,237.96631292132935,233.20595937674585,195.16499155074712,170.95152355300087,287.7699144983614,321.64068835904015,TRUE,TRUE,92.60492294761428,150.6891648060393,41.809121765256535,0.2,Amebiasis,TBATS
2017-03-01,248,Gastrointestinal IDs,2017-2019,Pseudo interruption 2017,2017-01-01,2019-12-01,3,256.8200769647657,252.64120349411843,204.08900902676237,178.54136840473362,315.0904702944296,356.7340931269835,TRUE,TRUE,111.00146126766725,178.1927247222499,28.6009055870115,0.462,Amebiasis,TBATS
2017-04-01,262,Gastrointestinal IDs,2017-2019,Pseudo interruption 2017,2017-01-01,2019-12-01,4,255.6818432755829,251.54653002849102,202.52086941654153,179.47606024882612,315.31363089198777,353.38903065754346,TRUE,TRUE,112.79276147544624,173.91297040871734,33.36613662962728,0.601,Amebiasis,TBATS
2017-05-01,281,Gastrointestinal IDs,2017-2019,Pseudo interruption 2017,2017-01-01,2019-12-01,5,273.2288444722052,268.94580849118876,217.58196396529593,189.66342394838512,334.4811736686524,379.57095687049457,TRUE,TRUE,116.89920970335646,189.90753292210945,35.94352807647041,0.602,Amebiasis,TBATS
2017-06-01,286,Gastrointestinal IDs,2017-2019,Pseudo interruption 2017,2017-01-01,2019-12-01,6,298.0366152525996,293.78641702203043,236.55660646319103,210.915341156365,368.33906152457814,409.0656285241012,TRUE,TRUE,131.7824550613871,198.1502873677362,35.24033792215574,0.438,Amebiasis,TBATS
2017-07-01,263,Gastrointestinal IDs,2017-2019,Pseudo interruption 2017,2017-01-01,2019-12-01,7,295.89269905646137,293.2239884226294,231.17078949092536,201.28634431754824,366.8285215844077,404.74335438373834,TRUE,TRUE,135.65773209348237,203.4570100661901,54.02270827570832,0.281,Amebiasis,TBATS
2017-08-01,207,Gastrointestinal IDs,2017-2019,Pseudo interruption 2017,2017-01-01,2019-12-01,8,272.74660028766857,268.82806184859464,213.45048817595662,183.440669011867,342.4868209025088,390.9590917221566,FALSE,TRUE,193.54121448611838,207.5184227102896,88.72978070506625,0.08,Amebiasis,TBATS
2017-09-01,167,Gastrointestinal IDs,2017-2019,Pseudo interruption 2017,2017-01-01,2019-12-01,9,228.95479631817764,226.15568787086568,171.88962731787686,144.2027684672426,294.0857560704348,328.2838333615817,FALSE,TRUE,171.09240193132652,184.08106489433908,82.06257720147835,0.082,Amebiasis,TBATS
2017-10-01,151,Gastrointestinal IDs,2017-2019,Pseudo interruption 2017,2017-01-01,2019-12-01,10,212.57898133466307,209.68562656195292,155.729712516975,134.42334044679328,273.96197549350893,313.3387619111555,FALSE,TRUE,165.52938814628405,178.9154214643622,80.58982021154227,0.077,Amebiasis,TBATS
2017-11-01,180,Gastrointestinal IDs,2017-2019,Pseudo interruption 2017,2017-01-01,2019-12-01,11,200.33365822671306,196.35051515861898,146.21728033080532,122.07409821664149,263.4982754850282,295.583013898708,TRUE,TRUE,117.2809951542229,173.5089156820665,38.7857279788535,0.351,Amebiasis,TBATS
2017-12-01,169,Gastrointestinal IDs,2017-2019,Pseudo interruption 2017,2017-01-01,2019-12-01,12,179.10730868101138,176.12336980839189,127.805484603279,106.2330732140193,238.01323720755192,275.09358019535955,TRUE,TRUE,110.20775260427293,168.86050698134025,30.086356542650787,0.437,Amebiasis,TBATS
2018-01-01,290,Gastrointestinal IDs,2017-2019,Pseudo interruption 2017,2017-01-01,2019-12-01,13,269.47678411628226,264.12864019516144,201.0375034893227,179.2741838803119,344.9651620887595,390.7287305894929,TRUE,TRUE,143.9276585994368,211.454546709181,52.18369508814798,0.661,Amebiasis,TBATS
2018-02-01,201,Gastrointestinal IDs,2017-2019,Pseudo interruption 2017,2017-01-01,2019-12-01,14,245.36803208773236,238.88415130844632,181.54824909841227,158.1002675866732,318.03783235337556,365.56056472461404,TRUE,TRUE,136.4895832549633,207.46029713794084,60.44406625306882,0.199,Amebiasis,TBATS
2018-03-01,218,Gastrointestinal IDs,2017-2019,Pseudo interruption 2017,2017-01-01,2019-12-01,15,257.661842735096,253.14365065443548,186.59211417913406,160.53793116289705,334.8993696294557,375.8231895234236,TRUE,TRUE,148.30725545032163,215.28525836052654,60.45549173002091,0.24,Amebiasis,TBATS
2018-04-01,172,Gastrointestinal IDs,2017-2019,Pseudo interruption 2017,2017-01-01,2019-12-01,16,255.83998496384618,250.38503123822107,189.83569024678334,159.11823203158255,330.21770184680616,368.84161158167456,FALSE,TRUE,318.7389140678563,209.723379550092,122.09518642343755,0.044,Amebiasis,TBATS
2018-05-01,203,Gastrointestinal IDs,2017-2019,Pseudo interruption 2017,2017-01-01,2019-12-01,17,271.85526380963466,267.56492612979116,200.59837370670482,172.46950057313782,351.22981707984985,388.5415702989851,TRUE,TRUE,150.63144337314503,216.07206972584729,84.39585463257002,0.107,Amebiasis,TBATS
2018-06-01,203,Gastrointestinal IDs,2017-2019,Pseudo interruption 2017,2017-01-01,2019-12-01,18,298.3332621223476,293.3826125003768,226.81639428297476,194.42335128730616,379.04342152189224,418.0163934750146,FALSE,TRUE,390.39097006866507,223.59304218770842,143.7123668987962,0.041,Amebiasis,TBATS
2018-07-01,199,Gastrointestinal IDs,2017-2019,Pseudo interruption 2017,2017-01-01,2019-12-01,19,295.69480246427264,292.6484772680734,217.35166400429125,187.20694274960283,376.1606967018084,424.76088576650756,FALSE,TRUE,342.32567274042964,237.55394301690473,139.19304717360365,0.048,Amebiasis,TBATS
2018-08-01,146,Gastrointestinal IDs,2017-2019,Pseudo interruption 2017,2017-01-01,2019-12-01,20,274.1282034077878,270.60034052949163,201.94967869460936,171.4903170510367,351.5244708805564,400.8651986417299,FALSE,FALSE,709.0715791320406,1248.987563632161,263.09122763000624,0.008,Amebiasis,TBATS
2018-09-01,135,Gastrointestinal IDs,2017-2019,Pseudo interruption 2017,2017-01-01,2019-12-01,21,230.72817554154489,226.84908714342416,161.39318762835916,133.60084113276275,308.7622683572205,361.2486393131787,FALSE,TRUE,411.3009570124529,227.64779818041598,148.39333476394842,0.03,Amebiasis,TBATS
2018-10-01,157,Gastrointestinal IDs,2017-2019,Pseudo interruption 2017,2017-01-01,2019-12-01,22,215.24195345026197,210.81817561454335,146.9499078904533,115.8793088763702,288.29481039426724,343.517432950281,TRUE,TRUE,141.34490250381396,227.63812407391077,74.77524985520134,0.147,Amebiasis,TBATS
2018-11-01,140,Gastrointestinal IDs,2017-2019,Pseudo interruption 2017,2017-01-01,2019-12-01,23,201.8410285614133,197.63331800531523,133.16832795308417,104.59136647005565,276.18215773525225,323.3662796610472,TRUE,TRUE,143.01382978216807,218.77491319099155,77.73986369703874,0.131,Amebiasis,TBATS
2018-12-01,160,Gastrointestinal IDs,2017-2019,Pseudo interruption 2017,2017-01-01,2019-12-01,24,180.2780162398994,178.3479524790073,114.7276815875249,89.1141977041969,247.94610992570756,308.76688192352617,TRUE,TRUE,133.21842833818266,219.65268421932927,44.77941788608823,0.368,Amebiasis,TBATS
2019-01-01,149,Gastrointestinal IDs,2017-2019,Pseudo interruption 2017,2017-01-01,2019-12-01,25,269.50890410025113,264.9927015924776,191.3995508822384,152.8567424278837,357.0748879663136,416.5485103603791,FALSE,FALSE,589.6708459064592,417.9614650478429,203.8599552209293,0.023,Amebiasis,TBATS
2019-02-01,146,Gastrointestinal IDs,2017-2019,Pseudo interruption 2017,2017-01-01,2019-12-01,26,243.73997797564033,238.92043295125083,166.0004155643387,131.23324263251854,323.7336012109552,387.10520880971814,FALSE,TRUE,357.7373412900036,255.8719661771996,141.80919961448922,0.05,Amebiasis,TBATS
2019-03-01,158,Gastrointestinal IDs,2017-2019,Pseudo interruption 2017,2017-01-01,2019-12-01,27,255.71854994860604,252.4246450158895,178.5264503411251,146.3682009963313,338.5682956654589,398.9921455457898,FALSE,TRUE,365.3063487355848,252.6239445494585,144.09368959238353,0.045,Amebiasis,TBATS
2019-04-01,165,Gastrointestinal IDs,2017-2019,Pseudo interruption 2017,2017-01-01,2019-12-01,28,257.21935649054296,252.4829311922751,176.90496062365457,139.22113877753483,344.57665370140535,395.7556745620379,FALSE,TRUE,286.7212993142965,256.5345357845031,126.12313427548763,0.07,Amebiasis,TBATS
2019-05-01,172,Gastrointestinal IDs,2017-2019,Pseudo interruption 2017,2017-01-01,2019-12-01,29,271.88640957571624,266.90117677847263,189.97552448910878,148.06131119893686,362.15496161798205,421.3528128570467,FALSE,TRUE,351.9346820199611,273.29150165810984,143.16215061229627,0.063,Amebiasis,TBATS
2019-06-01,178,Gastrointestinal IDs,2017-2019,Pseudo interruption 2017,2017-01-01,2019-12-01,30,296.8988784996989,293.34949227257516,202.0424540268488,160.75124699922407,391.9659575815541,462.2506760357653,FALSE,TRUE,430.34804382319317,301.49942903654124,173.1952579912327,0.045,Amebiasis,TBATS
2019-07-01,175,Gastrointestinal IDs,2017-2019,Pseudo interruption 2017,2017-01-01,2019-12-01,31,292.768583936149,289.2015000789705,200.75306115678416,167.5749264504774,391.269085281525,447.52710300792324,FALSE,TRUE,448.0466356925824,279.95217655744585,174.24674883628745,0.037,Amebiasis,TBATS
2019-08-01,145,Gastrointestinal IDs,2017-2019,Pseudo interruption 2017,2017-01-01,2019-12-01,32,274.7955152926186,270.85348215029944,187.19546054380382,142.40696228512934,373.0669855689696,431.8100567370137,FALSE,TRUE,607.826130463204,289.4030944518844,209.51109037242753,0.028,Amebiasis,TBATS
2019-09-01,131,Gastrointestinal IDs,2017-2019,Pseudo interruption 2017,2017-01-01,2019-12-01,33,229.22060445751526,225.77530627793567,146.7871315185427,109.37852331855017,320.6810050795493,372.4596829094813,FALSE,TRUE,331.7651887464337,263.0811595909311,139.42592160541517,0.06,Amebiasis,TBATS
2019-10-01,135,Gastrointestinal IDs,2017-2019,Pseudo interruption 2017,2017-01-01,2019-12-01,34,214.28882510231128,208.4509693603826,135.7739255978199,100.5699494443555,300.46283372213037,357.5790858200815,FALSE,TRUE,172.42816410250944,257.00913637572603,96.62964719973664,0.096,Amebiasis,TBATS
2019-11-01,136,Gastrointestinal IDs,2017-2019,Pseudo interruption 2017,2017-01-01,2019-12-01,35,200.0144632716162,194.95044465128365,124.35849490162958,95.05616839404507,280.7155339846257,341.40282346071547,TRUE,TRUE,156.35703908299615,246.3466550666704,82.03134817697313,0.155,Amebiasis,TBATS
2019-12-01,108,Gastrointestinal IDs,2017-2019,Pseudo interruption 2017,2017-01-01,2019-12-01,36,179.66089023777644,173.5649883847097,108.40053104672681,81.04084770925002,258.2084545232453,308.9230043930443,FALSE,TRUE,153.81323394378657,227.8821566837943,86.17739440612537,0.099,Amebiasis,TBATS
2019-01-01,3733,Gastrointestinal IDs,2019,Pseudo interruption 2019,2019-01-01,2019-12-01,1,4808.742143473822,4666.4402107993055,3834.810995816863,3520.721839519365,5863.714094372317,6893.731095731983,FALSE,TRUE,3047.0130567240835,3373.0092562126183,1369.1946279638025,0.073,HFMD,Hybrid
2019-02-01,2851,Gastrointestinal IDs,2019,Pseudo interruption 2019,2019-01-01,2019-12-01,2,4650.968474852175,4412.205465832579,3727.3357930746606,3344.5024667580437,5541.873707398542,7554.106778249665,FALSE,FALSE,10577.895845070489,23949.70298181337,3899.415827149876,0.021,HFMD,Hybrid
2019-03-01,2676,Gastrointestinal IDs,2019,Pseudo interruption 2019,2019-01-01,2019-12-01,3,4163.098282585863,3977.1798802199423,3225.3718303443466,2881.840070917782,5127.379512164065,6120.3120744852085,FALSE,FALSE,7395.725985263184,11472.074840278714,2683.143055429212,0.018,HFMD,Hybrid
2019-04-01,1436,Gastrointestinal IDs,2019,Pseudo interruption 2019,2019-01-01,2019-12-01,4,2593.2495619667925,2401.637482550604,1832.862675899896,1623.675313088218,3304.3798518646527,4815.716103498782,FALSE,FALSE,5440.143934963717,10699.053313939283,2070.8951481922495,0.013,HFMD,Hybrid
2019-05-01,2254,Gastrointestinal IDs,2019,Pseudo interruption 2019,2019-01-01,2019-12-01,5,3207.063928560963,3018.210752546402,2375.4104485751395,2080.947767364935,3964.0797572361444,5698.9500826750145,FALSE,TRUE,2802.7737944124,3618.0023153100797,1204.532501755509,0.077,HFMD,Hybrid
2019-06-01,9264,Gastrointestinal IDs,2019,Pseudo interruption 2019,2019-01-01,2019-12-01,6,10773.08258733744,10394.946735077845,9417.861729276354,8696.910344373155,12297.173325717351,16168.275446205875,FALSE,TRUE,4417.928889204535,7471.36510183272,1910.4806144083109,0.091,HFMD,Hybrid
2019-07-01,15053,Gastrointestinal IDs,2019,Pseudo interruption 2019,2019-01-01,2019-12-01,7,13511.260527952683,13152.10382026944,11792.094015563967,11066.403983853394,15320.768910819887,19566.846426773536,TRUE,TRUE,3528.674895255919,8500.442442920143,2425.3226247422012,0.88,HFMD,Hybrid
2019-08-01,11616,Gastrointestinal IDs,2019,Pseudo interruption 2019,2019-01-01,2019-12-01,8,9275.034714625779,8973.088061409013,7984.112588793402,7304.589351278516,10689.459104315461,13274.799384249589,FALSE,TRUE,11970.755472367444,5970.210032971073,4268.458827770424,0.938,HFMD,Hybrid
2019-09-01,9170,Gastrointestinal IDs,2019,Pseudo interruption 2019,2019-01-01,2019-12-01,9,7143.527653916604,6859.794816520759,5880.613715664958,5411.718510234468,8442.578719368876,11695.431707961083,FALSE,TRUE,9836.17781001516,6283.7131977266145,3673.301124294883,0.93,HFMD,Hybrid
2019-10-01,4476,Gastrointestinal IDs,2019,Pseudo interruption 2019,2019-01-01,2019-12-01,10,5061.39882880087,4803.309549352077,3996.0981995759776,3590.861699001501,6219.157123341868,8931.163825698828,TRUE,TRUE,2223.0589237658905,5340.3021266973265,831.149152352097,0.322,HFMD,Hybrid
2019-11-01,2804,Gastrointestinal IDs,2019,Pseudo interruption 2019,2019-01-01,2019-12-01,11,4142.112412878712,3927.129171891784,3290.4800414444953,2870.201818519283,5093.265938048931,7651.2758157571625,FALSE,FALSE,6667.586311049389,7429.146738009193,2262.4830168016974,0.019,HFMD,Hybrid
2019-12-01,2022,Gastrointestinal IDs,2019,Pseudo interruption 2019,2019-01-01,2019-12-01,12,3939.346961989269,3695.55394236517,3051.9250388440696,2706.497068707184,4856.995022125218,7385.390615549115,FALSE,FALSE,12104.320371721846,32058.776295129297,4557.885465172803,0.009,HFMD,Hybrid
2018-01-01,3333,Gastrointestinal IDs,2018-2019,Pseudo interruption 2018,2018-01-01,2019-12-01,1,4440.6588025930905,4235.032525342987,3478.0806168365903,3048.4559839553167,5554.589636541229,7415.064960845529,FALSE,TRUE,3527.3151880705414,4366.608976890212,1460.660809441285,0.047,HFMD,Hybrid
2018-02-01,3422,Gastrointestinal IDs,2018-2019,Pseudo interruption 2018,2018-01-01,2019-12-01,2,4601.590412707639,4465.863799227887,3679.9620868644106,3222.0925480059086,5497.998715869613,7690.913452147772,FALSE,TRUE,4397.657497649308,4468.820904141863,1717.469075171874,0.043,HFMD,Hybrid
2018-03-01,3311,Gastrointestinal IDs,2018-2019,Pseudo interruption 2018,2018-01-01,2019-12-01,3,3995.01237516878,3768.782346435724,3135.8633912055766,2558.041773946688,5152.478979033109,6880.839611659708,TRUE,TRUE,2016.6155878275322,4322.79783771302,861.796284709505,0.195,HFMD,Hybrid
2018-04-01,1735,Gastrointestinal IDs,2018-2019,Pseudo interruption 2018,2018-01-01,2019-12-01,4,2115.165929138672,1941.4118482506808,1445.9344412086493,1056.4024520184742,2884.337459661261,4208.9063216686955,TRUE,TRUE,1438.4030184526118,3152.5038696502215,521.3741163389715,0.304,HFMD,Hybrid
2018-05-01,2634,Gastrointestinal IDs,2018-2019,Pseudo interruption 2018,2018-01-01,2019-12-01,5,2463.6251658051574,2311.700060509354,1763.0764703543766,1453.6085959934971,3347.0980518402453,4764.335530221117,TRUE,TRUE,1584.0215814858686,3310.7269342276195,643.7124819993605,0.708,HFMD,Hybrid
2018-06-01,10225,Gastrointestinal IDs,2018-2019,Pseudo interruption 2018,2018-01-01,2019-12-01,6,9501.472612535312,9253.594725005669,8131.057566815597,7446.778063613085,11161.415058695531,13742.697177966747,TRUE,TRUE,3030.357491879934,6295.919114353663,1513.8181832704008,0.791,HFMD,Hybrid
2018-07-01,14627,Gastrointestinal IDs,2018-2019,Pseudo interruption 2018,2018-01-01,2019-12-01,7,12081.753279171211,11829.17731061993,10521.811635783577,9459.316361295907,14223.148327999192,16537.40474581124,FALSE,TRUE,7739.853412223698,7078.088384515333,3759.7582328404606,0.952,HFMD,Hybrid
2018-08-01,9704,Gastrointestinal IDs,2018-2019,Pseudo interruption 2018,2018-01-01,2019-12-01,8,8040.095929111216,7740.077791778615,6685.452232565828,6055.752247452778,9671.68919552427,11819.312378384195,FALSE,TRUE,3309.345007715742,5763.560130931417,2331.175373048883,0.905,HFMD,Hybrid
2018-09-01,8256,Gastrointestinal IDs,2018-2019,Pseudo interruption 2018,2018-01-01,2019-12-01,9,5643.367749507757,5503.126177439192,4622.8529922584175,3608.076315823768,6654.924496259877,9049.16187780147,FALSE,TRUE,18042.82654140269,5441.085561977703,5306.794727152185,0.967,HFMD,Hybrid
2018-10-01,5235,Gastrointestinal IDs,2018-2019,Pseudo interruption 2018,2018-01-01,2019-12-01,10,3549.7568901768086,3386.767014201001,2712.6479579279858,2187.079482354804,4619.907906177684,6263.133367435371,FALSE,TRUE,8058.18088647286,4076.053885080567,2930.9374858780793,0.962,HFMD,Hybrid
2018-11-01,3710,Gastrointestinal IDs,2018-2019,Pseudo interruption 2018,2018-01-01,2019-12-01,11,2964.019508743778,2813.202034125996,2204.160630396876,1853.253081070271,3945.5477200799596,5317.631307525844,TRUE,TRUE,1741.3870896830836,3464.378226455573,1134.6354361067197,0.876,HFMD,Hybrid
2018-12-01,3582,Gastrointestinal IDs,2018-2019,Pseudo interruption 2018,2018-01-01,2019-12-01,12,3000.528115204419,2873.3310383150333,2240.950465362862,1898.8894332927102,3836.794716519052,5546.405795998942,TRUE,TRUE,1595.8442511561902,3647.516362706232,968.1709040412131,0.874,HFMD,Hybrid
2019-01-01,3733,Gastrointestinal IDs,2018-2019,Pseudo interruption 2018,2018-01-01,2019-12-01,13,5096.095918935402,4944.648163580374,4120.128756828591,3463.5370725160706,6408.8840147944275,8129.547162858993,FALSE,TRUE,6160.0428262517435,4666.010090342923,2141.565786678295,0.032,HFMD,Hybrid
2019-02-01,2851,Gastrointestinal IDs,2018-2019,Pseudo interruption 2018,2018-01-01,2019-12-01,14,5554.515327382641,5356.259485698682,4478.5123117765725,3804.8499847940266,6870.279448789512,8846.757828249833,FALSE,FALSE,18666.890254778664,43195.907235216866,6718.746318732206,0,HFMD,Hybrid
2019-03-01,2676,Gastrointestinal IDs,2018-2019,Pseudo interruption 2018,2018-01-01,2019-12-01,15,4992.308049517801,4818.4356394329625,4000.628898177193,3353.793718160218,6194.325114491385,8151.505277319853,FALSE,FALSE,15439.985198086124,31909.460285568348,5460.724554662884,0.012,HFMD,Hybrid
2019-04-01,1436,Gastrointestinal IDs,2018-2019,Pseudo interruption 2018,2018-01-01,2019-12-01,16,2621.8997210293287,2474.263033318829,1897.862969628631,1461.2188351468276,3531.8743879750236,4984.307930648652,FALSE,FALSE,6252.641114632702,4531.842501374927,2012.3067050512927,0.017,HFMD,Hybrid
2019-05-01,2254,Gastrointestinal IDs,2018-2019,Pseudo interruption 2018,2018-01-01,2019-12-01,17,2669.399330699696,2525.6837859081384,1942.168641173782,1501.8087260025789,3594.8250369028924,5059.038180632382,TRUE,TRUE,1652.6563957291105,3557.2294546298035,624.0612302283605,0.291,HFMD,Hybrid
2019-06-01,9264,Gastrointestinal IDs,2018-2019,Pseudo interruption 2018,2018-01-01,2019-12-01,18,8993.931559849865,8773.873759200806,7666.072225032344,6752.42849965478,10700.43901456359,13136.13577389314,TRUE,TRUE,3034.3667895312456,6383.70727423836,1132.9479699338892,0.645,HFMD,Hybrid
2019-07-01,15053,Gastrointestinal IDs,2018-2019,Pseudo interruption 2018,2018-01-01,2019-12-01,19,11618.384369000365,11357.361233234398,10145.572893930737,9117.769612932641,13616.718443409773,16084.793327833739,FALSE,TRUE,17833.96111538131,6967.023714901097,6088.625740469534,0.968,HFMD,Hybrid
2019-08-01,11616,Gastrointestinal IDs,2018-2019,Pseudo interruption 2018,2018-01-01,2019-12-01,20,8088.780951035344,7869.955029286365,6838.700723113487,5972.670156170822,9618.732919231315,12024.61186059351,FALSE,TRUE,22752.703003804672,6051.9417044226875,6879.346125356564,0.96,HFMD,Hybrid
2019-09-01,9170,Gastrointestinal IDs,2018-2019,Pseudo interruption 2018,2018-01-01,2019-12-01,21,6347.0395025190455,6164.863573189261,5234.843379926673,4490.828027620863,7717.090829317667,9877.851230890274,FALSE,TRUE,17011.339156214322,5387.02320326941,5341.40433457366,0.962,HFMD,Hybrid
2019-10-01,4476,Gastrointestinal IDs,2018-2019,Pseudo interruption 2018,2018-01-01,2019-12-01,22,3776.8059220950277,3581.553946323461,2870.956002070936,2337.053469199449,4948.405739926479,6515.20501632732,TRUE,TRUE,2077.4497378555434,4178.151547127871,1215.074862883233,0.856,HFMD,Hybrid
2019-11-01,2804,Gastrointestinal IDs,2018-2019,Pseudo interruption 2018,2018-01-01,2019-12-01,23,2919.7298975189115,2784.0919560287643,2178.5442854389207,1826.4753287270732,3855.771631936297,5266.937445822975,TRUE,TRUE,1677.2273464973764,3440.4621170959017,421.90129530040485,0.553,HFMD,Hybrid
2019-12-01,2022,Gastrointestinal IDs,2018-2019,Pseudo interruption 2018,2018-01-01,2019-12-01,24,3042.9890436308547,2886.9223549921567,2268.446840118474,1576.4007931952506,4146.306172795032,5589.615612049152,FALSE,TRUE,4342.327733861298,4013.2148188539018,1547.238914165689,0.063,HFMD,Hybrid
2017-01-01,6040,Gastrointestinal IDs,2017-2019,Pseudo interruption 2017,2017-01-01,2019-12-01,1,4487.991919998551,4368.808810257609,3380.4528454846723,2701.3277249116036,5593.512303944979,7629.369427927783,FALSE,TRUE,6677.936419010516,4928.04170301618,2602.544446956242,0.94,HFMD,Hybrid
2017-02-01,5165,Gastrointestinal IDs,2017-2019,Pseudo interruption 2017,2017-01-01,2019-12-01,2,4367.401738104191,4227.069563297514,3555.6841818528055,2926.332077674405,5413.591161716431,7418.994387665717,TRUE,TRUE,1857.9069798636256,4492.662309991312,1227.3159585398214,0.877,HFMD,Hybrid
2017-03-01,4522,Gastrointestinal IDs,2017-2019,Pseudo interruption 2017,2017-01-01,2019-12-01,3,3692.518344401619,3567.740877093339,2727.1665911287123,2221.446493410422,4672.222997713462,6575.869664857425,TRUE,TRUE,1945.0564065847498,4354.4231714470025,1248.793250236769,0.897,HFMD,Hybrid
2017-04-01,2291,Gastrointestinal IDs,2017-2019,Pseudo interruption 2017,2017-01-01,2019-12-01,4,1856.0166332237834,1759.2267635969613,1189.0622680313352,890.4100841919941,2614.3697276943203,3674.882158881971,TRUE,TRUE,1425.3074596629851,2784.472074689977,764.8466656561077,0.835,HFMD,Hybrid
2017-05-01,3035,Gastrointestinal IDs,2017-2019,Pseudo interruption 2017,2017-01-01,2019-12-01,5,2511.96543534444,2406.977214826755,1897.8220680767038,1486.9148708544733,3163.9476099096178,4571.155478510321,TRUE,TRUE,1266.125541832914,3084.2406076558473,828.3679391380963,0.864,HFMD,Hybrid
2017-06-01,12944,Gastrointestinal IDs,2017-2019,Pseudo interruption 2017,2017-01-01,2019-12-01,6,8222.894296076138,8075.4884863608395,6806.161048128042,5992.215798183359,9728.04289158827,12378.130237498017,FALSE,FALSE,35081.452927577535,29020.70493939398,10668.669876899494,0.982,HFMD,Hybrid
2017-07-01,14397,Gastrointestinal IDs,2017-2019,Pseudo interruption 2017,2017-01-01,2019-12-01,7,9015.383020425554,8889.628496883664,7832.176664242816,6672.681165255506,10238.316141357267,13348.13355411927,FALSE,FALSE,43992.978063541785,48630.11022409299,13389.978101623474,0.991,HFMD,Hybrid
2017-08-01,7928,Gastrointestinal IDs,2017-2019,Pseudo interruption 2017,2017-01-01,2019-12-01,8,5991.99090723904,5821.831047193704,4772.173815616001,4329.70650557301,7273.0251317908005,9572.373475134122,FALSE,TRUE,9050.5999982667945,5242.666969561112,3342.7378407501683,0.961,HFMD,Hybrid
2017-09-01,6047,Gastrointestinal IDs,2017-2019,Pseudo interruption 2017,2017-01-01,2019-12-01,9,5570.716231281731,5424.3476931934965,4407.048276646602,3982.2591442573066,6562.973442564599,9060.708485552816,TRUE,TRUE,2155.925165917997,5078.449341295509,1046.2078456439026,0.799,HFMD,Hybrid
2017-10-01,3244,Gastrointestinal IDs,2017-2019,Pseudo interruption 2017,2017-01-01,2019-12-01,10,4223.853092050087,4052.244070992019,3406.700438436187,2657.798594326706,5296.241288231427,6791.896485039864,FALSE,TRUE,3516.545234157111,4134.097890713158,1374.6064098872791,0.094,HFMD,Hybrid
2017-11-01,2583,Gastrointestinal IDs,2017-2019,Pseudo interruption 2017,2017-01-01,2019-12-01,11,3657.488261623904,3563.2847804279636,2709.5499581247354,2064.699044424529,4663.249485448426,6530.405198414611,FALSE,TRUE,3219.1991085710447,4465.706153990082,1477.9279278733413,0.065,HFMD,Hybrid
2017-12-01,2537,Gastrointestinal IDs,2017-2019,Pseudo interruption 2017,2017-01-01,2019-12-01,12,3611.4952832169456,3504.8253048196275,2809.1603662741886,2133.3690442957272,4553.493157441856,6405.76931471432,FALSE,TRUE,4465.936453909553,4272.400270418593,1659.7060872979741,0.072,HFMD,Hybrid
2018-01-01,3333,Gastrointestinal IDs,2017-2019,Pseudo interruption 2017,2017-01-01,2019-12-01,13,4540.11837783944,4392.598098156367,3512.143257592632,2934.744389361448,5427.470014577416,7747.682906423786,FALSE,TRUE,3706.7593329111032,4812.938517062338,1633.277512473364,0.057,HFMD,Hybrid
2018-02-01,3422,Gastrointestinal IDs,2017-2019,Pseudo interruption 2017,2017-01-01,2019-12-01,14,4334.33329380573,4171.482536473761,3314.7280608699284,2754.5301564888146,5442.719008041401,7453.086446354532,TRUE,TRUE,2127.9909471714727,4698.556289865717,1128.006832321073,0.104,HFMD,Hybrid
2018-03-01,3311,Gastrointestinal IDs,2017-2019,Pseudo interruption 2017,2017-01-01,2019-12-01,15,3711.8919410586636,3542.398646509084,2899.9598104146003,2086.9979759505345,4692.135154180771,6570.016118380325,TRUE,TRUE,1792.1753437661705,4483.01814242979,651.187697907046,0.376,HFMD,Hybrid
2018-04-01,1735,Gastrointestinal IDs,2017-2019,Pseudo interruption 2017,2017-01-01,2019-12-01,16,2015.1175718396846,1932.2378192169597,1465.9468685637532,1072.805547428076,2728.520084312943,4197.965969327394,TRUE,TRUE,1262.5732157491896,3125.1604218993184,484.80838676941084,0.38,HFMD,Hybrid
2018-05-01,2634,Gastrointestinal IDs,2017-2019,Pseudo interruption 2017,2017-01-01,2019-12-01,17,2754.339924878141,2645.450499099452,1885.7652414943607,1608.0690277246042,3559.3215981667217,5210.3831023764305,TRUE,TRUE,1673.556356672361,3602.3140746518266,421.0219793332124,0.484,HFMD,Hybrid
2018-06-01,10225,Gastrointestinal IDs,2017-2019,Pseudo interruption 2017,2017-01-01,2019-12-01,18,9107.085317450885,8963.335900975295,7629.620296382308,6590.246715725688,10800.63284951938,11504.541116849672,TRUE,TRUE,3171.0125531370713,4914.294401123984,1713.265063766655,0.862,HFMD,Hybrid
2018-07-01,14627,Gastrointestinal IDs,2017-2019,Pseudo interruption 2017,2017-01-01,2019-12-01,19,10990.502859602077,10768.174511648955,9294.033863714452,8338.522838739209,12680.264453459067,15665.815260354892,FALSE,TRUE,22853.586055153944,7327.2924216156825,7036.725856370094,0.952,HFMD,Hybrid
2018-08-01,9704,Gastrointestinal IDs,2017-2019,Pseudo interruption 2017,2017-01-01,2019-12-01,20,7237.415090478094,7075.44580455249,5800.401327855256,5114.727586094384,8613.416078950662,11101.775987808049,FALSE,TRUE,13718.853961588784,5987.048401713665,4537.34192628076,0.96,HFMD,Hybrid
2018-09-01,8256,Gastrointestinal IDs,2017-2019,Pseudo interruption 2017,2017-01-01,2019-12-01,21,6086.997269706341,5925.277426124598,4807.467796710092,3933.9900061897756,7317.155051194196,9644.195125513133,FALSE,TRUE,11898.136742542145,5710.205119323358,3996.68814268,0.948,HFMD,Hybrid
2018-10-01,5235,Gastrointestinal IDs,2017-2019,Pseudo interruption 2017,2017-01-01,2019-12-01,22,4549.301289054392,4384.8027868973995,3631.5707014113277,3072.389352507359,5611.607826087325,8432.31826258164,TRUE,TRUE,1980.037124675997,5359.928910074282,1211.3608668332113,0.869,HFMD,Hybrid
2018-11-01,3710,Gastrointestinal IDs,2017-2019,Pseudo interruption 2017,2017-01-01,2019-12-01,23,3999.858779423053,3882.351251735378,3194.8807206601064,2649.7112191852752,5041.190126395503,6981.908137744321,TRUE,TRUE,1846.309405735397,4332.196918559046,606.5783830483276,0.447,HFMD,Hybrid
2018-12-01,3582,Gastrointestinal IDs,2017-2019,Pseudo interruption 2017,2017-01-01,2019-12-01,24,3782.955680788372,3685.2781977105833,2816.0612878824145,2301.7461858328943,4789.3224561589805,6695.192996575515,TRUE,TRUE,1973.261168276566,4393.446810742621,574.0822175224221,0.465,HFMD,Hybrid
2019-01-01,3733,Gastrointestinal IDs,2017-2019,Pseudo interruption 2017,2017-01-01,2019-12-01,25,4570.799175194068,4416.693074334846,3444.199442052194,2964.843580047546,5731.913679235961,7803.179490733794,TRUE,TRUE,2287.714237183767,4838.335910686248,1106.5221738447294,0.126,HFMD,Hybrid
2019-02-01,2851,Gastrointestinal IDs,2017-2019,Pseudo interruption 2017,2017-01-01,2019-12-01,26,4338.953284035288,4211.136138962715,3226.9596133075192,2721.009041634187,5395.5576685753695,7397.880779255861,FALSE,TRUE,5928.194188343043,4676.871737621674,2223.6948508099263,0.031,HFMD,Hybrid
2019-03-01,2676,Gastrointestinal IDs,2017-2019,Pseudo interruption 2017,2017-01-01,2019-12-01,27,3780.982476195634,3646.7749156472237,2782.4163709156715,2267.7638720679756,4758.691066041155,6643.260599991554,FALSE,TRUE,3040.438404282198,4375.496727923579,1438.1099463198739,0.064,HFMD,Hybrid
2019-04-01,1436,Gastrointestinal IDs,2017-2019,Pseudo interruption 2017,2017-01-01,2019-12-01,28,2079.645806686388,1968.2903050231735,1348.76233452275,1118.5735714777152,2801.226092418509,4302.786731059963,TRUE,TRUE,1452.4637578957588,3184.213159582248,785.5949716651501,0.107,HFMD,Hybrid
2019-05-01,2254,Gastrointestinal IDs,2017-2019,Pseudo interruption 2017,2017-01-01,2019-12-01,29,2722.1517408543255,2561.725992650461,1862.193585365672,1367.9477672392334,3576.19149176091,5235.642665324632,TRUE,TRUE,1713.997906395238,3867.6948980853986,675.128255067023,0.3,HFMD,Hybrid
2019-06-01,9264,Gastrointestinal IDs,2017-2019,Pseudo interruption 2017,2017-01-01,2019-12-01,30,8676.473145962642,8455.707295636386,7533.855370491444,6397.54897267061,9896.820219653671,12957.797438699694,TRUE,TRUE,2362.9648491622274,6560.248466029084,1287.1184779980108,0.784,HFMD,Hybrid
2019-07-01,15053,Gastrointestinal IDs,2017-2019,Pseudo interruption 2017,2017-01-01,2019-12-01,31,10226.575497395968,9832.05307722077,8557.111262603068,7719.663069727478,11921.65290200581,14813.142790001926,FALSE,FALSE,34678.01261934465,16687.7681201974,10392.750282126424,0.978,HFMD,Hybrid
2019-08-01,11616,Gastrointestinal IDs,2017-2019,Pseudo interruption 2017,2017-01-01,2019-12-01,32,7047.3567576779005,6946.212920645483,5731.099462623998,4986.332521822035,8446.554033737952,10912.22802601123,FALSE,FALSE,34409.91423373444,34076.774463740025,10604.486919430727,0.986,HFMD,Hybrid
2019-09-01,9170,Gastrointestinal IDs,2017-2019,Pseudo interruption 2017,2017-01-01,2019-12-01,33,6122.380116660721,5987.8144753513025,5125.948404726563,4196.788398778997,7396.698659363592,9727.929407234435,FALSE,TRUE,20003.76366100111,5531.141008455437,5967.5962458173535,0.97,HFMD,Hybrid
2019-10-01,4476,Gastrointestinal IDs,2017-2019,Pseudo interruption 2017,2017-01-01,2019-12-01,34,4569.479298815799,4374.807974124032,3471.8408688928594,2897.913512289125,5643.531203100493,8471.440635247553,TRUE,TRUE,2171.690334207634,5573.527122958428,651.3651590923332,0.534,HFMD,Hybrid
2019-11-01,2804,Gastrointestinal IDs,2017-2019,Pseudo interruption 2017,2017-01-01,2019-12-01,35,4124.921504915213,3941.757761075482,3110.3017465692833,2568.4646528988474,5169.819935700811,7901.108462808021,FALSE,TRUE,5122.53565482436,5332.643809909174,1943.1176660286503,0.039,HFMD,Hybrid
2019-12-01,2022,Gastrointestinal IDs,2017-2019,Pseudo interruption 2017,2017-01-01,2019-12-01,36,4036.3001466909877,3929.4992011132754,3027.0574282292823,2537.7069725778997,5126.144185044932,6586.4139862553175,FALSE,FALSE,12149.661039108472,24676.985916793405,4457.024563819712,0.009,HFMD,Hybrid
2019-01-01,12,Vector-borne and zoonotic IDs,2019,Pseudo interruption 2019,2019-01-01,2019-12-01,1,15.438256162308338,15.169011317177002,14.343325981750398,13.79519165557156,16.838056301880986,17.664037764731322,FALSE,FALSE,25.927990137634573,75.67651233202218,9.710747969044021,0,S. suis,ETS
2019-02-01,20,Vector-borne and zoonotic IDs,2019,Pseudo interruption 2019,2019-01-01,2019-12-01,2,15.650449762929968,15.385520807445968,14.48405744719472,14.005560502538895,17.186667957632373,17.904519880705628,FALSE,FALSE,30.835930934113918,87.71816414994161,12.134058869499118,1,S. suis,ETS
2019-03-01,38,Vector-borne and zoonotic IDs,2019,Pseudo interruption 2019,2019-01-01,2019-12-01,3,30.865498689559068,30.462797691859056,29.17765199965479,28.198900616550635,32.96507738333024,33.95293520205225,FALSE,FALSE,54.13665155037306,167.63662650341152,21.397091154708907,1,S. suis,ETS
2019-04-01,44,Vector-borne and zoonotic IDs,2019,Pseudo interruption 2019,2019-01-01,2019-12-01,4,43.554613159394215,43.10343459237108,41.520243906285735,40.73534280704892,46.055262389694484,47.38648688000182,TRUE,TRUE,4.535018483408749,6.651144072952896,1.7089010463666514,0.648,S. suis,ETS
2019-05-01,83,Vector-borne and zoonotic IDs,2019,Pseudo interruption 2019,2019-01-01,2019-12-01,5,47.687816203638,47.298119741652634,45.69335080142646,44.466427749454965,50.29199199184422,51.62373972385199,FALSE,FALSE,331.6787212719756,1262.2077230203174,132.1184085310067,1,S. suis,ETS
2019-06-01,42,Vector-borne and zoonotic IDs,2019,Pseudo interruption 2019,2019-01-01,2019-12-01,6,41.03854506840344,40.601493679263754,39.115680495738225,37.98112071472552,43.482695709842204,44.77647469334758,TRUE,TRUE,4.367015214103979,6.79535397862206,2.0893416499905157,0.714,S. suis,ETS
2019-07-01,34,Vector-borne and zoonotic IDs,2019,Pseudo interruption 2019,2019-01-01,2019-12-01,7,36.17479883731262,35.771522157525844,34.37433936016647,33.314624555507606,38.390925155822025,39.69658169828064,FALSE,TRUE,7.759979397320286,6.381957142773032,2.9140927153028424,0.073,S. suis,ETS
2019-08-01,25,Vector-borne and zoonotic IDs,2019,Pseudo interruption 2019,2019-01-01,2019-12-01,8,26.86418394418569,26.540230485502818,25.297805376761975,24.6043665348699,28.767766744324742,29.821873702312327,FALSE,TRUE,6.448015135182516,5.217507167442427,2.4725670967291538,0.052,S. suis,ETS
2019-09-01,27,Vector-borne and zoonotic IDs,2019,Pseudo interruption 2019,2019-01-01,2019-12-01,9,26.986765016272113,26.628326979318224,25.451974202789327,24.816365605410933,28.845867543415306,30.05522483734207,TRUE,TRUE,3.3938933406259792,5.238859231931137,1.0499157203228229,0.575,S. suis,ETS
2019-10-01,22,Vector-borne and zoonotic IDs,2019,Pseudo interruption 2019,2019-01-01,2019-12-01,10,22.546018607634952,22.23006758463785,21.136330950601373,20.307149013162302,24.379932568129217,25.351079137167773,TRUE,TRUE,3.243601617527844,5.04393012400547,0.9047875314749547,0.354,S. suis,ETS
2019-11-01,19,Vector-borne and zoonotic IDs,2019,Pseudo interruption 2019,2019-01-01,2019-12-01,11,17.956717297441514,17.640983055917967,16.657100821292655,15.919626568751987,19.547002239208275,20.41757218302073,TRUE,TRUE,2.8899014179156204,4.497945614268744,1.7295156067028752,0.793,S. suis,ETS
2019-12-01,11,Vector-borne and zoonotic IDs,2019,Pseudo interruption 2019,2019-01-01,2019-12-01,12,14.38329613747237,14.143439280832302,13.279690141223089,12.622106637392283,15.80960915555609,16.560109501462065,FALSE,FALSE,25.32682042656389,68.82226835976113,9.319933427306509,0,S. suis,ETS
2018-01-01,15,Vector-borne and zoonotic IDs,2018-2019,Pseudo interruption 2018,2018-01-01,2019-12-01,1,13.776449108850468,13.555380226600251,12.785806561351558,11.80009582931684,15.124122814664103,15.64353826992147,TRUE,TRUE,2.338316253312545,3.8434424406046297,1.6835641168739914,0.882,S. suis,ETS
2018-02-01,23,Vector-borne and zoonotic IDs,2018-2019,Pseudo interruption 2018,2018-01-01,2019-12-01,2,12.658975792423622,12.395800029897964,11.716347826933916,10.843058871740176,13.8477433889562,14.353197791164794,FALSE,FALSE,93.65396167246027,349.38222727283284,37.44328293458858,1,S. suis,ETS
2018-03-01,25,Vector-borne and zoonotic IDs,2018-2019,Pseudo interruption 2018,2018-01-01,2019-12-01,3,29.84845157265229,29.486072114065603,28.427732678587837,26.94823050510987,31.75449371211764,32.61818307703837,FALSE,FALSE,37.60408781940818,83.59917277632326,12.949478653410722,0,S. suis,ETS
2018-04-01,43,Vector-borne and zoonotic IDs,2018-2019,Pseudo interruption 2018,2018-01-01,2019-12-01,4,39.17120351585867,38.78840392779319,37.388970289811084,35.81564086617553,41.45382876082713,42.426002828183705,FALSE,FALSE,19.526570862744755,29.57024883465997,7.676338149191008,1,S. suis,ETS
2018-05-01,46,Vector-borne and zoonotic IDs,2018-2019,Pseudo interruption 2018,2018-01-01,2019-12-01,5,43.34191561717669,42.89335015593524,41.47871561987029,39.82066962544325,45.75453485812483,46.65472800212195,FALSE,TRUE,6.730470657006258,6.834058376678698,3.835557515439959,0.932,S. suis,ETS
2018-06-01,32,Vector-borne and zoonotic IDs,2018-2019,Pseudo interruption 2018,2018-01-01,2019-12-01,6,38.446047215297455,38.1085221867692,36.721520542004,35.16244911992455,40.61048859658007,41.600666877248585,FALSE,FALSE,51.104173474616076,132.93618255430613,18.38093280752618,0,S. suis,ETS
2018-07-01,39,Vector-borne and zoonotic IDs,2018-2019,Pseudo interruption 2018,2018-01-01,2019-12-01,7,33.44626257577421,33.0924959604706,31.826119915293066,30.375852507125995,35.584529990693056,36.378917606208766,FALSE,FALSE,37.91311016846943,110.84636085073213,15.225955292607916,1,S. suis,ETS
2018-08-01,19,Vector-borne and zoonotic IDs,2018-2019,Pseudo interruption 2018,2018-01-01,2019-12-01,8,26.613143767931057,26.265593023908185,25.11628757857082,23.829825119687523,28.466791414901945,29.17776586672832,FALSE,FALSE,64.51337962203932,198.54094553454172,24.07625298003451,0,S. suis,ETS
2018-09-01,20,Vector-borne and zoonotic IDs,2018-2019,Pseudo interruption 2018,2018-01-01,2019-12-01,9,26.17771997214687,25.85124621383028,24.755677303300917,23.478605333716068,28.082796991659134,28.788989595168967,FALSE,FALSE,50.88389272136739,144.45459761009562,18.600603710886833,0,S. suis,ETS
2018-10-01,18,Vector-borne and zoonotic IDs,2018-2019,Pseudo interruption 2018,2018-01-01,2019-12-01,10,22.38364535355516,22.081718099904297,21.070069395021104,19.893200693829527,24.0504288050939,24.802830267675866,FALSE,FALSE,33.68105336028384,80.63765732702743,11.879849310649949,0,S. suis,ETS
2018-11-01,18,Vector-borne and zoonotic IDs,2018-2019,Pseudo interruption 2018,2018-01-01,2019-12-01,11,16.498332337592554,16.207938181971695,15.458230569330802,14.452622980950064,17.893205819641466,18.67730789316825,FALSE,TRUE,3.502917053896006,4.224684912218187,2.1631035795347326,0.906,S. suis,ETS
2018-12-01,19,Vector-borne and zoonotic IDs,2018-2019,Pseudo interruption 2018,2018-01-01,2019-12-01,12,12.20766673453642,11.913214491873338,11.318268230750947,10.392019490511622,13.451363976343103,14.015514962968034,FALSE,FALSE,57.61945598216113,203.00289695373505,23.008657241796513,1,S. suis,ETS
2019-01-01,12,Vector-borne and zoonotic IDs,2018-2019,Pseudo interruption 2018,2018-01-01,2019-12-01,13,13.700688951313804,13.417686582190695,12.78582340159816,11.800112007403408,15.038664408595844,15.451271380809727,FALSE,TRUE,10.111075022979282,3.651159373406319,2.8979676443654947,0.032,S. suis,ETS
2019-02-01,20,Vector-borne and zoonotic IDs,2018-2019,Pseudo interruption 2018,2018-01-01,2019-12-01,14,12.71135806962864,12.473764583123426,11.788785978540691,10.84307378252029,13.95564028737334,14.538563615735162,FALSE,FALSE,62.61045143509924,222.15294520380837,24.924778371269475,1,S. suis,ETS
2019-03-01,38,Vector-borne and zoonotic IDs,2018-2019,Pseudo interruption 2018,2018-01-01,2019-12-01,15,29.817097260946248,29.486109848918908,28.315244626750587,26.948266579528223,31.866247965504623,32.61822276548309,FALSE,FALSE,64.8885236837078,220.9410455666313,26.030917732923378,1,S. suis,ETS
2019-04-01,44,Vector-borne and zoonotic IDs,2018-2019,Pseudo interruption 2018,2018-01-01,2019-12-01,16,39.109961360404554,38.73270427108216,37.38901896931032,35.8156885104498,41.45388001823823,42.310934106510004,FALSE,FALSE,29.526060866545606,74.05788133566004,11.900321575207968,1,S. suis,ETS
2019-05-01,83,Vector-borne and zoonotic IDs,2018-2019,Pseudo interruption 2018,2018-01-01,2019-12-01,17,43.32081655118916,42.952071158289684,41.614938288516385,39.820722484606236,45.6058297519324,46.65478521763839,FALSE,FALSE,377.93259394409205,1460.6426540274965,150.93326426552284,1,S. suis,ETS
2019-06-01,42,Vector-borne and zoonotic IDs,2018-2019,Pseudo interruption 2018,2018-01-01,2019-12-01,18,38.49336219873608,38.10857090082459,36.8496973450399,35.16249591312994,40.75092418576069,41.600717774387746,FALSE,FALSE,16.391984983113908,22.409510885747956,6.632241312068473,1,S. suis,ETS
2019-07-01,34,Vector-borne and zoonotic IDs,2018-2019,Pseudo interruption 2018,2018-01-01,2019-12-01,19,33.47584937722235,33.11829431205687,31.945452221587196,30.375893058229206,35.58457388104286,36.37896198375757,TRUE,TRUE,3.639121659455661,6.003068925528364,1.527746772888546,0.648,S. suis,ETS
2019-08-01,25,Vector-borne and zoonotic IDs,2018-2019,Pseudo interruption 2018,2018-01-01,2019-12-01,20,26.50013567597216,26.106687800611606,25.222305295874357,23.829857115290434,28.349512662202905,29.17780127101707,FALSE,TRUE,5.350260325072114,5.347944155726637,1.9553096587298888,0.08,S. suis,ETS
2019-09-01,27,Vector-borne and zoonotic IDs,2018-2019,Pseudo interruption 2018,2018-01-01,2019-12-01,21,26.141423207602077,25.851279304726894,24.75570968541528,23.478636869522944,27.966312498862226,28.78902451571266,TRUE,TRUE,3.210602813446947,5.310387646189717,1.6450885122175847,0.711,S. suis,ETS
2019-10-01,22,Vector-borne and zoonotic IDs,2018-2019,Pseudo interruption 2018,2018-01-01,2019-12-01,22,22.371933530920515,22.081746374106142,21.167179546959765,20.420487199895856,24.147692989009265,24.80286023338338,TRUE,TRUE,2.9805134420494994,4.382373033487525,0.7175741713523348,0.485,S. suis,ETS
2019-11-01,19,Vector-borne and zoonotic IDs,2018-2019,Pseudo interruption 2018,2018-01-01,2019-12-01,23,16.655427365413242,16.388729519148136,15.634753468800257,14.902564686919005,18.10937308809005,18.67733026702655,FALSE,FALSE,11.380888738389304,16.681554899045487,4.5772207787856,1,S. suis,ETS
2019-12-01,11,Vector-borne and zoonotic IDs,2018-2019,Pseudo interruption 2018,2018-01-01,2019-12-01,24,12.224996828696769,12.020674583262515,11.397951425469016,10.39203380331148,13.443298022403045,13.838107583809293,FALSE,TRUE,6.024860851624185,3.446073780497814,1.9183603540897944,0.061,S. suis,ETS
2017-01-01,20,Vector-borne and zoonotic IDs,2017-2019,Pseudo interruption 2017,2017-01-01,2019-12-01,1,11.342928799276196,11.142863424658248,10.482675737125252,9.59925419965333,12.495059483646115,12.880671929861649,FALSE,FALSE,77.06178891005972,288.0545405357424,30.937777107312648,1,S. suis,ETS
2017-02-01,15,Vector-borne and zoonotic IDs,2017-2019,Pseudo interruption 2017,2017-01-01,2019-12-01,2,11.555248332637598,11.336105234119229,10.682500888594351,9.790514606212318,12.741614122979874,13.102074484127444,FALSE,FALSE,24.642972004586788,79.22858051281737,10.0431345539512,1,S. suis,ETS
2017-03-01,30,Vector-borne and zoonotic IDs,2017-2019,Pseudo interruption 2017,2017-01-01,2019-12-01,3,27.67466034959976,27.36399808043587,26.36815453464805,24.777155714735184,29.914432499374453,30.07235161998585,FALSE,TRUE,4.401952970981878,5.295195905250665,3.024921847218431,0.948,S. suis,ETS
2017-04-01,41,Vector-borne and zoonotic IDs,2017-2019,Pseudo interruption 2017,2017-01-01,2019-12-01,4,36.721485583316145,36.30716081799121,35.20822073647427,33.573006492641326,38.82275200153682,39.500229443887996,FALSE,FALSE,25.387011249694353,65.91804519572685,10.452914953387202,1,S. suis,ETS
2017-05-01,50,Vector-borne and zoonotic IDs,2017-2019,Pseudo interruption 2017,2017-01-01,2019-12-01,5,39.32406285110919,38.95019540115679,37.73037247523909,36.03228245107233,41.98206790791594,42.169109044177276,FALSE,FALSE,84.43101635351744,319.3724648260139,35.12370488867791,1,S. suis,ETS
2017-06-01,36,Vector-borne and zoonotic IDs,2017-2019,Pseudo interruption 2017,2017-01-01,2019-12-01,6,37.72783166916807,37.3302569753035,36.14280295207952,34.457166696803746,39.773096822538704,40.4587804940599,FALSE,TRUE,5.05832339125439,6.001613797256155,2.1136018747337477,0.073,S. suis,ETS
2017-07-01,33,Vector-borne and zoonotic IDs,2017-2019,Pseudo interruption 2017,2017-01-01,2019-12-01,7,31.585605352580426,31.17786482775936,30.0934919064021,28.39212460779353,33.87436940668359,34.04240275809503,TRUE,TRUE,3.780877500281491,5.650278150301499,2.28865966384961,0.816,S. suis,ETS
2017-08-01,22,Vector-borne and zoonotic IDs,2017-2019,Pseudo interruption 2017,2017-01-01,2019-12-01,8,26.428225978866898,26.076049156132886,25.060782631859404,23.684232007512488,28.546860829255465,28.701972604385162,FALSE,FALSE,34.0939045159901,72.3870208973722,11.611344883359612,0,S. suis,ETS
2017-09-01,23,Vector-borne and zoonotic IDs,2017-2019,Pseudo interruption 2017,2017-01-01,2019-12-01,9,26.704118123776045,26.42741811363138,25.301109791526674,23.9178815201277,28.803320678260768,28.992025193009365,FALSE,FALSE,26.513308802000832,41.78940447798968,8.655640078344824,0,S. suis,ETS
2017-10-01,18,Vector-borne and zoonotic IDs,2017-2019,Pseudo interruption 2017,2017-01-01,2019-12-01,10,22.949166245760367,22.645776162059082,20.936547307075546,20.497688418840834,25.037200745671512,25.18169161982009,FALSE,FALSE,33.466126509351426,104.59153995461261,13.254862769328,0,S. suis,ETS
2017-11-01,15,Vector-borne and zoonotic IDs,2017-2019,Pseudo interruption 2017,2017-01-01,2019-12-01,11,16.505532290442044,16.280444230026035,15.49524082368414,14.416979224474925,17.922848765363682,18.384103065224323,FALSE,TRUE,7.380016178520945,3.967123840749398,2.363842926214155,0.082,S. suis,ETS
2017-12-01,15,Vector-borne and zoonotic IDs,2017-2019,Pseudo interruption 2017,2017-01-01,2019-12-01,12,11.099052431713373,10.876248256317947,10.224127855198038,9.351910065093783,12.240549351851486,12.59389813200562,FALSE,FALSE,29.610927978138584,99.48606278668703,12.016192382915298,1,S. suis,ETS
2018-01-01,15,Vector-borne and zoonotic IDs,2017-2019,Pseudo interruption 2017,2017-01-01,2019-12-01,13,11.345860550736825,11.130243950458324,10.482689959869013,9.59926780990208,12.781668782730957,12.903194696982068,FALSE,FALSE,24.482290995552372,87.17613900779727,10.500016959233612,1,S. suis,ETS
2018-02-01,23,Vector-borne and zoonotic IDs,2017-2019,Pseudo interruption 2017,2017-01-01,2019-12-01,14,11.553573624040297,11.348870576488581,10.0945485587581,9.694008789873115,12.997924331909454,13.124790057182217,FALSE,FALSE,102.92413245405682,398.4391789800204,41.72633189065905,1,S. suis,ETS
2018-03-01,25,Vector-borne and zoonotic IDs,2017-2019,Pseudo interruption 2017,2017-01-01,2019-12-01,15,27.678801127520714,27.364034050048797,26.34317788036994,24.931355442053906,29.481638250033864,30.072389327654093,FALSE,TRUE,16.57023917336332,5.141033885600187,4.748106863201176,0.041,S. suis,ETS
2018-04-01,43,Vector-borne and zoonotic IDs,2017-2019,Pseudo interruption 2017,2017-01-01,2019-12-01,16,36.700761638152805,36.38694569048364,34.13405482559725,33.39411434076241,38.822801386973524,39.50027925836184,FALSE,FALSE,46.46073269164104,146.09499458312573,18.567960461600684,1,S. suis,ETS
2018-05-01,46,Vector-borne and zoonotic IDs,2017-2019,Pseudo interruption 2017,2017-01-01,2019-12-01,17,39.37508685283849,38.97387806257633,37.73042284220468,36.036966585364866,41.982121036977716,42.20987788774122,FALSE,FALSE,44.43048782499587,157.7777957927275,19.040887433647374,1,S. suis,ETS
2018-06-01,32,Vector-borne and zoonotic IDs,2017-2019,Pseudo interruption 2017,2017-01-01,2019-12-01,18,37.700088843718504,37.30717824891833,36.11356696639792,34.45721380591493,39.77314743527554,40.4588315412112,FALSE,FALSE,44.79525013285681,104.29016997189356,15.584589419267498,0,S. suis,ETS
2018-07-01,39,Vector-borne and zoonotic IDs,2017-2019,Pseudo interruption 2017,2017-01-01,2019-12-01,19,31.51811057465195,31.1567699287006,30.093532149054006,28.557175906486727,33.41372102503673,34.04244555973347,FALSE,FALSE,59.182978625615434,203.78744726390784,23.895358527694302,1,S. suis,ETS
2018-08-01,19,Vector-borne and zoonotic IDs,2017-2019,Pseudo interruption 2017,2017-01-01,2019-12-01,20,26.464605905926373,26.076083422593616,25.085211959778114,23.684264664642466,28.546896682422705,28.701168755854255,FALSE,FALSE,64.31380432042573,192.38749067691043,23.64657505641943,0,S. suis,ETS
2018-09-01,20,Vector-borne and zoonotic IDs,2017-2019,Pseudo interruption 2017,2017-01-01,2019-12-01,21,26.604572050264515,26.301799440849514,25.301143702830146,23.917914491426643,28.37866896743465,28.958319429164728,FALSE,FALSE,56.08896229290596,161.7569845948038,20.48595290333672,0,S. suis,ETS
2018-10-01,18,Vector-borne and zoonotic IDs,2017-2019,Pseudo interruption 2017,2017-01-01,2019-12-01,22,22.99680614514158,22.70878869410718,21.779677049218964,20.497716787095044,24.64138777555939,25.21318872268429,FALSE,FALSE,40.65848121853007,104.624143419391,14.457353687026199,0,S. suis,ETS
2018-11-01,18,Vector-borne and zoonotic IDs,2017-2019,Pseudo interruption 2017,2017-01-01,2019-12-01,23,16.58945009406709,16.29574501621371,15.514445954440323,14.41699938084771,18.26069802129601,18.384125826492262,TRUE,TRUE,2.746252066855689,3.9671264456445527,1.9614893755517233,0.89,S. suis,ETS
2018-12-01,19,Vector-borne and zoonotic IDs,2017-2019,Pseudo interruption 2017,2017-01-01,2019-12-01,24,11.127613333990562,10.876262569950336,10.239726111407338,9.351923337830366,12.49179147632596,12.594469913334342,FALSE,FALSE,67.33415060165903,259.4637500421303,27.651004041990394,1,S. suis,ETS
2019-01-01,12,Vector-borne and zoonotic IDs,2017-2019,Pseudo interruption 2017,2017-01-01,2019-12-01,25,11.332062838591856,11.086177973166926,10.49848431582991,9.599281420169397,12.495090539733091,12.880703461520977,TRUE,TRUE,1.996606223903182,3.281422041351579,1.1817714989450316,0.761,S. suis,ETS
2019-02-01,20,Vector-borne and zoonotic IDs,2017-2019,Pseudo interruption 2017,2017-01-01,2019-12-01,26,11.573937422525262,11.348885510799704,10.698459637693281,9.790542348460393,12.997940314451874,13.124806117533698,FALSE,FALSE,72.32007753223985,278.3420190677254,29.625784759227635,1,S. suis,ETS
2019-03-01,38,Vector-borne and zoonotic IDs,2017-2019,Pseudo interruption 2017,2017-01-01,2019-12-01,27,27.689486277187207,27.364070019708933,26.36822515276655,24.931389775644586,29.48167558554269,30.072427035370687,FALSE,FALSE,88.29669457734926,322.2439558448986,35.52597335040468,1,S. suis,ETS
2019-04-01,44,Vector-borne and zoonotic IDs,2017-2019,Pseudo interruption 2017,2017-01-01,2019-12-01,28,36.801762555147754,36.40983430136022,35.23722974468924,33.57309834306285,39.319310041060334,39.539735508281744,FALSE,FALSE,50.88897988576776,184.37721683394912,21.58945801399263,1,S. suis,ETS
2019-05-01,83,Vector-borne and zoonotic IDs,2017-2019,Pseudo interruption 2017,2017-01-01,2019-12-01,29,39.26979368683504,38.95029775056585,37.73047320923689,36.03701580910874,41.46912662597887,42.169215538810136,FALSE,FALSE,419.0473871569533,1639.363578177296,167.86188687175166,1,S. suis,ETS
2019-06-01,42,Vector-borne and zoonotic IDs,2017-2019,Pseudo interruption 2017,2017-01-01,2019-12-01,30,37.70603854437081,37.33035504298164,36.11361519454788,34.45726091508919,40.27567782304283,40.45888258842814,FALSE,FALSE,21.405284398066676,67.64631813621338,9.866414194753894,1,S. suis,ETS
2019-07-01,34,Vector-borne and zoonotic IDs,2017-2019,Pseudo interruption 2017,2017-01-01,2019-12-01,31,31.57858177967275,31.177946750366107,30.066851491513948,28.557215108486044,33.874454798485125,34.07907190746124,FALSE,TRUE,5.063055322119926,5.521856798975197,3.28860572320531,0.949,S. suis,ETS
2019-08-01,25,Vector-borne and zoonotic IDs,2017-2019,Pseudo interruption 2017,2017-01-01,2019-12-01,32,26.504424531877795,26.244835628054723,25.085245568928137,23.684297321816363,28.54693253563596,28.701204705815243,FALSE,TRUE,4.314142655989194,5.0169073839988805,1.8868076227620048,0.07,S. suis,ETS
2019-09-01,27,Vector-borne and zoonotic IDs,2017-2019,Pseudo interruption 2017,2017-01-01,2019-12-01,33,26.62000057377774,26.301834016289106,25.325690033023804,23.917947462769916,28.803393042873584,28.959199260834254,TRUE,TRUE,3.4777030098497796,5.041251798064337,1.3166153404672531,0.616,S. suis,ETS
2019-10-01,22,Vector-borne and zoonotic IDs,2017-2019,Pseudo interruption 2017,2017-01-01,2019-12-01,34,22.963693319185012,22.64583579744653,21.695396126819478,20.497745155387474,25.037263450836047,25.181754505661456,TRUE,TRUE,3.341867324016569,4.684009350273982,1.2387277838108344,0.228,S. suis,ETS
2019-11-01,19,Vector-borne and zoonotic IDs,2017-2019,Pseudo interruption 2017,2017-01-01,2019-12-01,35,16.564203603768707,16.295766445742984,15.495282616794109,14.417019537247787,18.260720706056617,18.384148587789205,FALSE,FALSE,10.15823102869634,28.601185538973198,4.932751229555954,1,S. suis,ETS
2019-12-01,11,Vector-borne and zoonotic IDs,2017-2019,Pseudo interruption 2017,2017-01-01,2019-12-01,36,11.12177204381315,10.876276883601525,10.239739999888766,9.351936610585065,12.496020579952335,12.593928936965813,TRUE,TRUE,2.256280580063569,3.241992326380748,0.5896630789841808,0.55,S. suis,ETS
2019-01-01,297,Vector-borne and zoonotic IDs,2019,Pseudo interruption 2019,2019-01-01,2019-12-01,1,264.5109969668795,258.4447489325714,222.62627035001884,205.06463590538485,322.06960454120986,341.5806220463984,TRUE,TRUE,99.44333419119101,136.51598614101354,52.21577377017401,0.819,Melioidosis,Hybrid
2019-02-01,230,Vector-borne and zoonotic IDs,2019,Pseudo interruption 2019,2019-01-01,2019-12-01,2,194.4434082465807,189.29798104866313,158.62185843948242,144.02038757374987,241.03523541087628,261.00828930613335,TRUE,TRUE,82.41337697139386,116.98790173238348,50.42727154578785,0.854,Melioidosis,Hybrid
2019-03-01,186,Vector-borne and zoonotic IDs,2019,Pseudo interruption 2019,2019-01-01,2019-12-01,3,180.92039229694555,176.60102833875817,148.0673784743762,131.84777752788625,223.15030293987425,244.0279005884029,TRUE,TRUE,75.08292446549805,112.18012306051665,24.019650165893818,0.618,Melioidosis,Hybrid
2019-04-01,182,Vector-borne and zoonotic IDs,2019,Pseudo interruption 2019,2019-01-01,2019-12-01,4,163.70904974761558,158.91432656269,131.4355410703572,116.62897061793443,205.17552719203343,223.6338066864904,TRUE,TRUE,73.73998612167622,107.00483606855597,34.54712997205843,0.754,Melioidosis,Hybrid
2019-05-01,185,Vector-borne and zoonotic IDs,2019,Pseudo interruption 2019,2019-01-01,2019-12-01,5,162.6691894349177,158.8618063947239,129.75655825511262,110.6269896621936,203.1515299492071,223.57150225405073,TRUE,TRUE,73.39497169409447,112.94451259185713,37.17153085895027,0.814,Melioidosis,Hybrid
2019-06-01,224,Vector-borne and zoonotic IDs,2019,Pseudo interruption 2019,2019-01-01,2019-12-01,6,182.96557030768062,178.87014934481965,150.43480569304248,126.7843945079909,226.91768553789612,253.6221137559192,TRUE,TRUE,76.48287984485364,126.8377192479283,53.41465006923799,0.879,Melioidosis,Hybrid
2019-07-01,243,Vector-borne and zoonotic IDs,2019,Pseudo interruption 2019,2019-01-01,2019-12-01,7,203.4849202688516,198.8524461897369,164.02712530779877,151.16387478371254,250.55222194118264,270.7866150148769,TRUE,TRUE,86.52509663338387,119.62274023116433,53.94696811879847,0.845,Melioidosis,Hybrid
2019-08-01,284,Vector-borne and zoonotic IDs,2019,Pseudo interruption 2019,2019-01-01,2019-12-01,8,248.26093083321905,245.00788552134534,207.70482266556064,185.50611402415922,300.61109694067676,325.9625850333444,TRUE,TRUE,92.90627427511612,140.45647100918518,51.676954307309714,0.852,Melioidosis,Hybrid
2019-09-01,304,Vector-borne and zoonotic IDs,2019,Pseudo interruption 2019,2019-01-01,2019-12-01,9,245.9083248927078,241.57422463556085,206.06980722197048,181.76418069116875,298.8031771811934,320.43714468645,FALSE,TRUE,144.70159814728888,138.67296399528124,78.63979455492878,0.929,Melioidosis,Hybrid
2019-10-01,283,Vector-borne and zoonotic IDs,2019,Pseudo interruption 2019,2019-01-01,2019-12-01,10,243.64733892962178,238.44056075355707,201.64797633901534,177.61276189725214,297.80068498767645,323.7409898013286,TRUE,TRUE,96.1527086486611,146.12822790407648,56.877113897103186,0.848,Melioidosis,Hybrid
2019-11-01,214,Vector-borne and zoonotic IDs,2019,Pseudo interruption 2019,2019-01-01,2019-12-01,11,203.13510819161618,198.03491386803495,167.77685186955213,144.2006190792459,254.02350813917838,270.5547675548418,TRUE,TRUE,86.24665626962624,126.3541484755959,31.625699847736076,0.711,Melioidosis,Hybrid
2019-12-01,187,Vector-borne and zoonotic IDs,2019,Pseudo interruption 2019,2019-01-01,2019-12-01,12,159.22842867348268,155.27411266704382,125.79031460082302,108.65400176976412,202.4260983129439,220.7629587749795,TRUE,TRUE,76.63578371212088,112.10895700521537,42.1267935405129,0.837,Melioidosis,Hybrid
2018-01-01,353,Vector-borne and zoonotic IDs,2018-2019,Pseudo interruption 2018,2018-01-01,2019-12-01,1,289.62724697752367,280.17041660722134,246.79612383109887,222.9687176682284,349.13150863825786,377.6706632560242,FALSE,TRUE,141.02029842458043,154.70194558779582,87.01499228566763,0.909,Melioidosis,Hybrid
2018-02-01,248,Vector-borne and zoonotic IDs,2018-2019,Pseudo interruption 2018,2018-01-01,2019-12-01,2,207.72205276457214,206.31801994506984,167.87773586803755,148.33181729291917,258.56359266524044,285.9565197861227,TRUE,TRUE,90.68585679720289,137.62470249320356,53.36030923122473,0.831,Melioidosis,Hybrid
2018-03-01,194,Vector-borne and zoonotic IDs,2018-2019,Pseudo interruption 2018,2018-01-01,2019-12-01,3,192.82219017063844,186.53367614310403,157.48402734260767,137.90985410434172,243.95629036545174,263.90379968946456,TRUE,TRUE,86.47226302284406,125.99394558512284,24.84837899257674,0.545,Melioidosis,Hybrid
2018-04-01,160,Vector-borne and zoonotic IDs,2018-2019,Pseudo interruption 2018,2018-01-01,2019-12-01,4,174.60284179737556,172.45509462406463,139.77416832354675,121.99210274326698,222.6243361012561,241.69730217986788,TRUE,TRUE,82.85016777770934,119.70519943660089,28.008310521149234,0.342,Melioidosis,Hybrid
2018-05-01,175,Vector-borne and zoonotic IDs,2018-2019,Pseudo interruption 2018,2018-01-01,2019-12-01,5,170.2778854615128,164.20228635829753,135.8695885353791,118.80811279407382,218.31572456828036,237.20703321230243,TRUE,TRUE,82.44613603290125,118.39892041822861,26.56550949535532,0.652,Melioidosis,Hybrid
2018-06-01,206,Vector-borne and zoonotic IDs,2018-2019,Pseudo interruption 2018,2018-01-01,2019-12-01,6,191.11722008015553,184.29003968546067,156.3342277349834,143.36000087711614,238.7189176203357,254.58869742781351,TRUE,TRUE,82.38468988535232,111.22869655069738,34.99866649531573,0.76,Melioidosis,Hybrid
2018-07-01,219,Vector-borne and zoonotic IDs,2018-2019,Pseudo interruption 2018,2018-01-01,2019-12-01,7,225.10694910076552,220.36984244423778,186.05613307596482,172.0598920498985,275.55038127950957,308.54932048513285,TRUE,TRUE,89.49424820354474,136.48942843523434,20.874530805366753,0.488,Melioidosis,Hybrid
2018-08-01,295,Vector-borne and zoonotic IDs,2018-2019,Pseudo interruption 2018,2018-01-01,2019-12-01,8,267.8578029489961,263.8254535208918,223.96420929602073,209.3955689539593,327.19681417283795,340.2568830834475,TRUE,TRUE,103.23260487681722,130.86131412948822,46.69130652875683,0.785,Melioidosis,Hybrid
2018-09-01,273,Vector-borne and zoonotic IDs,2018-2019,Pseudo interruption 2018,2018-01-01,2019-12-01,9,267.23934494652167,261.1016043638586,227.16662507064265,211.03635086815262,321.96413855284624,342.3475646701543,TRUE,TRUE,94.79751348220358,131.3112138020017,29.938767218145767,0.617,Melioidosis,Hybrid
2018-10-01,238,Vector-borne and zoonotic IDs,2018-2019,Pseudo interruption 2018,2018-01-01,2019-12-01,10,270.077402417831,263.3442630646363,227.10648117677346,204.88071339935954,330.8489004193985,354.014322495211,TRUE,TRUE,103.74241924262503,149.13360909585145,42.83954189436313,0.225,Melioidosis,Hybrid
2018-11-01,204,Vector-borne and zoonotic IDs,2018-2019,Pseudo interruption 2018,2018-01-01,2019-12-01,11,221.52804008075537,219.61856258965292,181.94552484715268,162.11199183325266,271.1181434749474,297.008491527408,TRUE,TRUE,89.17261862779469,134.89649969415535,32.15832903993571,0.317,Melioidosis,Hybrid
2018-12-01,136,Vector-borne and zoonotic IDs,2018-2019,Pseudo interruption 2018,2018-01-01,2019-12-01,12,175.07072059881767,172.4929362748676,140.9938688267876,128.35651672118453,222.7424822683168,248.9307103872916,FALSE,TRUE,131.68730170940523,120.57419366610708,55.0872850400432,0.071,Melioidosis,Hybrid
2019-01-01,297,Vector-borne and zoonotic IDs,2018-2019,Pseudo interruption 2018,2018-01-01,2019-12-01,13,288.3796591561184,280.55042674172864,243.76633418294085,228.5566800118646,350.10176719567,373.9204422858326,TRUE,TRUE,106.33543301272914,145.36376227396804,35.98787837961247,0.647,Melioidosis,Hybrid
2019-02-01,230,Vector-borne and zoonotic IDs,2018-2019,Pseudo interruption 2018,2018-01-01,2019-12-01,14,210.1986209260224,208.06385656989144,172.84749925797433,153.00549226083186,263.90445764983525,276.48265055821884,TRUE,TRUE,91.05695839186092,123.47715829738698,37.05711441868007,0.779,Melioidosis,Hybrid
2019-03-01,186,Vector-borne and zoonotic IDs,2018-2019,Pseudo interruption 2018,2018-01-01,2019-12-01,15,196.6321308832124,191.14203731570535,161.64913028672078,141.8762606888197,245.36422312161915,269.37986321996556,TRUE,TRUE,83.71509283489837,127.50360253114584,22.608188807393855,0.413,Melioidosis,Hybrid
2019-04-01,182,Vector-borne and zoonotic IDs,2018-2019,Pseudo interruption 2018,2018-01-01,2019-12-01,16,178.23433406204666,176.33338311272416,142.76051917267682,125.25740968593328,223.71431205978067,238.89429095855343,TRUE,TRUE,80.95379288710384,113.63688127262014,22.03137562266209,0.595,Melioidosis,Hybrid
2019-05-01,185,Vector-borne and zoonotic IDs,2018-2019,Pseudo interruption 2018,2018-01-01,2019-12-01,17,172.5501277622623,167.65447907289558,138.2977517686189,126.90920288831178,217.12969735032505,239.75459459444883,TRUE,TRUE,78.83194558170615,112.84539170613705,31.003343703001995,0.75,Melioidosis,Hybrid
2019-06-01,224,Vector-borne and zoonotic IDs,2018-2019,Pseudo interruption 2018,2018-01-01,2019-12-01,18,191.21480273931087,186.8050471471689,155.73854336335864,136.93483573825475,238.85207734519417,262.5543665200677,TRUE,TRUE,83.11353398183553,125.61953078181293,48.07890895063109,0.852,Melioidosis,Hybrid
2019-07-01,243,Vector-borne and zoonotic IDs,2018-2019,Pseudo interruption 2018,2018-01-01,2019-12-01,19,222.01758563304728,212.756681391901,183.61736770822188,170.44925700243002,277.17378730270417,298.4101845888557,TRUE,TRUE,93.55641959448229,127.9609275864257,44.2821191250534,0.775,Melioidosis,Hybrid
2019-08-01,284,Vector-borne and zoonotic IDs,2018-2019,Pseudo interruption 2018,2018-01-01,2019-12-01,20,264.97969438433637,258.88660132456175,222.0640635792246,207.55839745740016,323.9928930193861,337.9138653443992,TRUE,TRUE,101.92882944016148,130.35546788699904,41.6135503662564,0.758,Melioidosis,Hybrid
2019-09-01,304,Vector-borne and zoonotic IDs,2018-2019,Pseudo interruption 2018,2018-01-01,2019-12-01,21,266.6325098152001,260.5466489421496,225.14510217674135,202.41398510888493,327.7122526631409,341.71206370490114,TRUE,TRUE,102.56715048639953,139.2980785960162,56.745348067944896,0.833,Melioidosis,Hybrid
2019-10-01,283,Vector-borne and zoonotic IDs,2018-2019,Pseudo interruption 2018,2018-01-01,2019-12-01,22,272.7189287369017,269.2278705647996,228.94395155556182,214.21152985997736,332.29215441050286,355.7248526212908,TRUE,TRUE,103.34820285494104,141.51332276131342,33.21394891540341,0.676,Melioidosis,Hybrid
2019-11-01,214,Vector-borne and zoonotic IDs,2018-2019,Pseudo interruption 2018,2018-01-01,2019-12-01,23,225.17299320034883,219.87896713672586,185.4762261593475,172.61380212379706,281.0090878921621,301.51480097686095,TRUE,TRUE,95.53286173281458,128.9009988530639,25.144471540753578,0.436,Melioidosis,Hybrid
2019-12-01,187,Vector-borne and zoonotic IDs,2018-2019,Pseudo interruption 2018,2018-01-01,2019-12-01,24,180.157783147937,177.5678502069259,145.5856053739542,132.57095209831564,228.4282768560882,247.74318912632265,TRUE,TRUE,82.842671482134,115.172237028007,25.407436752721004,0.662,Melioidosis,Hybrid
2017-01-01,431,Vector-borne and zoonotic IDs,2017-2019,Pseudo interruption 2017,2017-01-01,2019-12-01,1,309.14307917187597,303.7870910214307,262.6418213874859,239.63959004006261,362.59791926976357,398.7194447590381,FALSE,FALSE,783.976905184642,1450.302064357452,285.21871458669625,0.994,Melioidosis,Hybrid
2017-02-01,251,Vector-borne and zoonotic IDs,2017-2019,Pseudo interruption 2017,2017-01-01,2019-12-01,2,245.2171566565796,242.05297421399868,203.40468952495718,186.4844188125182,295.4282540621279,324.53498368359396,TRUE,TRUE,92.02356453717073,138.05056487107578,27.403413549591402,0.67,Melioidosis,Hybrid
2017-03-01,219,Vector-borne and zoonotic IDs,2017-2019,Pseudo interruption 2017,2017-01-01,2019-12-01,3,245.6509427497047,240.8153692463082,204.34059753361876,187.13357287687413,293.45579133685146,328.4407518131199,TRUE,TRUE,89.1151938032327,141.30717893624578,37.36301356301362,0.204,Melioidosis,Hybrid
2017-04-01,191,Vector-borne and zoonotic IDs,2017-2019,Pseudo interruption 2017,2017-01-01,2019-12-01,4,225.43425144953414,221.61894611066157,183.43319403606515,167.3835460461441,272.2297568071578,303.6425764770347,TRUE,TRUE,88.79656277109265,136.25903043089062,44.15296814913971,0.161,Melioidosis,Hybrid
2017-05-01,239,Vector-borne and zoonotic IDs,2017-2019,Pseudo interruption 2017,2017-01-01,2019-12-01,5,208.99653716852913,204.81280282880505,168.16827991637882,147.426521894708,253.5612523334997,283.9077780541629,TRUE,TRUE,85.39297241712089,136.48125615945492,46.4718835700735,0.852,Melioidosis,Hybrid
2017-06-01,308,Vector-borne and zoonotic IDs,2017-2019,Pseudo interruption 2017,2017-01-01,2019-12-01,6,217.51276780103558,213.64562562979262,178.53816070992414,154.93931336332537,267.09086929592723,296.5807346550106,FALSE,FALSE,497.6440156267307,598.4120350912617,179.0430234000933,0.986,Melioidosis,Hybrid
2017-07-01,391,Vector-borne and zoonotic IDs,2017-2019,Pseudo interruption 2017,2017-01-01,2019-12-01,7,233.9454355664482,230.12465300026773,195.8227748661895,176.03287361368385,280.96531440925054,310.69924142945155,FALSE,FALSE,1185.4893954505555,3346.696710637706,452.246449297383,1,Melioidosis,Hybrid
2017-08-01,371,Vector-borne and zoonotic IDs,2017-2019,Pseudo interruption 2017,2017-01-01,2019-12-01,8,283.27549761712487,279.01007066047106,235.84928721363656,219.20366512079096,337.35533765512287,372.2272504945872,FALSE,TRUE,437.95267389025764,153.02358537379627,149.78531470901623,0.973,Melioidosis,Hybrid
2017-09-01,343,Vector-borne and zoonotic IDs,2017-2019,Pseudo interruption 2017,2017-01-01,2019-12-01,9,284.31020291616545,279.28892517718515,237.0132503018121,218.7193383991339,336.7544339440864,374.16144154114363,FALSE,TRUE,162.19684420141056,155.44210314200973,83.13803905615796,0.92,Melioidosis,Hybrid
2017-10-01,310,Vector-borne and zoonotic IDs,2017-2019,Pseudo interruption 2017,2017-01-01,2019-12-01,10,283.47347495291365,277.8930239880189,236.36213726882724,218.0938756823718,340.1622290129309,370.8447136985843,TRUE,TRUE,103.80009174410364,152.75083801621253,48.40362900928996,0.782,Melioidosis,Hybrid
2017-11-01,239,Vector-borne and zoonotic IDs,2017-2019,Pseudo interruption 2017,2017-01-01,2019-12-01,11,255.96783230005914,251.72136109088683,213.47634089107615,193.66734604650534,305.88470794009385,338.7110880395682,TRUE,TRUE,92.4083670490177,145.04374199306287,30.76417728027481,0.31,Melioidosis,Hybrid
2017-12-01,146,Vector-borne and zoonotic IDs,2017-2019,Pseudo interruption 2017,2017-01-01,2019-12-01,12,222.99653261879945,218.768310611695,182.6609849462137,164.37355598485118,268.3873656687497,301.88768331158326,FALSE,FALSE,452.3362301846729,872.4563667207792,165.48669998773485,0,Melioidosis,Hybrid
2018-01-01,353,Vector-borne and zoonotic IDs,2017-2019,Pseudo interruption 2017,2017-01-01,2019-12-01,13,306.172646040019,301.4697062278102,256.6327908286388,237.58186150395392,360.06572775788,396.0639045301625,TRUE,TRUE,103.43293692924118,158.4820430262086,64.11278664747877,0.852,Melioidosis,Hybrid
2018-02-01,248,Vector-borne and zoonotic IDs,2017-2019,Pseudo interruption 2017,2017-01-01,2019-12-01,14,251.3713144068988,247.85823549585035,205.8128525736191,190.28331362138985,301.23174379661737,334.2309905935378,TRUE,TRUE,95.41889122299827,143.94767697214795,21.13834127788536,0.514,Melioidosis,Hybrid
2018-03-01,194,Vector-borne and zoonotic IDs,2017-2019,Pseudo interruption 2017,2017-01-01,2019-12-01,15,244.70242068509842,241.26961810911905,201.34859604172544,184.5159221079195,292.94925630109674,326.5728746502287,FALSE,TRUE,165.08662067662573,142.0569525423092,69.91183189724772,0.08,Melioidosis,Hybrid
2018-04-01,160,Vector-borne and zoonotic IDs,2017-2019,Pseudo interruption 2017,2017-01-01,2019-12-01,16,229.86963433797825,225.75173784418575,187.18962585607346,170.83013143158874,276.80179549597165,308.4701325985295,FALSE,FALSE,361.5084282006328,570.8452584304904,133.27654912466946,0.012,Melioidosis,Hybrid
2018-05-01,175,Vector-borne and zoonotic IDs,2017-2019,Pseudo interruption 2017,2017-01-01,2019-12-01,17,215.74362247242664,212.59699281679093,168.41611509948174,155.31821071312024,263.8788120292634,294.8193208337847,TRUE,TRUE,95.46269692978163,139.50111012066444,50.931670167024386,0.111,Melioidosis,Hybrid
2018-06-01,206,Vector-borne and zoonotic IDs,2017-2019,Pseudo interruption 2017,2017-01-01,2019-12-01,18,224.58997309442796,220.95456396287753,184.10393002051447,168.02429453133774,272.0690321629002,304.50536764977716,TRUE,TRUE,87.96510214238575,136.4810731184394,31.49731043782132,0.312,Melioidosis,Hybrid
2018-07-01,219,Vector-borne and zoonotic IDs,2017-2019,Pseudo interruption 2017,2017-01-01,2019-12-01,19,243.78037771602126,237.71269494817253,201.34320070542842,185.12298403899027,294.8309865626494,323.38185441565685,TRUE,TRUE,93.48778585722098,138.25887037666658,35.45855651076005,0.229,Melioidosis,Hybrid
2018-08-01,295,Vector-borne and zoonotic IDs,2017-2019,Pseudo interruption 2017,2017-01-01,2019-12-01,20,284.52579389679937,281.5306378266871,238.2625093443701,219.9194818801583,338.243215262436,368.3265760508194,TRUE,TRUE,99.98070591806592,148.40709417066114,32.70868645236732,0.679,Melioidosis,Hybrid
2018-09-01,273,Vector-borne and zoonotic IDs,2017-2019,Pseudo interruption 2017,2017-01-01,2019-12-01,21,286.54307474055815,281.3346260230985,239.21732339792388,220.83684345443586,339.380674139548,374.35453846358854,TRUE,TRUE,100.1633507416241,153.51769500915267,28.834544737504768,0.342,Melioidosis,Hybrid
2018-10-01,238,Vector-borne and zoonotic IDs,2017-2019,Pseudo interruption 2017,2017-01-01,2019-12-01,22,289.8538586700015,284.493965865089,240.12692793610586,223.32828245898227,346.9429330095318,377.59624306655394,FALSE,TRUE,128.08528443448455,154.26796060757167,63.85953662589161,0.096,Melioidosis,Hybrid
2018-11-01,204,Vector-borne and zoonotic IDs,2017-2019,Pseudo interruption 2017,2017-01-01,2019-12-01,23,258.10693284829557,255.0913159829176,213.8334589427579,196.62731174349614,308.15986506944967,342.6219404767905,FALSE,TRUE,192.66099555427064,145.99462873329435,77.53859722434915,0.079,Melioidosis,Hybrid
2018-12-01,136,Vector-borne and zoonotic IDs,2017-2019,Pseudo interruption 2017,2017-01-01,2019-12-01,24,231.01566831607371,226.8674949337581,190.64200029154628,166.22846316525815,281.85086479071475,309.7808574407164,FALSE,FALSE,637.6288674146314,1352.6909208857842,228.82225156877888,0,Melioidosis,Hybrid
2019-01-01,297,Vector-borne and zoonotic IDs,2017-2019,Pseudo interruption 2017,2017-01-01,2019-12-01,25,308.27996963276104,304.98356182106284,262.7308472605977,240.70238739435666,363.9049745566989,400.0900011074782,TRUE,TRUE,101.17412729610118,159.38761371312154,28.950214372751315,0.372,Melioidosis,Hybrid
2019-02-01,230,Vector-borne and zoonotic IDs,2017-2019,Pseudo interruption 2017,2017-01-01,2019-12-01,26,255.23731311947404,250.82924078182654,213.57858945999013,192.88757677759034,303.5768604996163,337.67961134585806,TRUE,TRUE,89.99827103962619,144.79203456826772,36.85479737453213,0.217,Melioidosis,Hybrid
2019-03-01,186,Vector-borne and zoonotic IDs,2017-2019,Pseudo interruption 2017,2017-01-01,2019-12-01,27,246.96741806970493,242.7480771077476,205.21650935246598,188.83775589304975,295.98143011687966,328.2856779291936,FALSE,FALSE,282.9300142890735,252.95815775813367,100.78559028277519,0.025,Melioidosis,Hybrid
2019-04-01,182,Vector-borne and zoonotic IDs,2017-2019,Pseudo interruption 2017,2017-01-01,2019-12-01,28,230.83474783451538,226.38379655747403,188.91386042748326,172.7629984354021,279.078446116989,310.87323128968313,FALSE,TRUE,159.30318996433834,138.11023285428104,66.5199569544446,0.086,Melioidosis,Hybrid
2019-05-01,185,Vector-borne and zoonotic IDs,2017-2019,Pseudo interruption 2017,2017-01-01,2019-12-01,29,221.83100005173716,217.99517099322148,182.27834083180733,164.23620059306896,267.2428457995704,301.70152766090206,TRUE,TRUE,84.96450496776305,137.4653270678331,45.4890706721326,0.119,Melioidosis,Hybrid
2019-06-01,224,Vector-borne and zoonotic IDs,2017-2019,Pseudo interruption 2017,2017-01-01,2019-12-01,30,229.25315104377438,226.95997312141938,186.8102800514385,166.30762453708036,277.1590723851535,309.8889197089401,TRUE,TRUE,90.34879233371498,143.58129517185972,22.56703707740429,0.441,Melioidosis,Hybrid
2019-07-01,243,Vector-borne and zoonotic IDs,2017-2019,Pseudo interruption 2017,2017-01-01,2019-12-01,31,246.19646719957754,242.0537933490101,205.33999679332354,185.9214427521801,295.7371043876085,323.7921718177285,TRUE,TRUE,90.39710759428496,137.8707290655484,20.735331698499444,0.524,Melioidosis,Hybrid
2019-08-01,284,Vector-borne and zoonotic IDs,2017-2019,Pseudo interruption 2017,2017-01-01,2019-12-01,32,286.5751710568011,282.9366084665585,240.37447121634406,215.44297208215764,340.7586830167904,370.95132000677097,TRUE,TRUE,100.38421180044637,155.50834792461333,23.132521031809166,0.521,Melioidosis,Hybrid
2019-09-01,304,Vector-borne and zoonotic IDs,2017-2019,Pseudo interruption 2017,2017-01-01,2019-12-01,33,288.8739287814079,284.4573433395407,243.70516216876962,222.5070727407134,341.4504613109702,376.5282008687234,TRUE,TRUE,97.74529914220057,154.02112812801,37.434218316239914,0.712,Melioidosis,Hybrid
2019-10-01,283,Vector-borne and zoonotic IDs,2017-2019,Pseudo interruption 2017,2017-01-01,2019-12-01,34,291.83438600286325,288.21661014789015,244.41642130206873,225.83330608778567,344.46795289600846,380.85141564420996,TRUE,TRUE,100.05153159393973,155.0181095564243,26.38225755559945,0.408,Melioidosis,Hybrid
2019-11-01,214,Vector-borne and zoonotic IDs,2017-2019,Pseudo interruption 2017,2017-01-01,2019-12-01,35,261.84952583035613,257.4281362708144,218.470998442564,201.89135089467965,311.76582061802543,345.3222386221591,FALSE,TRUE,138.0048066011014,143.43088772747944,62.5605135819269,0.081,Melioidosis,Hybrid
2019-12-01,187,Vector-borne and zoonotic IDs,2017-2019,Pseudo interruption 2017,2017-01-01,2019-12-01,36,233.19424529255082,230.66039525758242,190.16886626580194,175.2529994106478,281.24672704442776,309.7765531627582,FALSE,TRUE,122.7665234366452,134.52355375211042,59.951902106013584,0.087,Melioidosis,Hybrid
2019-01-01,184,Vector-borne and zoonotic IDs,2019,Pseudo interruption 2019,2019-01-01,2019-12-01,1,186.6171442310423,184.49641500195315,136.33028823807606,100.55505968125507,251.29958524080917,278.4979361800711,TRUE,TRUE,114.9692970027331,177.94287649881605,25.909934581952463,0.486,Leptospirosis,ARIMA + Fourier
2019-02-01,135,Vector-borne and zoonotic IDs,2019,Pseudo interruption 2019,2019-01-01,2019-12-01,2,127.22007656116824,124.668298416401,72.00739224014443,49.26160457815777,184.9510434690367,219.11109505670407,TRUE,TRUE,112.94365122889228,169.8494904785463,33.130325082643814,0.606,Leptospirosis,ARIMA + Fourier
2019-03-01,144,Vector-borne and zoonotic IDs,2019,Pseudo interruption 2019,2019-01-01,2019-12-01,3,126.32684101709653,122.50993153415416,65.3344046189782,37.75816455081945,191.66870088588803,239.86196595558246,TRUE,TRUE,126.33429626690983,202.103801404763,45.48969423157276,0.685,Leptospirosis,ARIMA + Fourier
2019-04-01,127,Vector-borne and zoonotic IDs,2019,Pseudo interruption 2019,2019-01-01,2019-12-01,4,115.71530048284198,111.30526130272854,55.5030095564575,25.810254396025307,182.04082320270814,234.85001216836272,TRUE,TRUE,126.53781364625064,209.03975777233742,41.16343145211077,0.628,Leptospirosis,ARIMA + Fourier
2019-05-01,165,Vector-borne and zoonotic IDs,2019,Pseudo interruption 2019,2019-01-01,2019-12-01,5,141.7450143716207,137.38725222807227,68.6956308254559,42.3214343050849,216.25094512166157,276.22507408163403,TRUE,TRUE,147.55531429620567,233.90363977654914,55.05519409599706,0.686,Leptospirosis,ARIMA + Fourier
2019-06-01,201,Vector-borne and zoonotic IDs,2019,Pseudo interruption 2019,2019-01-01,2019-12-01,6,219.54867474289605,216.72714637973053,127.0768871479786,86.07365834613208,311.87831765358027,385.11996555348367,TRUE,TRUE,184.80143050560167,299.04630720735156,54.11179827297476,0.416,Leptospirosis,ARIMA + Fourier
2019-07-01,225,Vector-borne and zoonotic IDs,2019,Pseudo interruption 2019,2019-01-01,2019-12-01,7,290.1796889539459,284.8152939148516,187.1241451627477,141.44770448390125,392.8532938379747,475.8118499135649,TRUE,TRUE,205.729148675227,334.36414542966367,94.14346473710415,0.234,Leptospirosis,ARIMA + Fourier
2019-08-01,211,Vector-borne and zoonotic IDs,2019,Pseudo interruption 2019,2019-01-01,2019-12-01,8,336.36700773361235,331.0280864456374,221.84702312602155,164.34556764966075,449.7282080711709,526.9906186563311,FALSE,TRUE,336.3514162053649,362.6450510066703,164.34449778963514,0.072,Leptospirosis,ARIMA + Fourier
2019-09-01,286,Vector-borne and zoonotic IDs,2019,Pseudo interruption 2019,2019-01-01,2019-12-01,9,344.849031628135,338.7468552584126,231.63686609352433,174.37407962114384,466.17831724564775,550.9119961494234,TRUE,TRUE,234.54145115212341,376.5379165282796,94.78563305220102,0.27,Leptospirosis,ARIMA + Fourier
2019-10-01,222,Vector-borne and zoonotic IDs,2019,Pseudo interruption 2019,2019-01-01,2019-12-01,10,429.66354418633824,424.7224480298514,287.9727265453176,228.92680410784308,571.7982840300856,673.3047672048966,FALSE,FALSE,943.5528229379438,721.4501274107769,342.00441519038327,0.022,Leptospirosis,ARIMA + Fourier
2019-11-01,168,Vector-borne and zoonotic IDs,2019,Pseudo interruption 2019,2019-01-01,2019-12-01,11,289.8246894092603,282.4227599180768,168.80778299150933,129.83190748644222,411.44853808289673,499.96599689549333,FALSE,TRUE,250.71858500648068,370.1340894090511,146.45854511186036,0.097,Leptospirosis,ARIMA + Fourier
2019-12-01,102,Vector-borne and zoonotic IDs,2019,Pseudo interruption 2019,2019-01-01,2019-12-01,12,168.8472695995273,161.64489259696938,77.35142373976528,43.93886969613617,271.38778618958065,345.7714000018812,TRUE,TRUE,194.03636244981539,301.832530305745,90.83503328177578,0.197,Leptospirosis,ARIMA + Fourier
2018-01-01,192,Vector-borne and zoonotic IDs,2018-2019,Pseudo interruption 2018,2018-01-01,2019-12-01,1,269.8584785088206,267.14263020234137,201.92106082145352,169.3073844832286,336.09017049227765,403.42836728889876,FALSE,TRUE,233.37971788535936,234.12098280567017,106.81969833575741,0.059,Leptospirosis,ARIMA + Fourier
2018-02-01,107,Vector-borne and zoonotic IDs,2018-2019,Pseudo interruption 2018,2018-01-01,2019-12-01,2,186.35110099699418,182.39342182707333,116.25436149372575,84.35414831969024,263.4233100795783,315.29314972676383,FALSE,TRUE,239.71256352311008,230.9390014070736,107.90630768163922,0.073,Leptospirosis,ARIMA + Fourier
2018-03-01,127,Vector-borne and zoonotic IDs,2018-2019,Pseudo interruption 2018,2018-01-01,2019-12-01,3,190.97745175051935,184.51996195023116,114.29141238952664,77.6685381459412,279.772534533902,340.40498586758764,TRUE,TRUE,165.48112214437535,262.7364477216464,83.00240701215084,0.159,Leptospirosis,ARIMA + Fourier
2018-04-01,149,Vector-borne and zoonotic IDs,2018-2019,Pseudo interruption 2018,2018-01-01,2019-12-01,4,178.30589248128305,172.2991801485067,93.74992200286133,62.265247530252104,265.6453324441135,329.77001433443627,TRUE,TRUE,171.89541044125215,267.50476680418416,56.84280046157308,0.355,Leptospirosis,ARIMA + Fourier
2018-05-01,200,Vector-borne and zoonotic IDs,2018-2019,Pseudo interruption 2018,2018-01-01,2019-12-01,5,217.32236249971533,209.37492254055633,123.76887880185083,81.94333749892152,320.25981737932096,391.72092629129037,TRUE,TRUE,196.49093857747013,309.7775887923689,51.329591756535045,0.451,Leptospirosis,ARIMA + Fourier
2018-06-01,287,Vector-borne and zoonotic IDs,2018-2019,Pseudo interruption 2018,2018-01-01,2019-12-01,6,313.2257356714639,305.09661962657333,193.76983863377717,141.46721828240257,439.66008511271144,524.235096541943,TRUE,TRUE,245.89024647893427,382.76787825954045,69.13045026826975,0.407,Leptospirosis,ARIMA + Fourier
2018-07-01,323,Vector-borne and zoonotic IDs,2018-2019,Pseudo interruption 2018,2018-01-01,2019-12-01,7,408.8744526990753,403.0188787658765,267.31502886879184,197.33016831967612,553.96334546715525,652.5927270114779,TRUE,TRUE,286.6483165983634,455.2625586918018,128.08933601611142,0.222,Leptospirosis,ARIMA + Fourier
2018-08-01,390,Vector-borne and zoonotic IDs,2018-2019,Pseudo interruption 2018,2018-01-01,2019-12-01,8,450.33073171370046,444.6306942490678,289.92923972363883,228.2169111498191,613.2858065932639,734.4317923052938,TRUE,TRUE,323.3565668696251,506.2148811554747,115.69020134461326,0.317,Leptospirosis,ARIMA + Fourier
2018-09-01,384,Vector-borne and zoonotic IDs,2018-2019,Pseudo interruption 2018,2018-01-01,2019-12-01,9,464.8524768713492,459.2025744915734,298.313887950017,240.12789879027682,629.6484464994463,740.8653235609072,TRUE,TRUE,331.33455854942935,500.73742477063035,133.20508595199263,0.277,Leptospirosis,ARIMA + Fourier
2018-10-01,316,Vector-borne and zoonotic IDs,2018-2019,Pseudo interruption 2018,2018-01-01,2019-12-01,10,562.4249063548812,554.3970335124236,381.04555602286194,319.61330860686184,745.8343577776029,879.6064922459011,FALSE,FALSE,1015.2443619833605,704.5255279135126,381.33774584381706,0.025,Leptospirosis,ARIMA + Fourier
2018-11-01,202,Vector-borne and zoonotic IDs,2018-2019,Pseudo interruption 2018,2018-01-01,2019-12-01,11,395.2954904093644,388.80635155259273,249.96390853309683,178.29227453949244,554.7167801181848,668.8251546325382,FALSE,TRUE,784.3919569160562,490.5328800930458,294.569109552365,0.041,Leptospirosis,ARIMA + Fourier
2018-12-01,199,Vector-borne and zoonotic IDs,2018-2019,Pseudo interruption 2018,2018-01-01,2019-12-01,12,234.4639164361239,227.73032599506286,122.04677463928918,75.01444520092078,358.5901134763422,443.86040302708744,TRUE,TRUE,236.543338837053,368.8459578261667,75.58503332302544,0.371,Leptospirosis,ARIMA + Fourier
2019-01-01,184,Vector-borne and zoonotic IDs,2018-2019,Pseudo interruption 2018,2018-01-01,2019-12-01,13,226.2967592066541,215.80816212188378,108.12993541831575,66.90379075845033,352.8336735188532,439.52472833402464,TRUE,TRUE,244.7037381005374,372.6209375755743,79.50396529661599,0.348,Leptospirosis,ARIMA + Fourier
2019-02-01,135,Vector-borne and zoonotic IDs,2018-2019,Pseudo interruption 2018,2018-01-01,2019-12-01,14,167.60871241506527,158.51985807419624,72.74437389631717,37.314947296916074,278.75609830921934,362.387147131195,TRUE,TRUE,206.01172441290217,325.0721998342789,64.78065035879249,0.399,Leptospirosis,ARIMA + Fourier
2019-03-01,144,Vector-borne and zoonotic IDs,2018-2019,Pseudo interruption 2018,2018-01-01,2019-12-01,15,179.6802208022122,167.95365407277689,77.82878325079892,41.23238813998565,301.4387417480365,371.1495146314983,TRUE,TRUE,223.60995849723756,329.91712649151265,68.13720167744002,0.392,Leptospirosis,ARIMA + Fourier
2019-04-01,127,Vector-borne and zoonotic IDs,2018-2019,Pseudo interruption 2018,2018-01-01,2019-12-01,16,171.8522513633588,157.83114610903766,72.19155318712322,39.28166639604691,292.7419013566209,364.67660838200436,TRUE,TRUE,220.55034816949765,325.3949419859575,72.96877027378807,0.351,Leptospirosis,ARIMA + Fourier
2019-05-01,165,Vector-borne and zoonotic IDs,2018-2019,Pseudo interruption 2018,2018-01-01,2019-12-01,17,215.18266175079583,201.2880181854322,99.166318364867,57.98273054386339,344.450242700174,424.5329225870505,TRUE,TRUE,245.283924335307,366.5501920431871,82.93785012372237,0.357,Leptospirosis,ARIMA + Fourier
2019-06-01,201,Vector-borne and zoonotic IDs,2018-2019,Pseudo interruption 2018,2018-01-01,2019-12-01,18,314.663943354587,301.03601156756463,168.44470552069075,116.88358694155636,474.7208318757415,580.0404300489605,TRUE,TRUE,306.2761263550508,463.15684310740414,147.559263195156,0.165,Leptospirosis,ARIMA + Fourier
2019-07-01,225,Vector-borne and zoonotic IDs,2018-2019,Pseudo interruption 2018,2018-01-01,2019-12-01,19,409.6061114420158,396.4944307966907,236.81181239043707,171.10936466514522,599.8410936152203,709.6605276259859,FALSE,TRUE,481.1474051291539,538.5511629608407,235.72117597645084,0.082,Leptospirosis,ARIMA + Fourier
2019-08-01,211,Vector-borne and zoonotic IDs,2018-2019,Pseudo interruption 2018,2018-01-01,2019-12-01,20,450.77994162029563,437.6423372276373,263.7407480426139,199.0614209411004,643.5004855439116,756.9121412781719,FALSE,TRUE,907.1672179274369,557.8507203370715,348.77465346398265,0.036,Leptospirosis,ARIMA + Fourier
2019-09-01,286,Vector-borne and zoonotic IDs,2018-2019,Pseudo interruption 2018,2018-01-01,2019-12-01,21,464.8603845555923,452.095907667103,269.2235536335316,210.34852364469216,663.7484493411218,779.0072035237163,TRUE,TRUE,394.52489570759025,568.6586798790241,218.7470566420578,0.116,Leptospirosis,ARIMA + Fourier
2019-10-01,222,Vector-borne and zoonotic IDs,2018-2019,Pseudo interruption 2018,2018-01-01,2019-12-01,22,560.5944114482538,546.8249453987777,350.50814627368567,267.9728011125235,786.9710863927521,898.7090422093582,FALSE,FALSE,1721.5444028559232,2469.6482855977742,634.0929921998809,0.01,Leptospirosis,ARIMA + Fourier
2019-11-01,168,Vector-borne and zoonotic IDs,2018-2019,Pseudo interruption 2018,2018-01-01,2019-12-01,23,400.5894751815581,383.5852644459128,224.2755951876085,156.07467384880246,593.2990600256655,731.6513240734258,FALSE,TRUE,931.779416714142,575.5766502246233,344.57598423997786,0.034,Leptospirosis,ARIMA + Fourier
2019-12-01,102,Vector-borne and zoonotic IDs,2018-2019,Pseudo interruption 2018,2018-01-01,2019-12-01,24,236.83923161916348,221.19093241841924,100.33588195307094,59.051020006151134,389.9551980603878,501.9993221169608,TRUE,TRUE,289.6193161073168,442.94830211080966,159.40976859633847,0.102,Leptospirosis,ARIMA + Fourier
2017-01-01,265,Vector-borne and zoonotic IDs,2017-2019,Pseudo interruption 2017,2017-01-01,2019-12-01,1,156.32055489573858,150.88466472328912,109.01452496537176,64.86287975338055,205.08910142783716,249.40407653617928,FALSE,FALSE,695.1835621840938,808.3781353356277,234.8567635842488,0.989,Leptospirosis,ARIMA + Fourier
2017-02-01,177,Vector-borne and zoonotic IDs,2017-2019,Pseudo interruption 2017,2017-01-01,2019-12-01,2,116.28672968867657,113.12618204654896,59.282477705610766,28.662289965998568,182.25322268623702,219.04732046956994,TRUE,TRUE,122.97074498062625,190.3850305035714,78.3897747798039,0.88,Leptospirosis,ARIMA + Fourier
2017-03-01,132,Vector-borne and zoonotic IDs,2017-2019,Pseudo interruption 2017,2017-01-01,2019-12-01,3,131.4074824077033,124.1849915879403,53.661915060730514,22.859143008620617,214.02170161969434,274.73523902650913,TRUE,TRUE,160.35978655896383,251.87609601788853,41.98461641979751,0.544,Leptospirosis,ARIMA + Fourier
2017-04-01,115,Vector-borne and zoonotic IDs,2017-2019,Pseudo interruption 2017,2017-01-01,2019-12-01,4,135.1809462018147,128.10532162495798,46.36684740428232,16.03359656845883,237.60789845720763,297.8812793871503,TRUE,TRUE,191.24105105292531,281.84768281869145,52.356732781182096,0.429,Leptospirosis,ARIMA + Fourier
2017-05-01,180,Vector-borne and zoonotic IDs,2017-2019,Pseudo interruption 2017,2017-01-01,2019-12-01,5,167.90073352274553,160.22811906731278,53.48042157203272,15.611531468449796,291.08072803189543,381.4691614983863,TRUE,TRUE,237.6003064598627,365.8576300299365,68.46785898092529,0.588,Leptospirosis,ARIMA + Fourier
2017-06-01,297,Vector-borne and zoonotic IDs,2017-2019,Pseudo interruption 2017,2017-01-01,2019-12-01,6,259.4772217916673,250.25787130340836,100.19474304253743,40.59470492236044,427.05440285412277,538.4914578253589,TRUE,TRUE,326.85965981158535,497.89675290299846,109.60711864324692,0.64,Leptospirosis,ARIMA + Fourier
2017-07-01,368,Vector-borne and zoonotic IDs,2017-2019,Pseudo interruption 2017,2017-01-01,2019-12-01,7,342.7836980919591,328.4058978838467,141.55323882735084,76.02169367900936,551.6244094385363,696.1981813705213,TRUE,TRUE,410.0711706111855,620.176487691512,122.0937284983728,0.585,Leptospirosis,ARIMA + Fourier
2017-08-01,417,Vector-borne and zoonotic IDs,2017-2019,Pseudo interruption 2017,2017-01-01,2019-12-01,8,390.09712730046454,375.0092192722806,164.88521078729974,80.3627896415641,636.2315217692951,793.413169799227,TRUE,TRUE,471.3463109819954,713.050380157663,137.53004954560134,0.591,Leptospirosis,ARIMA + Fourier
2017-09-01,360,Vector-borne and zoonotic IDs,2017-2019,Pseudo interruption 2017,2017-01-01,2019-12-01,9,403.0103436248037,386.64611605642546,166.09910646360325,83.69311822039768,672.9930783564906,827.0206812363076,TRUE,TRUE,506.8939718928874,743.32756301591,132.15303086863875,0.454,Leptospirosis,ARIMA + Fourier
2017-10-01,564,Vector-borne and zoonotic IDs,2017-2019,Pseudo interruption 2017,2017-01-01,2019-12-01,10,491.5254190688595,470.9604747532095,215.2241142296386,121.1127566546767,786.7565016560591,962.4839267212286,TRUE,TRUE,571.5323874264204,841.3711700665519,199.53164898832176,0.64,Leptospirosis,ARIMA + Fourier
2017-11-01,326,Vector-borne and zoonotic IDs,2017-2019,Pseudo interruption 2017,2017-01-01,2019-12-01,11,343.659403643044,326.53672981686464,109.21902260471852,46.29225063258579,607.8926315217542,812.405030719211,TRUE,TRUE,498.67360891703566,766.1127800866252,110.86167248368243,0.499,Leptospirosis,ARIMA + Fourier
2017-12-01,307,Vector-borne and zoonotic IDs,2017-2019,Pseudo interruption 2017,2017-01-01,2019-12-01,12,197.76965590880988,168.9452011061701,25.73725209001226,0.900695029731481,397.3348207177638,566.0037023414837,TRUE,TRUE,371.59756862775157,565.1030073117522,192.5035703879743,0.807,Leptospirosis,ARIMA + Fourier
2018-01-01,192,Vector-borne and zoonotic IDs,2017-2019,Pseudo interruption 2017,2017-01-01,2019-12-01,13,180.32112357341327,151.22099262174424,15.377224277377357,0.010000000000000002,375.6219033923621,546.1403840024533,TRUE,TRUE,360.24467911498476,546.1303840024533,112.10756992110029,0.609,Leptospirosis,ARIMA + Fourier
2018-02-01,107,Vector-borne and zoonotic IDs,2017-2019,Pseudo interruption 2017,2017-01-01,2019-12-01,14,138.40390823254899,103.033691784117,3.4387809938671574,0.010000000000000002,313.75477692086207,483.7266523400211,TRUE,TRUE,310.3159959269949,483.7166523400211,72.17227201462643,0.51,Leptospirosis,ARIMA + Fourier
2018-03-01,127,Vector-borne and zoonotic IDs,2017-2019,Pseudo interruption 2017,2017-01-01,2019-12-01,15,152.72138949278255,113.297130502772,4.340742688388665,0.010000000000000002,359.34168259010124,530.3236954135045,TRUE,TRUE,355.00093990171257,530.3136954135045,88.9749937985966,0.535,Leptospirosis,ARIMA + Fourier
2018-04-01,149,Vector-borne and zoonotic IDs,2017-2019,Pseudo interruption 2017,2017-01-01,2019-12-01,16,155.79005132220578,113.60769398522498,3.1179255675678426,0.010000000000000002,359.11131669435633,541.7487714996183,TRUE,TRUE,355.9933911267885,541.7387714996183,106.94233825209089,0.587,Leptospirosis,ARIMA + Fourier
2018-05-01,200,Vector-borne and zoonotic IDs,2017-2019,Pseudo interruption 2017,2017-01-01,2019-12-01,17,186.6884076903983,137.97721043336287,8.55865559930505,0.010000000000000002,422.5956752375081,609.8562245800639,TRUE,TRUE,414.03701963820305,609.8462245800639,140.25800377862475,0.63,Leptospirosis,ARIMA + Fourier
2018-06-01,287,Vector-borne and zoonotic IDs,2017-2019,Pseudo interruption 2017,2017-01-01,2019-12-01,18,278.6470394438406,227.58490622071002,34.4024596213991,0.7383022680793245,596.7682078557265,796.9611032537937,TRUE,TRUE,562.3657482343274,796.2228009857143,169.35950678035292,0.604,Leptospirosis,ARIMA + Fourier
2018-07-01,323,Vector-borne and zoonotic IDs,2017-2019,Pseudo interruption 2017,2017-01-01,2019-12-01,19,363.80111305746794,312.60724352558356,62.91515382567526,13.54661653774842,741.051576878091,1008.5390718427452,TRUE,TRUE,678.1364230524158,994.9924553049968,156.6157310801196,0.521,Leptospirosis,ARIMA + Fourier
2018-08-01,390,Vector-borne and zoonotic IDs,2017-2019,Pseudo interruption 2017,2017-01-01,2019-12-01,20,408.495915025489,348.2058670135051,79.684127226089,12.117482001896063,809.6659368530509,1142.1130490819924,TRUE,TRUE,729.9818096269619,1129.9955670800964,195.4322186127137,0.561,Leptospirosis,ARIMA + Fourier
2018-09-01,384,Vector-borne and zoonotic IDs,2017-2019,Pseudo interruption 2017,2017-01-01,2019-12-01,21,424.30413029624884,363.0314690526201,79.44036676789645,12.57247924447916,858.176448391603,1148.9991393327357,TRUE,TRUE,778.7360816237066,1136.4266600882565,186.82966422122723,0.533,Leptospirosis,ARIMA + Fourier
2018-10-01,316,Vector-borne and zoonotic IDs,2017-2019,Pseudo interruption 2017,2017-01-01,2019-12-01,22,513.809920378946,449.85530234021496,111.73191499590777,30.408950031802732,1011.9383064040107,1329.5088674498556,TRUE,TRUE,900.206391408103,1299.0999174180529,303.0812611941906,0.337,Leptospirosis,ARIMA + Fourier
2018-11-01,202,Vector-borne and zoonotic IDs,2017-2019,Pseudo interruption 2017,2017-01-01,2019-12-01,23,368.0989421983842,307.22768873744826,43.851888139216896,1.2090456466292696,785.0206291383053,1073.6741130825005,TRUE,TRUE,741.1687409990884,1072.4650674358713,245.66775224724762,0.35,Leptospirosis,ARIMA + Fourier
2018-12-01,199,Vector-borne and zoonotic IDs,2017-2019,Pseudo interruption 2017,2017-01-01,2019-12-01,24,223.8175731004116,153.89081236767274,1.22760407323125,0.010000000000000002,548.7122374050114,800.7875988450807,TRUE,TRUE,547.4846333317801,800.7775988450807,155.71599539274985,0.577,Leptospirosis,ARIMA + Fourier
2019-01-01,184,Vector-borne and zoonotic IDs,2017-2019,Pseudo interruption 2017,2017-01-01,2019-12-01,25,207.34761001315331,135.85326623232527,0.1999373827072913,0.010000000000000002,524.4039209717193,792.0242165886789,TRUE,TRUE,524.2039835890121,792.0142165886789,154.07059305192888,0.584,Leptospirosis,ARIMA + Fourier
2019-02-01,135,Vector-borne and zoonotic IDs,2017-2019,Pseudo interruption 2017,2017-01-01,2019-12-01,26,168.36242023490271,95.87694563575452,0.010000000000000002,0.010000000000000002,445.52847180469485,692.9843538364096,TRUE,TRUE,445.51847180469485,692.9743538364096,130.30037313360396,0.573,Leptospirosis,ARIMA + Fourier
2019-03-01,144,Vector-borne and zoonotic IDs,2017-2019,Pseudo interruption 2017,2017-01-01,2019-12-01,27,183.69157340707386,110.11830794487642,0.010000000000000002,0.010000000000000002,482.5488658468107,733.6885502178484,TRUE,TRUE,482.5388658468107,733.6785502178484,133.65871418830253,0.565,Leptospirosis,ARIMA + Fourier
2019-04-01,127,Vector-borne and zoonotic IDs,2017-2019,Pseudo interruption 2017,2017-01-01,2019-12-01,28,189.21836266906323,110.31865564774878,0.010000000000000002,0.010000000000000002,505.8348595679649,800.288541455605,TRUE,TRUE,505.8248595679649,800.278541455605,126.28819467089957,0.534,Leptospirosis,ARIMA + Fourier
2019-05-01,165,Vector-borne and zoonotic IDs,2017-2019,Pseudo interruption 2017,2017-01-01,2019-12-01,29,220.86398782144258,140.8424980275258,0.010000000000000002,0.010000000000000002,558.1573902441204,905.7713103291859,TRUE,TRUE,558.1473902441204,905.7613103291859,144.8600364302061,0.546,Leptospirosis,ARIMA + Fourier
2019-06-01,201,Vector-borne and zoonotic IDs,2017-2019,Pseudo interruption 2017,2017-01-01,2019-12-01,30,314.01167246899206,234.85086499517894,8.663680783086237,0.010000000000000002,731.384896135599,1122.52971086404,TRUE,TRUE,722.7212153525128,1122.51971086404,187.6168748871068,0.451,Leptospirosis,ARIMA + Fourier
2019-07-01,225,Vector-borne and zoonotic IDs,2017-2019,Pseudo interruption 2017,2017-01-01,2019-12-01,31,393.7185062177416,308.658926659405,26.11965431061496,0.010000000000000002,887.8076524813389,1255.6326311299813,TRUE,TRUE,861.687998170724,1255.6226311299813,255.0221262800391,0.386,Leptospirosis,ARIMA + Fourier
2019-08-01,211,Vector-borne and zoonotic IDs,2017-2019,Pseudo interruption 2017,2017-01-01,2019-12-01,32,440.0160888118446,359.41543409545955,37.39719637765337,0.010000000000000002,970.7646303213918,1338.8687081193798,TRUE,TRUE,933.3674339437384,1338.8587081193798,321.625485032141,0.337,Leptospirosis,ARIMA + Fourier
2019-09-01,286,Vector-borne and zoonotic IDs,2017-2019,Pseudo interruption 2017,2017-01-01,2019-12-01,33,455.1159585352155,357.60752198723935,36.978419893869194,0.1614648207333442,1033.5239142407424,1406.5074358755587,TRUE,TRUE,996.5454943468733,1406.3459710548254,272.9871355274842,0.418,Leptospirosis,ARIMA + Fourier
2019-10-01,222,Vector-borne and zoonotic IDs,2017-2019,Pseudo interruption 2017,2017-01-01,2019-12-01,34,543.0648531091132,440.71872658351856,64.36264004962273,4.65932096794565,1183.5679927582312,1577.4662643160157,TRUE,TRUE,1119.2053527086084,1572.80694334807,416.96011543411504,0.267,Leptospirosis,ARIMA + Fourier
2019-11-01,168,Vector-borne and zoonotic IDs,2017-2019,Pseudo interruption 2017,2017-01-01,2019-12-01,35,400.1556762917606,300.83198328431683,17.296038224882704,0.010000000000000002,925.8811636445703,1297.769403598404,TRUE,TRUE,908.5851254196875,1297.759403598404,303.54958283853966,0.344,Leptospirosis,ARIMA + Fourier
2019-12-01,102,Vector-borne and zoonotic IDs,2017-2019,Pseudo interruption 2017,2017-01-01,2019-12-01,36,253.30382305842053,151.1617197551367,0.010000000000000002,0.010000000000000002,659.0272230144511,987.3417545499956,TRUE,TRUE,659.0172230144511,987.3317545499956,184.26540166842136,0.414,Leptospirosis,ARIMA + Fourier
2019-01-01,563,Vector-borne and zoonotic IDs,2019,Pseudo interruption 2019,2019-01-01,2019-12-01,1,553.7086663631912,553.8164111815876,549.2584386506301,548.3002203954421,557.4829432185721,561.5206510359438,FALSE,FALSE,63.39507238222075,72.39438920274802,20.385858203995188,0.991,Scrub Typhus,ETS
2019-02-01,430,Vector-borne and zoonotic IDs,2019,Pseudo interruption 2019,2019-01-01,2019-12-01,2,419.0289480005067,419.11844466491794,415.09079222979045,413.31608768469914,422.69835168583586,425.3518615101587,FALSE,FALSE,80.62404259768681,197.9613134191116,29.523543620459996,1,Scrub Typhus,ETS
2019-03-01,425,Vector-borne and zoonotic IDs,2019,Pseudo interruption 2019,2019-01-01,2019-12-01,3,401.08097635179655,401.18096521371945,397.23604957108734,395.43083932357763,404.2279543841174,407.66724493439915,FALSE,FALSE,214.71236097185584,705.5466082348555,81.6310699139156,1,Scrub Typhus,ETS
2019-04-01,332,Vector-borne and zoonotic IDs,2019,Pseudo interruption 2019,2019-01-01,2019-12-01,4,374.1806537734081,374.33603313593443,370.40071271119945,368.6576148558261,377.4774539518924,380.47573024150694,FALSE,FALSE,391.08386835268743,1478.1227096187258,155.56715382992655,0,Scrub Typhus,ETS
2019-05-01,459,Vector-borne and zoonotic IDs,2019,Pseudo interruption 2019,2019-01-01,2019-12-01,5,519.3930207854544,519.4890688167286,515.3343827482034,513.9890784633716,522.8814406586962,526.7626100261053,FALSE,FALSE,570.8908853925271,2212.336670097597,228.22726352009113,0,Scrub Typhus,ETS
2019-06-01,860,Vector-borne and zoonotic IDs,2019,Pseudo interruption 2019,2019-01-01,2019-12-01,6,838.1141610348755,838.2186728545607,833.2186710230447,829.7674708315111,842.9734460577508,847.6568025458322,FALSE,FALSE,180.02031445719774,511.6172298810334,66.69300122474439,1,Scrub Typhus,ETS
2019-07-01,959,Vector-borne and zoonotic IDs,2019,Pseudo interruption 2019,2019-01-01,2019-12-01,7,1047.3605215942907,1047.5664531669008,1040.7541484721112,1039.8561886378661,1053.7637225194337,1058.0328528924233,FALSE,FALSE,830.5510587684344,3252.424209769202,333.83830032723824,0,Scrub Typhus,ETS
2019-08-01,951,Vector-borne and zoonotic IDs,2019,Pseudo interruption 2019,2019-01-01,2019-12-01,8,1037.3488286501893,1037.4396813197816,1031.839996488631,1029.6844545219078,1043.4831045102867,1047.9601197466272,FALSE,FALSE,820.0430729079653,3165.653846101032,326.984790565141,0,Scrub Typhus,ETS
2019-09-01,971,Vector-borne and zoonotic IDs,2019,Pseudo interruption 2019,2019-01-01,2019-12-01,9,1053.479124859859,1053.6806053053003,1046.7009501065083,1044.2026815362249,1059.7475238755828,1064.0287459919164,FALSE,FALSE,770.0560748341579,2947.933325904686,307.270789253893,0,Scrub Typhus,ETS
2019-10-01,996,Vector-borne and zoonotic IDs,2019,Pseudo interruption 2019,2019-01-01,2019-12-01,10,1121.6148087680672,1121.8558039151815,1115.6819154537752,1111.8263932056616,1126.790557462931,1132.5326652674885,FALSE,FALSE,1207.927796546908,4653.76200028829,480.1035705911821,0,Scrub Typhus,ETS
2019-11-01,719,Vector-borne and zoonotic IDs,2019,Pseudo interruption 2019,2019-01-01,2019-12-01,11,920.5956135600502,920.8383075199656,914.3935484894604,912.0529684285068,925.9014225055317,930.5938534095889,FALSE,FALSE,1965.4433589106752,7740.659622121354,785.5679683265347,0,Scrub Typhus,ETS
2019-12-01,363,Vector-borne and zoonotic IDs,2019,Pseudo interruption 2019,2019-01-01,2019-12-01,12,601.0555258212953,601.1010283025521,596.6489346969261,593.9652311263686,605.7033092153941,608.9453775976434,FALSE,FALSE,2345.543721487729,9253.589391526019,935.9113937411191,0,Scrub Typhus,ETS
2018-01-01,518,Vector-borne and zoonotic IDs,2018-2019,Pseudo interruption 2018,2018-01-01,2019-12-01,1,503.3413537690703,503.5269214829968,499.315913518752,496.7849599188398,506.91579210543944,510.8132824652936,FALSE,FALSE,118.44195753229309,301.4970239347105,42.589056976157885,1,Scrub Typhus,ETS
2018-02-01,405,Vector-borne and zoonotic IDs,2018-2019,Pseudo interruption 2018,2018-01-01,2019-12-01,2,373.45321419877223,373.7189552745734,369.497789445603,367.7241473960312,376.6752302132253,379.97084386305465,FALSE,FALSE,290.42513863536936,1013.4129419448373,112.0293756397939,1,Scrub Typhus,ETS
2018-03-01,382,Vector-borne and zoonotic IDs,2018-2019,Pseudo interruption 2018,2018-01-01,2019-12-01,3,351.49531381730577,351.7031534519351,348.1682355821237,346.0405538426527,354.53713481994197,355.68244032188824,FALSE,FALSE,280.99755103839857,1062.3442736037061,111.6908563487439,1,Scrub Typhus,ETS
2018-04-01,359,Vector-borne and zoonotic IDs,2018-2019,Pseudo interruption 2018,2018-01-01,2019-12-01,4,332.2859809684417,332.40619784942425,329.1239931944558,327.0128626172621,335.395808826995,338.39660743849856,FALSE,FALSE,242.31372736258925,835.5194472812939,93.46601598972664,1,Scrub Typhus,ETS
2018-05-01,679,Vector-borne and zoonotic IDs,2018-2019,Pseudo interruption 2018,2018-01-01,2019-12-01,5,456.93836999645924,457.3249306834939,452.7941456999822,450.83050988046625,460.1774418291178,461.75599157062067,FALSE,FALSE,2195.608877837957,8700.685818865328,876.6649086618911,1,Scrub Typhus,ETS
2018-06-01,1076,Vector-borne and zoonotic IDs,2018-2019,Pseudo interruption 2018,2018-01-01,2019-12-01,6,746.4701873174772,746.7620705999063,741.597666963701,738.4966279751276,750.8795042320338,755.5791417695618,FALSE,FALSE,3260.4867949479944,12833.91684301196,1298.4249044322326,1,Scrub Typhus,ETS
2018-07-01,1204,Vector-borne and zoonotic IDs,2018-2019,Pseudo interruption 2018,2018-01-01,2019-12-01,7,950.0418074214966,950.4603671805462,944.6437350763138,941.1434056382524,955.0682067528016,960.4151863572672,FALSE,FALSE,2499.7424041484715,9762.664326428327,993.2970639764515,1,Scrub Typhus,ETS
2018-08-01,1206,Vector-borne and zoonotic IDs,2018-2019,Pseudo interruption 2018,2018-01-01,2019-12-01,8,944.0142821286083,944.1406308971616,938.6034675342911,937.4330464988258,949.2218992117504,954.2107326666121,FALSE,FALSE,2578.3994395599552,10088.348379503303,1025.5653407919958,1,Scrub Typhus,ETS
2018-09-01,1248,Vector-borne and zoonotic IDs,2018-2019,Pseudo interruption 2018,2018-01-01,2019-12-01,9,948.404309697578,948.6974829687122,942.20696123115,939.329640334546,953.6036171920365,958.5481343447667,FALSE,FALSE,2955.360484040522,11597.293120219552,1176.191415880296,1,Scrub Typhus,ETS
2018-10-01,1251,Vector-borne and zoonotic IDs,2018-2019,Pseudo interruption 2018,2018-01-01,2019-12-01,10,993.20669155875,993.3545868107801,987.224282619172,983.8289775493965,999.3996222771411,1004.0341741978978,FALSE,FALSE,2528.179116886558,9898.838228732591,1006.578518402529,1,Scrub Typhus,ETS
2018-11-01,824,Vector-borne and zoonotic IDs,2018-2019,Pseudo interruption 2018,2018-01-01,2019-12-01,11,831.3596564414712,831.5081881257231,826.2194432841045,822.872559282206,836.1837576017414,841.1427634173418,FALSE,TRUE,32.15874715868188,18.270204135135828,11.88275821137302,0.039,Scrub Typhus,ETS
2018-12-01,598,Vector-borne and zoonotic IDs,2018-2019,Pseudo interruption 2018,2018-01-01,2019-12-01,12,548.3229311751364,548.5670489306251,543.6342241518812,541.4491638420072,552.2992653966254,556.0693479706033,FALSE,FALSE,465.6723872784902,1691.846265304464,181.72779343223692,1,Scrub Typhus,ETS
2019-01-01,563,Vector-borne and zoonotic IDs,2018-2019,Pseudo interruption 2018,2018-01-01,2019-12-01,13,515.4019751708106,515.7850617080937,510.82800005724874,508.77174035418057,519.6194122736764,522.9414204110573,FALSE,FALSE,442.59728947966363,1616.512863614586,173.24803149485464,1,Scrub Typhus,ETS
2019-02-01,430,Vector-borne and zoonotic IDs,2018-2019,Pseudo interruption 2018,2018-01-01,2019-12-01,14,382.41636710905357,382.5835785979282,378.8118297100122,376.7097325054193,385.60387554539625,389.251661353467,FALSE,FALSE,450.75329038142155,1642.4754747093677,175.75268257105964,1,Scrub Typhus,ETS
2019-03-01,425,Vector-borne and zoonotic IDs,2018-2019,Pseudo interruption 2018,2018-01-01,2019-12-01,15,359.67530216963735,359.88565814637116,356.19968736608433,354.1613835717929,362.7524837872434,366.02123256357703,FALSE,FALSE,629.0279585487249,2371.010546448703,247.57636870864718,1,Scrub Typhus,ETS
2019-04-01,332,Vector-borne and zoonotic IDs,2018-2019,Pseudo interruption 2018,2018-01-01,2019-12-01,16,339.99185616691443,340.2068985687006,336.2334814673302,334.6691989725108,343.05535544571376,346.0280088139629,FALSE,FALSE,49.1566886516855,118.12676874188406,19.155659788905506,0,Scrub Typhus,ETS
2019-05-01,459,Vector-borne and zoonotic IDs,2018-2019,Pseudo interruption 2018,2018-01-01,2019-12-01,17,467.2524654367209,467.49995889495574,462.9470393408189,460.9308138047432,470.8733806450873,472.2265676607579,FALSE,FALSE,47.39673471245732,88.52830604574251,17.92457691178746,0.018,Scrub Typhus,ETS
2019-06-01,860,Vector-borne and zoonotic IDs,2018-2019,Pseudo interruption 2018,2018-01-01,2019-12-01,18,762.4712790945911,762.6844893242189,756.9508347813801,754.4149156695399,767.1626593769769,771.9129014188197,FALSE,FALSE,938.585230825828,3540.9819289964908,369.66532263261695,1,Scrub Typhus,ETS
2019-07-01,959,Vector-borne and zoonotic IDs,2018-2019,Pseudo interruption 2018,2018-01-01,2019-12-01,19,970.0500925825959,970.4604871786645,963.8183520889338,960.9930993328222,975.3738288705417,980.4382862429975,FALSE,FALSE,59.73899767094599,99.1691602230643,22.693395779205527,0.023,Scrub Typhus,ETS
2019-08-01,951,Vector-borne and zoonotic IDs,2018-2019,Pseudo interruption 2018,2018-01-01,2019-12-01,20,963.709551751315,964.0179129693555,958.1790688419793,954.5745461463333,968.9634520190425,974.2448659992273,FALSE,FALSE,82.57507159685622,162.6521657062267,30.13242845923047,0.01,Scrub Typhus,ETS
2019-09-01,971,Vector-borne and zoonotic IDs,2018-2019,Pseudo interruption 2018,2018-01-01,2019-12-01,21,967.804585520919,968.1856727822837,962.1338667032726,958.5219059941891,972.8842023145877,978.2326471028007,TRUE,TRUE,10.750335611315109,19.710741108611614,4.759945116327886,0.756,Scrub Typhus,ETS
2019-10-01,996,Vector-borne and zoonotic IDs,2018-2019,Pseudo interruption 2018,2018-01-01,2019-12-01,22,1012.5707440995748,1013.0996015498972,1006.1871515444017,1003.2136699125421,1017.8615828752193,1023.37637802148,FALSE,FALSE,113.5459467748343,308.70950461062034,44.19541290831608,0,Scrub Typhus,ETS
2019-11-01,719,Vector-borne and zoonotic IDs,2018-2019,Pseudo interruption 2018,2018-01-01,2019-12-01,23,847.7614122378634,847.9963673248877,842.3330416223434,839.1969993389816,852.8671625263603,857.1286181831174,FALSE,FALSE,1243.8645371274513,4825.811592403401,495.2478834964385,0,Scrub Typhus,ETS
2019-12-01,363,Vector-borne and zoonotic IDs,2018-2019,Pseudo interruption 2018,2018-01-01,2019-12-01,24,558.6831733667758,558.9885763741123,554.0147500128263,552.0062713209618,562.719046959461,566.5616980846759,FALSE,FALSE,1918.8517970748978,7574.806279602186,766.799399815361,0,Scrub Typhus,ETS
2017-01-01,513,Vector-borne and zoonotic IDs,2017-2019,Pseudo interruption 2017,2017-01-01,2019-12-01,1,494.74874913247675,494.9310551720888,490.28999460400553,488.1541830775399,499.12164489557506,502.13539531130687,FALSE,FALSE,147.61520133581894,448.5653997814923,56.01620406731969,1,Scrub Typhus,ETS
2017-02-01,406,Vector-borne and zoonotic IDs,2017-2019,Pseudo interruption 2017,2017-01-01,2019-12-01,2,368.3657080232371,368.5126725497219,364.73794501502806,362.9622626088391,371.5713842300299,374.5516868226564,FALSE,FALSE,351.11959691470304,1269.5219513075615,136.9498755188774,1,Scrub Typhus,ETS
2017-03-01,314,Vector-borne and zoonotic IDs,2017-2019,Pseudo interruption 2017,2017-01-01,2019-12-01,3,353.39802482842913,353.5306626784628,349.80583441867395,348.0053761178405,356.53635226103626,359.82555842566313,FALSE,FALSE,364.78886202910184,1372.035227021443,144.87215714828426,0,Scrub Typhus,ETS
2017-04-01,274,Vector-borne and zoonotic IDs,2017-2019,Pseudo interruption 2017,2017-01-01,2019-12-01,4,338.63663815438207,338.64898363981837,334.96949122051,333.6572492423842,341.62645690155654,344.7727256270914,FALSE,FALSE,616.3518778861467,2397.4054460800744,246.23170521684114,0,Scrub Typhus,ETS
2017-05-01,407,Vector-borne and zoonotic IDs,2017-2019,Pseudo interruption 2017,2017-01-01,2019-12-01,5,454.03710343711765,454.04632228624826,449.7842105173826,448.2768670287993,458.2448432067869,461.1327382335534,FALSE,FALSE,436.3027378632301,1663.9305523567261,174.00271798138448,0,Scrub Typhus,ETS
2017-06-01,731,Vector-borne and zoonotic IDs,2017-2019,Pseudo interruption 2017,2017-01-01,2019-12-01,6,726.4870030762676,726.4504609159196,721.0566943959623,718.4660711932785,731.7874821610299,736.1703861587772,TRUE,TRUE,10.73078776506759,17.704314965498725,6.0647299082950665,0.879,Scrub Typhus,ETS
2017-07-01,927,Vector-borne and zoonotic IDs,2017-2019,Pseudo interruption 2017,2017-01-01,2019-12-01,7,923.7659034054658,923.7254267586177,918.1376598165288,915.0914004704913,929.0137678982265,933.6655923577042,TRUE,TRUE,10.876108081697794,18.57419188721292,5.102803561666015,0.765,Scrub Typhus,ETS
2017-08-01,889,Vector-borne and zoonotic IDs,2017-2019,Pseudo interruption 2017,2017-01-01,2019-12-01,8,933.3457698747233,933.5047268435294,927.1267763062954,920.9807290722534,939.2893920783333,943.3891959885893,FALSE,FALSE,393.43037883499164,1301.6376298064733,150.61814728068111,0,Scrub Typhus,ETS
2017-09-01,783,Vector-borne and zoonotic IDs,2017-2019,Pseudo interruption 2017,2017-01-01,2019-12-01,9,940.7295856897628,940.9702455211869,934.6900899896636,931.7402333291916,946.2659228148929,951.0184199412776,FALSE,FALSE,1528.4767327218656,5968.88751977975,609.687974443638,0,Scrub Typhus,ETS
2017-10-01,941,Vector-borne and zoonotic IDs,2017-2019,Pseudo interruption 2017,2017-01-01,2019-12-01,10,993.507698670764,993.3893473927319,987.2716729573107,984.8906593435709,999.6593377864783,1003.9225631193218,FALSE,FALSE,475.10439440227435,1774.6582775185852,188.91451211929285,0,Scrub Typhus,ETS
2017-11-01,720,Vector-borne and zoonotic IDs,2017-2019,Pseudo interruption 2017,2017-01-01,2019-12-01,11,832.2006353246281,832.4194820056806,826.5132892594546,823.663804466653,836.996330800177,841.367008252541,FALSE,FALSE,1075.6159341352686,4164.255382452008,428.6043503642678,0,Scrub Typhus,ETS
2017-12-01,545,Vector-borne and zoonotic IDs,2017-2019,Pseudo interruption 2017,2017-01-01,2019-12-01,12,539.0254970068166,539.1990346291329,534.329551437443,532.0997768537437,543.0905564999857,546.2855523915429,FALSE,TRUE,27.85544006268549,14.185775537799145,9.665073728235294,0.966,Scrub Typhus,ETS
2018-01-01,518,Vector-borne and zoonotic IDs,2017-2019,Pseudo interruption 2017,2017-01-01,2019-12-01,13,508.23035558156323,508.26130030173283,503.7513222957715,501.5863572631622,512.2589843998097,515.3620992935337,FALSE,FALSE,65.91781810594102,119.2917702890245,23.10948146712528,0.987,Scrub Typhus,ETS
2018-02-01,405,Vector-borne and zoonotic IDs,2017-2019,Pseudo interruption 2017,2017-01-01,2019-12-01,14,378.0098758684642,378.15173041595165,374.0963596242211,372.2310131780649,381.12952130249636,384.11967404789107,FALSE,FALSE,245.73794865331166,847.1016989541835,94.68075540993588,1,Scrub Typhus,ETS
2018-03-01,382,Vector-borne and zoonotic IDs,2017-2019,Pseudo interruption 2017,2017-01-01,2019-12-01,15,362.600658353878,362.6900381037291,358.95736044024164,357.1301950187854,365.8474123435334,369.1030536098541,FALSE,FALSE,168.41592846795783,527.8507141969046,63.50854663976618,1,Scrub Typhus,ETS
2018-04-01,359,Vector-borne and zoonotic IDs,2017-2019,Pseudo interruption 2017,2017-01-01,2019-12-01,16,347.07319133612356,347.243081690287,343.48492324047305,341.72968102020894,350.1838541064207,351.6325549786374,FALSE,FALSE,94.86038980174055,304.60067481293186,36.76722400856617,1,Scrub Typhus,ETS
2018-05-01,679,Vector-borne and zoonotic IDs,2017-2019,Pseudo interruption 2017,2017-01-01,2019-12-01,17,465.3207022638172,465.43063763306805,460.93640381400206,458.9027370776663,469.5406931745818,473.0737160277599,FALSE,FALSE,2103.197357614762,8251.222337839698,837.4159606254955,1,Scrub Typhus,ETS
2018-06-01,1076,Vector-borne and zoonotic IDs,2017-2019,Pseudo interruption 2017,2017-01-01,2019-12-01,18,743.662140446122,743.8908605084815,738.5409554894153,735.9190834644841,748.0841207522311,750.41834135511,FALSE,FALSE,3288.7019577405044,13037.765603686226,1313.3902489791446,1,Scrub Typhus,ETS
2018-07-01,1204,Vector-borne and zoonotic IDs,2017-2019,Pseudo interruption 2017,2017-01-01,2019-12-01,19,945.7804125350298,946.0840183429365,939.7249770199466,936.7671797763403,950.8528529976022,956.0970355940436,FALSE,FALSE,2542.5993460016334,9935.448432055959,1010.5666179681506,1,Scrub Typhus,ETS
2018-08-01,1206,Vector-borne and zoonotic IDs,2017-2019,Pseudo interruption 2017,2017-01-01,2019-12-01,20,954.5794853147034,954.7049986431543,948.4667659381885,942.303508910137,960.1810752036217,964.9683447153112,FALSE,FALSE,2469.903557229216,9663.931047192726,982.7778121298601,1,Scrub Typhus,ETS
2018-09-01,1248,Vector-borne and zoonotic IDs,2017-2019,Pseudo interruption 2017,2017-01-01,2019-12-01,21,961.9588700807491,961.9433983830883,955.7351387337659,953.5176856199447,967.4401654250505,972.2454745866326,FALSE,FALSE,2817.3033724407796,11048.908805501385,1121.5701731041095,1,Scrub Typhus,ETS
2018-10-01,1251,Vector-borne and zoonotic IDs,2017-2019,Pseudo interruption 2017,2017-01-01,2019-12-01,22,1014.9777564878926,1015.0460661748305,1008.7754491485698,1005.7658263264655,1020.3591306645013,1025.7913459980314,FALSE,FALSE,2317.9923748709184,9028.371679750311,920.7767942294952,1,Scrub Typhus,ETS
2018-11-01,824,Vector-borne and zoonotic IDs,2017-2019,Pseudo interruption 2017,2017-01-01,2019-12-01,23,850.1076978683492,850.3237020729832,844.2370360953266,842.171462113125,855.2402711823794,859.2484664351498,FALSE,FALSE,213.37359604031906,743.9354888470255,84.95615657871865,0,Scrub Typhus,ETS
2018-12-01,598,Vector-borne and zoonotic IDs,2017-2019,Pseudo interruption 2017,2017-01-01,2019-12-01,24,550.2078212303186,550.2133918596461,545.978330366179,543.2675415184679,554.8342249717334,558.0114795789572,FALSE,FALSE,440.51364488822026,1614.2847549022026,173.2828598904865,1,Scrub Typhus,ETS
2019-01-01,563,Vector-borne and zoonotic IDs,2017-2019,Pseudo interruption 2017,2017-01-01,2019-12-01,25,518.5747012250555,518.8661418763705,513.8008789062801,511.8617605302465,522.6425796780525,526.1760836142238,FALSE,FALSE,412.41590399124766,1487.270978515026,160.78447027810427,1,Scrub Typhus,ETS
2019-02-01,430,Vector-borne and zoonotic IDs,2017-2019,Pseudo interruption 2017,2017-01-01,2019-12-01,26,385.42212940811095,385.4126926073647,381.98116194484163,380.17633181386424,388.5891353362498,391.6867778023583,FALSE,FALSE,420.7166200289102,1544.0393338941628,164.7460784745004,1,Scrub Typhus,ETS
2019-03-01,425,Vector-borne and zoonotic IDs,2017-2019,Pseudo interruption 2017,2017-01-01,2019-12-01,27,369.6118669023538,369.7203996110715,365.91844894180895,364.1067222167984,372.9081621601182,376.19500050827946,FALSE,FALSE,527.9080916171273,1964.2882579603024,207.2605052882953,1,Scrub Typhus,ETS
2019-04-01,332,Vector-borne and zoonotic IDs,2017-2019,Pseudo interruption 2017,2017-01-01,2019-12-01,28,353.84559514559794,353.8114970497471,350.12617747515793,348.24598753273744,357.5390670777729,360.60463070118396,FALSE,FALSE,188.6746643541943,662.1981444779443,74.12506971558655,0,Scrub Typhus,ETS
2019-05-01,459,Vector-borne and zoonotic IDs,2017-2019,Pseudo interruption 2017,2017-01-01,2019-12-01,29,473.7172375200114,473.7914707986755,469.6117035011937,467.4337996385094,477.3212767457795,481.11718593151727,FALSE,FALSE,113.82660825652272,351.0353718333844,44.086848833319415,0,Scrub Typhus,ETS
2019-06-01,860,Vector-borne and zoonotic IDs,2017-2019,Pseudo interruption 2017,2017-01-01,2019-12-01,30,757.4310759211567,757.6424585398887,752.4824393589417,749.9310059774502,761.8549910325104,766.068121836964,FALSE,FALSE,990.8226413484648,3773.412242380954,391.3541454790816,1,Scrub Typhus,ETS
2019-07-01,959,Vector-borne and zoonotic IDs,2017-2019,Pseudo interruption 2017,2017-01-01,2019-12-01,31,962.349610916668,962.6580264595434,956.2521575690319,953.3219914443325,968.0142991879984,972.2918483768649,TRUE,TRUE,11.762141618966552,18.969856932532366,5.567158103970669,0.258,Scrub Typhus,ETS
2019-08-01,951,Vector-borne and zoonotic IDs,2017-2019,Pseudo interruption 2017,2017-01-01,2019-12-01,32,970.8837351546417,970.9686126259674,964.9810369912128,962.6467930439551,976.1303365189724,980.8985193287795,FALSE,FALSE,150.95966943988776,484.1234480430278,59.49337513287704,0,Scrub Typhus,ETS
2019-09-01,971,Vector-borne and zoonotic IDs,2017-2019,Pseudo interruption 2017,2017-01-01,2019-12-01,33,977.9625120511171,978.0603838440812,971.7461835132115,968.7923560905464,983.6029423741926,987.9147584314128,FALSE,TRUE,19.31859399309576,19.122402340866415,9.504178207794961,0.065,Scrub Typhus,ETS
2019-10-01,996,Vector-borne and zoonotic IDs,2017-2019,Pseudo interruption 2017,2017-01-01,2019-12-01,34,1031.6358692083622,1031.8114046280077,1025.5111192953916,1022.2915144492441,1036.8761795673997,1041.9182240343396,FALSE,FALSE,306.4762532259242,1071.28728755486,120.53681572074845,0,Scrub Typhus,ETS
2019-11-01,719,Vector-borne and zoonotic IDs,2017-2019,Pseudo interruption 2017,2017-01-01,2019-12-01,35,863.4479545417942,863.7772206843572,857.7098220214149,854.8577186814914,868.8513447730592,872.8912720256652,FALSE,FALSE,1398.239742965793,5452.34230060383,557.6338274461659,0,Scrub Typhus,ETS
2019-12-01,363,Vector-borne and zoonotic IDs,2017-2019,Pseudo interruption 2017,2017-01-01,2019-12-01,36,558.9094230518808,558.9906891237428,554.0577294868995,551.7871221892559,563.4436720094695,567.3158006313115,FALSE,FALSE,1919.9632373915647,7567.013566012292,766.6672119221363,0,Scrub Typhus,ETS
2019-01-01,144,Vector-borne and zoonotic IDs,2019,Pseudo interruption 2019,2019-01-01,2019-12-01,1,103.34253732318,94.74777682186243,35.41327287400609,15.587586223258988,177.329955582412,259.8379393727295,TRUE,TRUE,141.91668270840592,244.25035314947053,71.87846190183383,0.812,Malaria,Hybrid
2019-02-01,106,Vector-borne and zoonotic IDs,2019,Pseudo interruption 2019,2019-01-01,2019-12-01,2,70.5642258042687,59.71373084329323,18.27484393575855,8.174403009366362,136.01515358168464,187.18653780889466,TRUE,TRUE,117.74030964592609,179.0121347995283,63.02795026069473,0.808,Malaria,Hybrid
2019-03-01,100,Vector-borne and zoonotic IDs,2019,Pseudo interruption 2019,2019-01-01,2019-12-01,3,73.38001251637505,64.07920662766362,17.403882847330323,8.14973715809059,137.36881405691108,203.23751334054637,TRUE,TRUE,119.96493120958075,195.08777618245577,55.734534738700255,0.783,Malaria,Hybrid
2019-04-01,135,Vector-borne and zoonotic IDs,2019,Pseudo interruption 2019,2019-01-01,2019-12-01,4,107.97911885718972,96.64599908646379,38.48431575610781,24.159808909989,183.60714649474468,248.23781682187456,TRUE,TRUE,145.12283073863688,224.07800791188555,62.8659739654863,0.745,Malaria,Hybrid
2019-05-01,256,Vector-borne and zoonotic IDs,2019,Pseudo interruption 2019,2019-01-01,2019-12-01,5,205.38756420286822,196.948889293105,103.53722233655157,76.7289599510382,314.57153367899747,406.46075493873593,TRUE,TRUE,211.0343113424459,329.73179498769775,94.19565017981526,0.779,Malaria,Hybrid
2019-06-01,416,Vector-borne and zoonotic IDs,2019,Pseudo interruption 2019,2019-01-01,2019-12-01,6,267.6062603274929,252.75118079572033,155.24320769386298,121.65594799314158,393.35731782007247,477.52289976865,FALSE,TRUE,464.5409319254848,355.8669517755084,219.16028254252166,0.942,Malaria,Hybrid
2019-07-01,295,Vector-borne and zoonotic IDs,2019,Pseudo interruption 2019,2019-01-01,2019-12-01,7,208.78608403236248,194.6704183049337,111.73893824371046,71.97197324074047,319.36445741313685,426.629331462231,TRUE,TRUE,207.62551916942638,354.65735822149054,127.67004275202089,0.84,Malaria,Hybrid
2019-08-01,172,Vector-borne and zoonotic IDs,2019,Pseudo interruption 2019,2019-01-01,2019-12-01,8,118.21667468436688,107.38409662338546,45.99314451295521,29.86407076889029,197.77381743224186,284.4676213113133,TRUE,TRUE,151.78067291928664,254.603550542423,86.1617723900744,0.845,Malaria,Hybrid
2019-09-01,135,Vector-borne and zoonotic IDs,2019,Pseudo interruption 2019,2019-01-01,2019-12-01,9,97.63621335350597,85.12990295970015,33.31548064949022,18.865767968564526,174.48148546509915,247.8999623363346,TRUE,TRUE,141.16600481560894,229.03419436777006,71.64400617744812,0.778,Malaria,Hybrid
2019-10-01,119,Vector-borne and zoonotic IDs,2019,Pseudo interruption 2019,2019-01-01,2019-12-01,10,98.76399414629786,91.94779914249914,36.28031844184033,22.420798689565114,170.3116138778659,242.59016886906122,TRUE,TRUE,134.03129543602557,220.1693701794961,51.89354276294463,0.719,Malaria,Hybrid
2019-11-01,85,Vector-borne and zoonotic IDs,2019,Pseudo interruption 2019,2019-01-01,2019-12-01,11,106.94506615623399,91.84152017981688,40.22655955272827,23.48552162347094,182.91173415191193,257.92943573833054,TRUE,TRUE,142.68517459918365,234.4439141148596,37.68060064431727,0.438,Malaria,Hybrid
2019-12-01,53,Vector-borne and zoonotic IDs,2019,Pseudo interruption 2019,2019-01-01,2019-12-01,12,78.23689893879146,66.688555474094,21.692697004234578,6.109359924997096,140.6324005726602,197.80302767625747,TRUE,TRUE,118.93970356842563,191.69366775126036,37.64894366027372,0.357,Malaria,Hybrid
2018-01-01,187,Vector-borne and zoonotic IDs,2018-2019,Pseudo interruption 2018,2018-01-01,2019-12-01,1,171.6068326892651,158.11170780428543,80.24628437643136,57.030683829079656,282.2897300633776,359.8292257255801,TRUE,TRUE,202.04344568694623,302.79854189650047,67.54952674234308,0.613,Malaria,Hybrid
2018-02-01,120,Vector-borne and zoonotic IDs,2018-2019,Pseudo interruption 2018,2018-01-01,2019-12-01,2,131.5407361733875,119.06330113379083,47.59165501792389,26.70645531594355,230.5744852750247,325.44677539148006,TRUE,TRUE,182.9828302571008,298.7403200755365,41.97622473712492,0.502,Malaria,Hybrid
2018-03-01,106,Vector-borne and zoonotic IDs,2018-2019,Pseudo interruption 2018,2018-01-01,2019-12-01,3,113.83341768749804,99.75078417953887,40.593625244650305,24.652713341704935,197.29512752492448,291.3890388909909,TRUE,TRUE,156.70150228027418,266.73632554928594,40.741066043184205,0.517,Malaria,Hybrid
2018-04-01,138,Vector-borne and zoonotic IDs,2018-2019,Pseudo interruption 2018,2018-01-01,2019-12-01,4,171.94207811013544,156.97012230961033,78.317722290500825,56.34589421209954,280.7636691522004,358.7684967533247,TRUE,TRUE,202.44594686169958,302.42260254122516,59.664353447209216,0.407,Malaria,Hybrid
2018-05-01,257,Vector-borne and zoonotic IDs,2018-2019,Pseudo interruption 2018,2018-01-01,2019-12-01,5,295.738280742482,270.1769234261799,166.95392657736664,136.91701560789645,428.50380501127177,566.7316259660179,TRUE,TRUE,261.5498784339051,429.8146103581214,69.5821037046936,0.45,Malaria,Hybrid
2018-06-01,316,Vector-borne and zoonotic IDs,2018-2019,Pseudo interruption 2018,2018-01-01,2019-12-01,6,389.1775274596094,381.8942072790085,231.07301375819466,190.39389510817514,537.5446993961607,655.5202717874499,TRUE,TRUE,306.47168563796606,465.1263766792748,120.3558905924524,0.36,Malaria,Hybrid
2018-07-01,286,Vector-borne and zoonotic IDs,2018-2019,Pseudo interruption 2018,2018-01-01,2019-12-01,7,288.46436627909503,274.4112778101455,172.47222266700905,144.28704918494992,421.98038842540757,495.5833086487045,TRUE,TRUE,249.50816575839852,351.29625946375455,63.24413465177753,0.528,Malaria,Hybrid
2018-08-01,162,Vector-borne and zoonotic IDs,2018-2019,Pseudo interruption 2018,2018-01-01,2019-12-01,8,184.76975905191512,170.00914557891454,82.60330197698448,66.26041808161749,301.15108525319266,406.71941785257945,TRUE,TRUE,218.54778327620818,340.45899977096195,54.993321778163434,0.476,Malaria,Hybrid
2018-09-01,134,Vector-borne and zoonotic IDs,2018-2019,Pseudo interruption 2018,2018-01-01,2019-12-01,9,163.3042162223073,143.32041917420077,72.9171659763326,48.292340895166774,274.8505649559774,337.9741505828316,TRUE,TRUE,201.9333989796448,289.68180968766484,51.352951563610375,0.461,Malaria,Hybrid
2018-10-01,167,Vector-borne and zoonotic IDs,2018-2019,Pseudo interruption 2018,2018-01-01,2019-12-01,10,161.23509058655162,151.9481325223077,70.05491458789919,49.54474135567435,259.8489535935041,366.48407923521097,TRUE,TRUE,189.79403900560493,316.93933787953665,55.0861137382321,0.59,Malaria,Hybrid
2018-11-01,146,Vector-borne and zoonotic IDs,2018-2019,Pseudo interruption 2018,2018-01-01,2019-12-01,11,154.87401485225269,136.04692993301282,64.9779426266788,41.647366921719865,253.51032081578103,333.364708364756,TRUE,TRUE,188.53237818910225,291.7173414430361,49.79633022156755,0.512,Malaria,Hybrid
2018-12-01,95,Vector-borne and zoonotic IDs,2018-2019,Pseudo interruption 2018,2018-01-01,2019-12-01,12,129.54807673968347,120.5564771146681,49.41670610522383,31.624189882614964,221.2106700192838,314.3000761201234,TRUE,TRUE,171.79396391406,282.6758862375084,59.239251367484414,0.368,Malaria,Hybrid
2019-01-01,144,Vector-borne and zoonotic IDs,2018-2019,Pseudo interruption 2018,2018-01-01,2019-12-01,13,121.3576168191489,105.67888716476602,46.97392773262309,31.740176257696334,206.9522338151129,267.4062282018365,TRUE,TRUE,159.9783060824898,235.66605194414015,65.68006131915116,0.68,Malaria,Hybrid
2019-02-01,106,Vector-borne and zoonotic IDs,2018-2019,Pseudo interruption 2018,2018-01-01,2019-12-01,14,88.29898752874347,70.9072798764015,24.41396614899723,10.305431852312621,160.75039131270327,246.57417807860935,TRUE,TRUE,136.33642516370605,236.26874622629674,59.33875397412364,0.684,Malaria,Hybrid
2019-03-01,100,Vector-borne and zoonotic IDs,2018-2019,Pseudo interruption 2018,2018-01-01,2019-12-01,15,90.93481187771138,79.15134805757413,27.251639135486734,16.456104063155202,158.0550753432456,243.23329817440418,TRUE,TRUE,130.80343620775886,226.77719411124897,46.678559111632076,0.646,Malaria,Hybrid
2019-04-01,135,Vector-borne and zoonotic IDs,2018-2019,Pseudo interruption 2018,2018-01-01,2019-12-01,16,135.61000808781725,117.6351149607305,53.71449690889514,40.85545041305614,225.11651036114674,325.00251074756824,TRUE,TRUE,171.4020134522516,284.1470603345121,52.68211259715633,0.541,Malaria,Hybrid
2019-05-01,256,Vector-borne and zoonotic IDs,2018-2019,Pseudo interruption 2018,2018-01-01,2019-12-01,17,242.44060832823578,228.624659017716,130.46901181660158,108.119707951218,364.12391572304955,481.669272081309,TRUE,TRUE,233.65490390644797,373.54956413009097,74.22703997606251,0.639,Malaria,Hybrid
2019-06-01,416,Vector-borne and zoonotic IDs,2018-2019,Pseudo interruption 2018,2018-01-01,2019-12-01,18,312.77119928780087,294.23760829029396,181.5571347407826,147.16053125424003,473.5116421201626,587.3810492035096,TRUE,TRUE,291.95450737938,440.2205179492696,161.73145526643643,0.837,Malaria,Hybrid
2019-07-01,295,Vector-borne and zoonotic IDs,2018-2019,Pseudo interruption 2018,2018-01-01,2019-12-01,19,233.63945964979916,210.86423432396887,123.30750050132544,94.05563116467303,359.0207163382781,475.3795128023347,TRUE,TRUE,235.71321583695266,381.32388163766166,120.27568234024379,0.758,Malaria,Hybrid
2019-08-01,172,Vector-borne and zoonotic IDs,2018-2019,Pseudo interruption 2018,2018-01-01,2019-12-01,20,136.64471420457787,118.48553752471038,53.028691986304295,36.7498981550916,234.4507039855387,305.53181233983594,TRUE,TRUE,181.4220119992344,268.7819141847443,82.59036846749898,0.747,Malaria,Hybrid
2019-09-01,135,Vector-borne and zoonotic IDs,2018-2019,Pseudo interruption 2018,2018-01-01,2019-12-01,21,122.82874139097828,112.73775753903949,45.374299900191986,28.40764244267841,207.67434269598027,303.97411239381245,TRUE,TRUE,162.30004279578827,275.566469951134,54.80045961413989,0.63,Malaria,Hybrid
2019-10-01,119,Vector-borne and zoonotic IDs,2018-2019,Pseudo interruption 2018,2018-01-01,2019-12-01,22,123.68426537442937,114.89702121975012,44.971243443679896,28.758769650505958,213.52030806287524,305.12025369403005,TRUE,TRUE,168.54906461919535,276.3614840435241,41.30469272501213,0.52,Malaria,Hybrid
2019-11-01,85,Vector-borne and zoonotic IDs,2018-2019,Pseudo interruption 2018,2018-01-01,2019-12-01,23,121.74677144149067,111.26820552654006,43.61007692472087,32.82631033084955,205.6780855260617,278.14740026204873,TRUE,TRUE,162.0680086013408,245.3210899311992,56.75828939469454,0.379,Malaria,Hybrid
2019-12-01,53,Vector-borne and zoonotic IDs,2018-2019,Pseudo interruption 2018,2018-01-01,2019-12-01,24,100.18732210870965,88.95766109085861,30.108869773040272,21.175141780850403,174.89648958966833,264.0230623190703,TRUE,TRUE,144.78761981662805,242.84792053821988,61.646064864876166,0.253,Malaria,Hybrid
2017-01-01,280,Vector-borne and zoonotic IDs,2017-2019,Pseudo interruption 2017,2017-01-01,2019-12-01,1,316.5159048601668,318.02668062359623,181.05719031869447,153.42962013874964,437.5359349345164,584.6021748577614,TRUE,TRUE,256.47874461582194,431.1725547190117,88.70484582616896,0.407,Malaria,Hybrid
2017-02-01,190,Vector-borne and zoonotic IDs,2017-2019,Pseudo interruption 2017,2017-01-01,2019-12-01,2,217.23575828870685,206.91696100961386,113.71510899126584,91.96792463966352,312.5951176151412,420.99000384648775,TRUE,TRUE,198.88000862387537,329.02207920682423,58.51525335578411,0.399,Malaria,Hybrid
2017-03-01,138,Vector-borne and zoonotic IDs,2017-2019,Pseudo interruption 2017,2017-01-01,2019-12-01,3,278.4205743396185,278.32043957851135,159.95233969822712,126.25459664179621,390.7341174387206,530.2972504647229,FALSE,TRUE,450.3051747227647,404.0426538229267,200.4668857713685,0.057,Malaria,Hybrid
2017-04-01,222,Vector-borne and zoonotic IDs,2017-2019,Pseudo interruption 2017,2017-01-01,2019-12-01,4,385.3582666957595,367.31321185161204,238.53373138094818,206.6538212784953,524.6915969997615,641.1492298448061,FALSE,TRUE,451.4951794282951,434.4954085663108,205.86961453246926,0.068,Malaria,Hybrid
2017-05-01,349,Vector-borne and zoonotic IDs,2017-2019,Pseudo interruption 2017,2017-01-01,2019-12-01,5,540.2030166735631,540.3301805055138,377.87582889947146,325.01271441964894,705.3697297293929,838.189326460735,FALSE,TRUE,616.252189824636,513.176612041086,272.19155925799623,0.064,Malaria,Hybrid
2017-06-01,461,Vector-borne and zoonotic IDs,2017-2019,Pseudo interruption 2017,2017-01-01,2019-12-01,6,684.1130649711913,678.3329864424256,488.048820879811,427.6999361426402,879.1610233209908,1054.481719088616,FALSE,TRUE,661.6004112392898,626.7817829459759,304.7937262700659,0.076,Malaria,Hybrid
2017-07-01,419,Vector-borne and zoonotic IDs,2017-2019,Pseudo interruption 2017,2017-01-01,2019-12-01,7,535.0596865998992,534.5751870517355,371.78928892904844,325.78731334053566,682.9169197827451,831.0177376784417,TRUE,TRUE,311.1276308536967,505.230424337906,162.4497875514961,0.235,Malaria,Hybrid
2017-08-01,204,Vector-borne and zoonotic IDs,2017-2019,Pseudo interruption 2017,2017-01-01,2019-12-01,8,390.99245976139497,392.39656957441264,245.27275232028703,212.9296129422563,534.663717355549,696.1146462821999,FALSE,FALSE,702.1184882381322,840.3695510301961,296.6709958188391,0.011,Malaria,Hybrid
2017-09-01,208,Vector-borne and zoonotic IDs,2017-2019,Pseudo interruption 2017,2017-01-01,2019-12-01,9,309.92803398314993,314.17173074494195,184.3756356529403,148.04999167342635,428.4183031474322,574.0555456242744,TRUE,TRUE,244.0426674944919,426.005553950848,141.0244335531062,0.195,Malaria,Hybrid
2017-10-01,197,Vector-borne and zoonotic IDs,2017-2019,Pseudo interruption 2017,2017-01-01,2019-12-01,10,322.1280389186402,314.33064512677373,192.9412298938119,156.44526137189624,457.5254879461575,590.7016624053589,TRUE,TRUE,264.5842580523456,434.2564010334627,153.56825343113277,0.116,Malaria,Hybrid
2017-11-01,142,Vector-borne and zoonotic IDs,2017-2019,Pseudo interruption 2017,2017-01-01,2019-12-01,11,360.87964296951566,357.89923578336226,221.73458832930046,182.59858886348567,501.32427681128473,651.6268186297477,FALSE,FALSE,1076.9355717749888,2092.9717843056887,428.7479514829156,0,Malaria,Hybrid
2017-12-01,159,Vector-borne and zoonotic IDs,2017-2019,Pseudo interruption 2017,2017-01-01,2019-12-01,12,294.06367623729267,290.04230528125237,174.01790712311384,139.56431362077612,402.91849303123377,557.224864351185,FALSE,TRUE,379.07965713925836,417.6605507304089,182.1930113964996,0.089,Malaria,Hybrid
2018-01-01,187,Vector-borne and zoonotic IDs,2017-2019,Pseudo interruption 2017,2017-01-01,2019-12-01,13,255.68564569588958,254.10562586172162,140.9422465347463,113.2021728100972,375.25217519692353,496.6629494443186,TRUE,TRUE,234.30992866217724,383.4607766342214,106.51252034069451,0.271,Malaria,Hybrid
2018-02-01,120,Vector-borne and zoonotic IDs,2017-2019,Pseudo interruption 2017,2017-01-01,2019-12-01,14,175.24654217378975,171.32662179175222,85.00330973977344,61.97287478319393,269.05755013507564,386.67926671016465,TRUE,TRUE,184.0542403953022,324.7063919269707,83.49823157372894,0.276,Malaria,Hybrid
2018-03-01,106,Vector-borne and zoonotic IDs,2017-2019,Pseudo interruption 2017,2017-01-01,2019-12-01,15,213.29749500495348,210.3174580820681,109.55000733306615,82.00560197006489,324.91636282354955,434.6212251819523,FALSE,TRUE,250.86642882114486,352.6156232118874,137.69722000551317,0.09,Malaria,Hybrid
2018-04-01,138,Vector-borne and zoonotic IDs,2017-2019,Pseudo interruption 2017,2017-01-01,2019-12-01,16,326.3044861737554,325.26550064458735,192.91993286469085,164.24505972065566,455.87255967536555,605.7682890961541,FALSE,FALSE,812.1519554575832,1491.3256182017249,339.4097381169522,0,Malaria,Hybrid
2018-05-01,257,Vector-borne and zoonotic IDs,2017-2019,Pseudo interruption 2017,2017-01-01,2019-12-01,17,504.7454291833847,504.4376488250612,342.49757304274283,297.26456560639394,679.4109453063215,834.4961619794911,FALSE,FALSE,1191.8891026910069,2147.814220628855,474.5649443157643,0,Malaria,Hybrid
2018-06-01,316,Vector-borne and zoonotic IDs,2017-2019,Pseudo interruption 2017,2017-01-01,2019-12-01,18,534.3080898467816,526.3095914559163,366.16596167097686,314.15945885563247,707.6616880094193,871.2190923215229,FALSE,TRUE,843.1553430482111,557.0596334658904,325.4349133910825,0.03,Malaria,Hybrid
2018-07-01,286,Vector-borne and zoonotic IDs,2017-2019,Pseudo interruption 2017,2017-01-01,2019-12-01,19,407.059760687914,403.3950473328526,257.56991402577967,214.27295690203738,552.9755766069628,710.336725299891,TRUE,TRUE,295.40566258118315,496.0637683978536,161.0234946151855,0.185,Malaria,Hybrid
2018-08-01,162,Vector-borne and zoonotic IDs,2017-2019,Pseudo interruption 2017,2017-01-01,2019-12-01,20,294.1449726386466,280.0111854056569,159.40157146325663,138.18931644746579,406.9204004444873,563.3717492815258,TRUE,TRUE,247.51882898123068,425.18243283406,151.0192582748848,0.103,Malaria,Hybrid
2018-09-01,134,Vector-borne and zoonotic IDs,2017-2019,Pseudo interruption 2017,2017-01-01,2019-12-01,21,280.3258094928051,278.84757216057756,162.4536381067662,128.47793366874254,394.6380620447602,534.8436728141472,FALSE,TRUE,516.720805005656,406.3657391454047,214.8080160951832,0.056,Malaria,Hybrid
2018-10-01,167,Vector-borne and zoonotic IDs,2017-2019,Pseudo interruption 2017,2017-01-01,2019-12-01,22,274.54967508080136,274.7029149890037,146.0697459941943,121.3710602865238,399.4640023199687,520.2381743263521,TRUE,TRUE,253.3942563257744,398.8671140398283,142.66009756492002,0.159,Malaria,Hybrid
2018-11-01,146,Vector-borne and zoonotic IDs,2017-2019,Pseudo interruption 2017,2017-01-01,2019-12-01,23,246.08438678293732,243.52793548641188,135.7780098508264,104.88755752077667,365.52966277483677,485.7140717450862,TRUE,TRUE,229.75165292401036,380.8265142243095,130.01567342594356,0.159,Malaria,Hybrid
2018-12-01,95,Vector-borne and zoonotic IDs,2017-2019,Pseudo interruption 2017,2017-01-01,2019-12-01,24,198.59949532933595,182.73764351258254,88.5471131998258,72.93005010640695,309.95215532943666,421.06906518422284,TRUE,TRUE,221.40504212961088,348.1390150778159,119.5404821539164,0.103,Malaria,Hybrid
2019-01-01,144,Vector-borne and zoonotic IDs,2017-2019,Pseudo interruption 2017,2017-01-01,2019-12-01,25,223.92715003901475,217.7217437529782,119.21610778576576,91.02614540162456,339.22750163637426,455.0814893953729,TRUE,TRUE,220.0113938506085,364.05534399374835,108.74143177822987,0.211,Malaria,Hybrid
2019-02-01,106,Vector-borne and zoonotic IDs,2017-2019,Pseudo interruption 2017,2017-01-01,2019-12-01,26,177.79882075595347,172.34800306474398,79.98625419638412,59.46329107592684,295.96614982199355,383.36584653475404,TRUE,TRUE,215.97989562560943,323.9025554588272,100.59128797024577,0.243,Malaria,Hybrid
2019-03-01,100,Vector-borne and zoonotic IDs,2017-2019,Pseudo interruption 2017,2017-01-01,2019-12-01,27,175.86686440000054,169.9831145566546,85.26753085916256,63.50040378274655,267.4471360441159,384.7481945692765,TRUE,TRUE,182.17960518495335,321.24779078652995,97.98514010637743,0.184,Malaria,Hybrid
2019-04-01,135,Vector-borne and zoonotic IDs,2017-2019,Pseudo interruption 2017,2017-01-01,2019-12-01,28,226.9350989139138,219.32850101378654,120.38104118363805,92.04442994201884,341.53274191658215,457.354819479552,TRUE,TRUE,221.1517007329441,365.3103895375332,117.4594885098016,0.149,Malaria,Hybrid
2019-05-01,256,Vector-borne and zoonotic IDs,2017-2019,Pseudo interruption 2017,2017-01-01,2019-12-01,29,391.5769043441731,387.1298149964127,250.7969807823164,213.18014524771948,516.0980824378141,700.8090355804254,TRUE,TRUE,265.30110165549775,487.62889033270596,166.85718387531801,0.108,Malaria,Hybrid
2019-06-01,416,Vector-borne and zoonotic IDs,2017-2019,Pseudo interruption 2017,2017-01-01,2019-12-01,30,514.3927362383803,511.4116478548195,345.0453416360993,294.73270062276254,683.1701079677356,851.5808670093518,TRUE,TRUE,338.1247663316363,556.8481663865892,152.703207552381,0.272,Malaria,Hybrid
2019-07-01,295,Vector-borne and zoonotic IDs,2017-2019,Pseudo interruption 2017,2017-01-01,2019-12-01,31,387.3796368485185,391.6118874796592,244.69703534154556,202.54628051421386,534.0371075014948,677.2356819651415,TRUE,TRUE,289.3400721599493,474.68940145092756,142.5714975873563,0.25,Malaria,Hybrid
2019-08-01,172,Vector-borne and zoonotic IDs,2017-2019,Pseudo interruption 2017,2017-01-01,2019-12-01,32,260.47899452613984,247.72027721262555,152.9637800315836,115.96601389556407,379.7674027823965,478.7485670791054,TRUE,TRUE,226.8036227508129,362.7825531835413,111.37610353757216,0.186,Malaria,Hybrid
2019-09-01,135,Vector-borne and zoonotic IDs,2017-2019,Pseudo interruption 2017,2017-01-01,2019-12-01,33,204.8655087527348,201.13318274837533,103.95994007660289,77.76107698452189,300.9847728210772,424.77625894286035,TRUE,TRUE,197.02483274447428,347.0151819583385,98.31112671614969,0.256,Malaria,Hybrid
2019-10-01,119,Vector-borne and zoonotic IDs,2017-2019,Pseudo interruption 2017,2017-01-01,2019-12-01,34,208.37374157729008,206.76377715032612,104.64450562656958,77.82719525585753,313.26662554119866,424.93077288592997,TRUE,TRUE,208.62211991462908,347.10357763007244,117.47470401180446,0.145,Malaria,Hybrid
2019-11-01,85,Vector-borne and zoonotic IDs,2017-2019,Pseudo interruption 2017,2017-01-01,2019-12-01,35,211.4620791661047,205.39986334317666,110.14489683747843,83.1223018708824,312.68161463719173,437.18711951109816,FALSE,TRUE,453.9856861744976,354.0648176402158,183.1201931680696,0.027,Malaria,Hybrid
2019-12-01,53,Vector-borne and zoonotic IDs,2017-2019,Pseudo interruption 2017,2017-01-01,2019-12-01,36,176.91527569574617,170.72500209086803,85.75135856089688,63.91802703102698,279.78084859207974,385.77517444873473,FALSE,FALSE,521.5430756401516,758.578228658787,207.97002292147016,0.006,Malaria,Hybrid
2019-01-01,5797,Vector-borne and zoonotic IDs,2019,Pseudo interruption 2019,2019-01-01,2019-12-01,1,4567.842370196773,4523.90247278867,3507.42408825511,2828.768499946417,5472.5199112497885,6422.078253520902,FALSE,TRUE,5209.896710496794,3593.309753574485,1995.7938855915309,0.927,Dengue fever,TBATS
2019-02-01,4984,Vector-borne and zoonotic IDs,2019,Pseudo interruption 2019,2019-01-01,2019-12-01,2,4197.907066592084,4064.6292639658705,2751.0395285695818,2115.527697174215,5738.677082832398,7022.572443463375,TRUE,TRUE,2987.637554262816,4907.04474628916,1409.800387360921,0.78,Dengue fever,TBATS
2019-03-01,5369,Vector-borne and zoonotic IDs,2019,Pseudo interruption 2019,2019-01-01,2019-12-01,3,4626.581174434352,4355.461023151449,2678.655109025566,1993.2105564656333,7011.1094179209385,8540.232486547793,TRUE,TRUE,4332.454308895372,6547.02193008216,1765.904748105387,0.731,Dengue fever,TBATS
2019-04-01,4931,Vector-borne and zoonotic IDs,2019,Pseudo interruption 2019,2019-01-01,2019-12-01,4,5110.02691424624,4669.400512787684,2599.918084674322,1928.4524927886432,8313.799384492424,10848.66842453424,TRUE,TRUE,5713.881299818102,8920.215931745597,1480.3092350105728,0.553,Dengue fever,TBATS
2019-05-01,8350,Vector-borne and zoonotic IDs,2019,Pseudo interruption 2019,2019-01-01,2019-12-01,5,9238.713424529204,8220.900146018,4324.670113351716,2993.2029352584427,15565.902489051676,20471.738674415516,TRUE,TRUE,11241.23237569996,17478.535739157072,2601.018492863876,0.513,Dengue fever,TBATS
2019-06-01,18697,Vector-borne and zoonotic IDs,2019,Pseudo interruption 2019,2019-01-01,2019-12-01,6,16688.251432967114,14220.446573880523,7067.359418653241,4694.80396976471,29732.600679316824,39434.74559891005,TRUE,TRUE,22665.241260663584,34739.94162914534,8597.279007767569,0.68,Dengue fever,TBATS
2019-07-01,22413,Vector-borne and zoonotic IDs,2019,Pseudo interruption 2019,2019-01-01,2019-12-01,7,19538.715994234663,16277.593642161322,7418.186909356779,4948.74347060525,35630.971997154666,52519.72706849669,TRUE,TRUE,28212.785087797885,47570.98359789144,11325.210044234263,0.692,Dengue fever,TBATS
2019-08-01,18209,Vector-borne and zoonotic IDs,2019,Pseudo interruption 2019,2019-01-01,2019-12-01,8,20400.14837797785,16715.238105991608,7107.2891646151875,4370.2098883357685,37964.85866227423,56449.15295525268,TRUE,TRUE,30857.569497659042,52078.94306691691,8215.378357508836,0.554,Dengue fever,TBATS
2019-09-01,14367,Vector-borne and zoonotic IDs,2019,Pseudo interruption 2019,2019-01-01,2019-12-01,9,14527.010583722798,11436.466550983085,4667.591681653619,2859.840684390902,27908.95171520951,42903.66795655746,TRUE,TRUE,23241.36003355589,40043.827272166556,7664.797455469137,0.635,Dengue fever,TBATS
2019-10-01,12848,Vector-borne and zoonotic IDs,2019,Pseudo interruption 2019,2019-01-01,2019-12-01,10,12564.40764646804,9544.044231630141,3730.8839589411646,2105.1088806726275,23867.43042500489,40785.47391699228,TRUE,TRUE,20136.546466063726,38680.36503631966,7412.226650718871,0.653,Dengue fever,TBATS
2019-11-01,10418,Vector-borne and zoonotic IDs,2019,Pseudo interruption 2019,2019-01-01,2019-12-01,11,11069.552998246296,8156.564653225235,2950.0038351319004,1760.0848626892016,21895.204324194176,38519.98496267508,TRUE,TRUE,18945.200489062274,36759.900099985876,6310.776359669211,0.62,Dengue fever,TBATS
2019-12-01,4774,Vector-borne and zoonotic IDs,2019,Pseudo interruption 2019,2019-01-01,2019-12-01,12,7567.005996892236,5411.355173283802,1908.2024340281705,1052.0280360102565,14620.718992225997,27292.032250406548,TRUE,TRUE,12712.516558197825,26240.004214396293,3593.4869565145464,0.439,Dengue fever,TBATS
2018-01-01,2240,Vector-borne and zoonotic IDs,2018-2019,Pseudo interruption 2018,2018-01-01,2019-12-01,1,2806.201595781705,2819.7211161669006,2219.6653460289326,1890.7457233477433,3420.6747843612543,3848.672543647472,TRUE,TRUE,1201.0094383323217,1957.926820299729,734.2554758786812,0.141,Dengue fever,TBATS
2018-02-01,1991,Vector-borne and zoonotic IDs,2018-2019,Pseudo interruption 2018,2018-01-01,2019-12-01,2,2799.7760975847514,2693.1764620149224,1896.7774801926164,1510.4510954848843,3796.3144327475047,4659.155514037584,TRUE,TRUE,1899.5369525548883,3148.7044185526997,991.6152587628279,0.134,Dengue fever,TBATS
2018-03-01,2599,Vector-borne and zoonotic IDs,2018-2019,Pseudo interruption 2018,2018-01-01,2019-12-01,3,3304.9407972344857,3108.8508377040284,1990.3947279398708,1475.905115572401,4779.2153612276325,6141.210183413511,TRUE,TRUE,2788.8206332877617,4665.30506784111,1040.7041742029091,0.306,Dengue fever,TBATS
2018-04-01,3100,Vector-borne and zoonotic IDs,2018-2019,Pseudo interruption 2018,2018-01-01,2019-12-01,4,4082.8778536160185,3689.0187309639473,2264.004814321807,1693.8649014996197,6234.0531225341065,8645.96679404661,TRUE,TRUE,3970.0483082122996,6952.10189254699,1384.5067897870053,0.327,Dengue fever,TBATS
2018-05-01,7293,Vector-borne and zoonotic IDs,2018-2019,Pseudo interruption 2018,2018-01-01,2019-12-01,5,7374.307223705499,6520.318035500055,3868.693576261757,2739.4022788519223,11518.60740138377,16358.640062394199,TRUE,TRUE,7649.913825122013,13619.237783542278,2386.901294961169,0.587,Dengue fever,TBATS
2018-06-01,13636,Vector-borne and zoonotic IDs,2018-2019,Pseudo interruption 2018,2018-01-01,2019-12-01,6,13842.480507512442,12488.213881373638,7136.668100433391,5192.72365931073,22437.949587850155,31774.130594017202,TRUE,TRUE,15301.281487416763,26581.406934706472,4429.6902102760305,0.591,Dengue fever,TBATS
2018-07-01,14114,Vector-borne and zoonotic IDs,2018-2019,Pseudo interruption 2018,2018-01-01,2019-12-01,7,16499.89600858474,14632.800581843108,8143.087417966155,5926.730087034414,26384.82408762524,36898.614435834774,TRUE,TRUE,18241.736669659083,30971.88434880036,4572.5937065719545,0.467,Dengue fever,TBATS
2018-08-01,12408,Vector-borne and zoonotic IDs,2018-2019,Pseudo interruption 2018,2018-01-01,2019-12-01,8,17407.29895787194,15412.077790639709,8364.320522199334,6022.91468515535,28176.869358788896,40292.99336323384,TRUE,TRUE,19812.54883658956,34270.07867807849,6944.0731934892365,0.308,Dengue fever,TBATS
2018-09-01,9042,Vector-borne and zoonotic IDs,2018-2019,Pseudo interruption 2018,2018-01-01,2019-12-01,9,11929.60126695295,10761.075424546361,5782.828620289368,4054.960492157511,19299.66399344772,27980.462801830272,TRUE,TRUE,13516.835373158352,23925.50230967276,4494.974091729337,0.37,Dengue fever,TBATS
2018-10-01,7527,Vector-borne and zoonotic IDs,2018-2019,Pseudo interruption 2018,2018-01-01,2019-12-01,10,9941.97831584578,8944.48323474532,4775.505173887274,3395.1759226656127,15841.649579295557,23396.567427524875,TRUE,TRUE,11066.144405408282,20001.39150485926,3704.6253528559514,0.367,Dengue fever,TBATS
2018-11-01,7247,Vector-borne and zoonotic IDs,2018-2019,Pseudo interruption 2018,2018-01-01,2019-12-01,11,8422.503390438318,7500.46300752012,4178.3619391118755,2826.377385869059,13712.93471034129,18753.738579032735,TRUE,TRUE,9534.572771229414,15927.361193163677,2365.39649713935,0.471,Dengue fever,TBATS
2018-12-01,5725,Vector-borne and zoonotic IDs,2018-2019,Pseudo interruption 2018,2018-01-01,2019-12-01,12,5325.432850608377,4781.897223486254,2539.3278924049614,1869.2125130381248,8786.468662200585,11985.132339135671,TRUE,TRUE,6247.140769795624,10115.919826097546,2158.6615374221983,0.642,Dengue fever,TBATS
2019-01-01,5797,Vector-borne and zoonotic IDs,2018-2019,Pseudo interruption 2018,2018-01-01,2019-12-01,13,4311.477268591525,3893.2125555613866,2074.0587216718513,1593.7120885093855,6986.422746263142,9655.467910818628,TRUE,TRUE,4912.36402459129,8061.755822309243,2631.4784323778667,0.805,Dengue fever,TBATS
2019-02-01,4984,Vector-borne and zoonotic IDs,2018-2019,Pseudo interruption 2018,2018-01-01,2019-12-01,14,3697.3615457801966,3320.2153987219867,1745.11607385107,1332.4767548703105,5970.68724545308,8117.691969872707,TRUE,TRUE,4225.5711716020105,6785.215215002397,2278.5276770788287,0.798,Dengue fever,TBATS
2019-03-01,5369,Vector-borne and zoonotic IDs,2018-2019,Pseudo interruption 2018,2018-01-01,2019-12-01,15,3828.9329718713702,3396.8523385989165,1845.595767552662,1292.3285956074226,6278.900182946811,8665.431705979965,TRUE,TRUE,4433.304415394148,7373.103110372543,2581.970959998832,0.83,Dengue fever,TBATS
2019-04-01,4931,Vector-borne and zoonotic IDs,2018-2019,Pseudo interruption 2018,2018-01-01,2019-12-01,16,4240.115576483284,3769.884662103672,2038.0306528035264,1466.5555166054955,7158.162734666769,9456.474069840822,TRUE,TRUE,5120.132081863243,7989.918553235327,2067.7101455445945,0.721,Dengue fever,TBATS
2019-05-01,8350,Vector-borne and zoonotic IDs,2018-2019,Pseudo interruption 2018,2018-01-01,2019-12-01,17,6996.1709274790965,6195.482549535716,3314.7916315936873,2483.55738384818,11510.45901124474,15903.579088907352,TRUE,TRUE,8195.667379651053,13420.021705059173,3571.7216093179622,0.717,Dengue fever,TBATS
2019-06-01,18697,Vector-borne and zoonotic IDs,2018-2019,Pseudo interruption 2018,2018-01-01,2019-12-01,18,12406.059261185834,10902.150346922654,5972.787335536021,4397.136410038847,20841.882919664677,28705.247981236364,TRUE,TRUE,14869.095584128656,24308.111571197514,9587.259478770362,0.852,Dengue fever,TBATS
2019-07-01,22413,Vector-borne and zoonotic IDs,2018-2019,Pseudo interruption 2018,2018-01-01,2019-12-01,19,14225.336048306748,12754.680190973162,6954.774620051694,5243.02691942525,24293.849337064203,32405.202357216658,TRUE,TRUE,17339.07471701251,27162.175437791408,11587.394819455129,0.867,Dengue fever,TBATS
2019-08-01,18209,Vector-borne and zoonotic IDs,2018-2019,Pseudo interruption 2018,2018-01-01,2019-12-01,20,14854.904913502945,13025.717518555517,7321.911861943012,5321.098276665148,24165.61797677563,34292.558113444196,TRUE,TRUE,16843.706114832617,28971.45983677905,8000.477356999967,0.737,Dengue fever,TBATS
2019-09-01,14367,Vector-borne and zoonotic IDs,2018-2019,Pseudo interruption 2018,2018-01-01,2019-12-01,21,10359.202364976394,9072.960307988269,5064.205909411564,3695.933264317435,17661.68485720345,23514.774572005015,TRUE,TRUE,12597.478947791886,19818.84130768758,7043.58203756359,0.817,Dengue fever,TBATS
2019-10-01,12848,Vector-borne and zoonotic IDs,2018-2019,Pseudo interruption 2018,2018-01-01,2019-12-01,22,8808.816547348062,7800.262749717816,4340.068941775287,3085.8286665343726,14756.63123955426,20193.224349462915,TRUE,TRUE,10416.562297778974,17107.39568292854,6389.135595187525,0.843,Dengue fever,TBATS
2019-11-01,10418,Vector-borne and zoonotic IDs,2018-2019,Pseudo interruption 2018,2018-01-01,2019-12-01,23,7635.083221955942,6862.739209105537,3828.5569942559123,2533.4753181796373,12158.671290474587,16895.351623392755,TRUE,TRUE,8330.114296218675,14361.876305213118,4751.5019723190835,0.814,Dengue fever,TBATS
2019-12-01,4774,Vector-borne and zoonotic IDs,2018-2019,Pseudo interruption 2018,2018-01-01,2019-12-01,24,4992.389481465578,4424.756303456943,2431.268738747855,1656.7176473222596,8139.450050991242,11455.330260862052,TRUE,TRUE,5708.181312243387,9798.612613539794,1584.6484717349792,0.549,Dengue fever,TBATS
2017-01-01,3425,Vector-borne and zoonotic IDs,2017-2019,Pseudo interruption 2017,2017-01-01,2019-12-01,1,3393.48954133048,3347.1100027679286,2579.405063109911,2166.46938715956,4208.031167342589,4890.397725461468,TRUE,TRUE,1628.6261042326773,2723.9283383019083,431.84930799496186,0.533,Dengue fever,TBATS
2017-02-01,2477,Vector-borne and zoonotic IDs,2017-2019,Pseudo interruption 2017,2017-01-01,2019-12-01,2,3153.003384170434,3048.599662914311,1946.7359633844703,1522.8547216729219,4474.441751591273,5484.103875087648,TRUE,TRUE,2527.7057882068025,3961.2491534147257,1020.1626225811262,0.271,Dengue fever,TBATS
2017-03-01,2158,Vector-borne and zoonotic IDs,2017-2019,Pseudo interruption 2017,2017-01-01,2019-12-01,3,3443.7045268260945,3210.6484506371658,1870.2147842745885,1289.3228328655928,5304.000416531753,6793.046260881189,TRUE,TRUE,3433.7856322571647,5503.723428015595,1611.673398791503,0.175,Dengue fever,TBATS
2017-04-01,2140,Vector-borne and zoonotic IDs,2017-2019,Pseudo interruption 2017,2017-01-01,2019-12-01,4,4122.046440925347,3708.773053774488,1999.1891231864372,1326.5434832011933,6820.376199087335,8629.30454635489,TRUE,TRUE,4821.187075900898,7302.761063153696,2318.518817689882,0.123,Dengue fever,TBATS
2017-05-01,3771,Vector-borne and zoonotic IDs,2017-2019,Pseudo interruption 2017,2017-01-01,2019-12-01,5,7078.239873798054,6361.50194630618,3180.657880511653,2068.481561750743,12162.551719105395,16453.5559500324,TRUE,TRUE,8981.893838593742,14385.074388281659,4084.9075467512093,0.165,Dengue fever,TBATS
2017-06-01,7259,Vector-borne and zoonotic IDs,2017-2019,Pseudo interruption 2017,2017-01-01,2019-12-01,6,12841.480460947527,11168.443275012936,5036.792821913166,3320.41267025604,22949.108920135342,31545.31663078197,TRUE,TRUE,17912.316098222174,28224.90396052593,7122.521354146933,0.259,Dengue fever,TBATS
2017-07-01,8581,Vector-borne and zoonotic IDs,2017-2019,Pseudo interruption 2017,2017-01-01,2019-12-01,7,14886.143916319583,12796.68369428509,5331.405955371066,3351.466038619004,27208.585417947714,39140.60525654089,TRUE,TRUE,21877.17946257665,35789.13921792189,8304.461238157211,0.275,Dengue fever,TBATS
2017-08-01,7708,Vector-borne and zoonotic IDs,2017-2019,Pseudo interruption 2017,2017-01-01,2019-12-01,8,15994.88051135362,13389.096394325075,5386.447377135248,3169.396080084245,30636.29439360862,43339.59418364424,TRUE,TRUE,25249.847016473374,40170.19810356,10191.660562238201,0.21,Dengue fever,TBATS
2017-09-01,5121,Vector-borne and zoonotic IDs,2017-2019,Pseudo interruption 2017,2017-01-01,2019-12-01,9,11483.619956832988,9263.132893517351,3625.981370249965,2158.99868485799,21313.861993279745,35463.25936746034,TRUE,TRUE,17687.880623029778,33304.260682602355,7475.9376418027405,0.194,Dengue fever,TBATS
2017-10-01,4167,Vector-borne and zoonotic IDs,2017-2019,Pseudo interruption 2017,2017-01-01,2019-12-01,10,9895.792362851773,7753.830349979331,2940.1628654847113,1691.9808294598724,19272.564573349995,32281.989114496762,TRUE,TRUE,16332.401707865283,30590.00828503689,6706.248884643386,0.2,Dengue fever,TBATS
2017-11-01,4179,Vector-borne and zoonotic IDs,2017-2019,Pseudo interruption 2017,2017-01-01,2019-12-01,11,8859.003010973996,6680.219400100293,2425.6009586805217,1373.0889719561706,17499.229550939235,31084.69211733888,TRUE,TRUE,15073.628592258714,29711.60314538271,5601.220220656936,0.279,Dengue fever,TBATS
2017-12-01,2975,Vector-borne and zoonotic IDs,2017-2019,Pseudo interruption 2017,2017-01-01,2019-12-01,12,5637.800258338335,4064.0362739239727,1369.9813253413815,762.4411471661293,11524.954079382313,19490.756333829064,TRUE,TRUE,10154.972754040931,18728.315186662934,3245.1572672522443,0.348,Dengue fever,TBATS
2018-01-01,2240,Vector-borne and zoonotic IDs,2017-2019,Pseudo interruption 2017,2017-01-01,2019-12-01,13,4801.021845652345,3276.1522143570833,1126.5210213605412,593.8702613703583,10403.683597379022,17113.86552578306,TRUE,TRUE,9277.162576018482,16519.995264412704,2974.067594225132,0.317,Dengue fever,TBATS
2018-02-01,1991,Vector-borne and zoonotic IDs,2017-2019,Pseudo interruption 2017,2017-01-01,2019-12-01,14,4424.699653554279,2896.5702947851723,895.95168284606,482.6073580906,9502.962031951985,17716.08433594391,TRUE,TRUE,8607.010349105925,17233.47697785331,2790.9169707992182,0.321,Dengue fever,TBATS
2018-03-01,2599,Vector-borne and zoonotic IDs,2017-2019,Pseudo interruption 2017,2017-01-01,2019-12-01,15,4690.26724184933,3077.532854922727,848.4401153550314,514.2233873921324,10173.403591019673,18014.484232232895,TRUE,TRUE,9324.963475664641,17500.260844840763,2574.8308738381543,0.436,Dengue fever,TBATS
2018-04-01,3100,Vector-borne and zoonotic IDs,2017-2019,Pseudo interruption 2017,2017-01-01,2019-12-01,16,5444.216285998622,3495.9790005428395,928.501726101081,533.9521112589316,11586.387782259175,21136.822283778485,TRUE,TRUE,10657.886056158093,20602.870172519553,2846.1597763203486,0.437,Dengue fever,TBATS
2018-05-01,7293,Vector-borne and zoonotic IDs,2017-2019,Pseudo interruption 2017,2017-01-01,2019-12-01,17,9302.731731768683,5960.405412694127,1520.8028495434357,773.5767327086562,20022.052282803463,38959.71450621138,TRUE,TRUE,18501.249433260025,38186.13777350272,5553.721090106412,0.581,Dengue fever,TBATS
2018-06-01,13636,Vector-borne and zoonotic IDs,2017-2019,Pseudo interruption 2017,2017-01-01,2019-12-01,18,16724.982787081357,10230.08583791351,2687.8697483167443,1276.8925227212467,35661.90142488739,70911.64707865017,TRUE,TRUE,32974.031676570645,69634.75455592893,10785.966580157652,0.605,Dengue fever,TBATS
2018-07-01,14114,Vector-borne and zoonotic IDs,2017-2019,Pseudo interruption 2017,2017-01-01,2019-12-01,19,19133.84997054042,11306.621465446335,2912.8938825486666,1320.6331955807645,41863.03595405719,75202.78263273695,TRUE,TRUE,38950.14207150852,73882.14943715619,11433.211536570543,0.573,Dengue fever,TBATS
2018-08-01,12408,Vector-borne and zoonotic IDs,2017-2019,Pseudo interruption 2017,2017-01-01,2019-12-01,20,20701.035040900668,12091.842396553842,2883.435345070241,1335.1231271947718,45905.67765686038,87856.0238453383,TRUE,TRUE,43022.24231179014,86520.90071814353,10597.32088136909,0.518,Dengue fever,TBATS
2018-09-01,9042,Vector-borne and zoonotic IDs,2017-2019,Pseudo interruption 2017,2017-01-01,2019-12-01,21,15086.59682303574,8441.841483252862,1989.1752753004432,829.2414312828457,32234.52120180861,61179.895917791,TRUE,TRUE,30245.345926508166,60350.65448650815,7733.4083410993435,0.538,Dengue fever,TBATS
2018-10-01,7527,Vector-borne and zoonotic IDs,2017-2019,Pseudo interruption 2017,2017-01-01,2019-12-01,22,13140.023839285168,6953.712394573226,1560.351719979951,653.0814937168951,29232.751695336883,58480.411064968604,TRUE,TRUE,27672.399975356933,57827.32957125171,7199.307263248597,0.533,Dengue fever,TBATS
2018-11-01,7247,Vector-borne and zoonotic IDs,2017-2019,Pseudo interruption 2017,2017-01-01,2019-12-01,23,11639.820911563696,5998.603528750442,1301.437138578175,525.161014130466,25560.379806046836,50949.86792424956,TRUE,TRUE,24258.942667468662,50424.706910119094,6897.136280199396,0.571,Dengue fever,TBATS
2018-12-01,5725,Vector-borne and zoonotic IDs,2017-2019,Pseudo interruption 2017,2017-01-01,2019-12-01,24,7497.178406645332,3715.1162235179468,789.9863383049652,330.3927343877774,15826.510926764042,34932.70619100059,TRUE,TRUE,15036.524588459077,34602.31345661281,5397.843493603607,0.639,Dengue fever,TBATS
2019-01-01,5797,Vector-borne and zoonotic IDs,2017-2019,Pseudo interruption 2017,2017-01-01,2019-12-01,25,6411.857650687468,3070.3012607864443,622.4596087775888,266.01921784626586,14470.8741316112,32341.467503775235,TRUE,TRUE,13848.414522833611,32075.448285928967,5680.123246461381,0.708,Dengue fever,TBATS
2019-02-01,4984,Vector-borne and zoonotic IDs,2017-2019,Pseudo interruption 2017,2017-01-01,2019-12-01,26,5918.133581956905,2887.54165433306,504.3661265264472,226.577043395137,13709.345958612314,33960.295480139066,TRUE,TRUE,13204.979832085866,33733.718436743926,5139.312187137048,0.699,Dengue fever,TBATS
2019-03-01,5369,Vector-borne and zoonotic IDs,2017-2019,Pseudo interruption 2017,2017-01-01,2019-12-01,27,6412.767925568908,2992.7417477777217,546.3331105568752,249.24505207920882,14230.54032406017,36821.766408276584,TRUE,TRUE,13684.207213503294,36572.52135619737,5553.380610186245,0.705,Dengue fever,TBATS
2019-04-01,4931,Vector-borne and zoonotic IDs,2017-2019,Pseudo interruption 2017,2017-01-01,2019-12-01,28,7603.772474319322,3489.076296942014,583.5048676203825,262.9394974253993,16470.517854977126,41486.828517737194,TRUE,TRUE,15887.012987356744,41223.88902031179,5344.41660123594,0.616,Dengue fever,TBATS
2019-05-01,8350,Vector-borne and zoonotic IDs,2017-2019,Pseudo interruption 2017,2017-01-01,2019-12-01,29,13084.0952251191,5674.229315853944,944.8119883869732,421.9820078248591,27513.559143763574,68427.96860515754,TRUE,TRUE,26568.7471553766,68005.98659733268,9111.855556070408,0.616,Dengue fever,TBATS
2019-06-01,18697,Vector-borne and zoonotic IDs,2017-2019,Pseudo interruption 2017,2017-01-01,2019-12-01,30,23684.979202035964,9654.681144370108,1667.1313284604223,771.8888157483858,48679.98594784574,128372.92277358432,TRUE,TRUE,47012.85461938531,127601.03395783593,19859.953181919,0.666,Dengue fever,TBATS
2019-07-01,22413,Vector-borne and zoonotic IDs,2017-2019,Pseudo interruption 2017,2017-01-01,2019-12-01,31,27470.218636741218,11216.067946551395,1883.9008550027302,817.0529693232436,59000.62551350992,163788.76437453995,TRUE,TRUE,57116.72465850719,162971.71140521672,24615.090044328703,0.677,Dengue fever,TBATS
2019-08-01,18209,Vector-borne and zoonotic IDs,2017-2019,Pseudo interruption 2017,2017-01-01,2019-12-01,32,30159.667999100096,11770.426490736285,1996.7402536080458,783.2845781250861,65432.6932856158,193199.69357138578,TRUE,TRUE,63435.953032007754,192416.4089932607,22997.267652262643,0.615,Dengue fever,TBATS
2019-09-01,14367,Vector-borne and zoonotic IDs,2017-2019,Pseudo interruption 2017,2017-01-01,2019-12-01,33,22026.23464457972,7706.836252428178,1339.0757723711215,581.8448296057662,44024.53782191171,131732.10805203268,TRUE,TRUE,42685.46204954059,131150.2632224269,17403.815454881027,0.65,Dengue fever,TBATS
2019-10-01,12848,Vector-borne and zoonotic IDs,2017-2019,Pseudo interruption 2017,2017-01-01,2019-12-01,34,19050.13923281501,6535.970280173571,1108.6848383453184,477.0068262898545,37705.05458205801,107816.96178566507,TRUE,TRUE,36596.36974371269,107339.95495937522,15198.641133230183,0.665,Dengue fever,TBATS
2019-11-01,10418,Vector-borne and zoonotic IDs,2017-2019,Pseudo interruption 2017,2017-01-01,2019-12-01,35,17624.789602073215,5889.7500873862045,905.7387222826609,381.9382369116713,34033.41224175051,104781.15334444828,TRUE,TRUE,33127.673519467855,104399.21510753661,13098.99629750736,0.651,Dengue fever,TBATS
2019-12-01,4774,Vector-borne and zoonotic IDs,2017-2019,Pseudo interruption 2017,2017-01-01,2019-12-01,36,11304.187042258158,3646.9750122896558,554.9055978439908,215.8617011016346,22476.238526245827,67346.99899464416,TRUE,TRUE,21921.332928401836,67131.13729354253,7094.27875045427,0.573,Dengue fever,TBATS
2019-01-01,27,Respiratory IDs,2019,Pseudo interruption 2019,2019-01-01,2019-12-01,1,32.71175694101682,32.657393475164,30.13847756247573,28.518141439243365,35.780529448329226,37.01853007296542,FALSE,FALSE,37.026827510610815,69.22604620345666,13.219249029967196,0.004,Rubella,ETS
2019-02-01,32,Respiratory IDs,2019,Pseudo interruption 2019,2019-01-01,2019-12-01,2,32.911500992539246,32.73993815055142,30.182843814266025,28.44218221049555,35.851903080871026,37.172240670183804,TRUE,TRUE,5.669059266605,8.730058459688255,1.8482023414854638,0.331,Rubella,ETS
2019-03-01,50,Respiratory IDs,2019,Pseudo interruption 2019,2019-01-01,2019-12-01,3,32.739064126955874,32.66012494002884,30.035967865600274,28.518141439243365,35.851903080871026,37.01853007296542,FALSE,FALSE,147.2969044065605,527.7591857151053,58.54977218163083,1,Rubella,ETS
2019-04-01,27,Respiratory IDs,2019,Pseudo interruption 2019,2019-01-01,2019-12-01,4,32.66934120911241,32.56793934280962,29.990947675905907,28.518141439243365,35.78515970204487,36.646449010781296,FALSE,FALSE,35.70368878519804,68.85396514127254,12.921100285530287,0.007,Rubella,ETS
2019-05-01,17,Respiratory IDs,2019,Pseudo interruption 2019,2019-01-01,2019-12-01,5,32.711446122529175,32.657393475164,30.05461522403852,28.44218221049555,35.78515970204487,37.01853007296542,FALSE,FALSE,136.27669671839155,466.26363628229177,52.98073170636552,0,Rubella,ETS
2019-06-01,24,Respiratory IDs,2019,Pseudo interruption 2019,2019-01-01,2019-12-01,6,32.67936591777968,32.66012494002884,30.05461522403852,28.44218221049555,35.851903080871026,37.01853007296542,FALSE,FALSE,66.34344009721772,186.26363628229183,24.99359581886958,0,Rubella,ETS
2019-07-01,40,Respiratory IDs,2019,Pseudo interruption 2019,2019-01-01,2019-12-01,7,32.909020813828214,32.7992978934092,30.13847756247573,28.518141439243365,35.851903080871026,37.01853007296542,FALSE,FALSE,47.19439470968504,127.7591857151053,18.422032267426463,0.991,Rubella,ETS
2019-08-01,41,Respiratory IDs,2019,Pseudo interruption 2019,2019-01-01,2019-12-01,8,32.87537295210757,32.70899023512892,30.245856508927663,28.518141439243365,35.851903080871026,37.01853007296542,FALSE,FALSE,57.08701576323311,167.7591857151053,22.47709776261837,0.994,Rubella,ETS
2019-09-01,57,Respiratory IDs,2019,Pseudo interruption 2019,2019-01-01,2019-12-01,9,32.78187855402315,32.66932806037852,30.182843814266025,28.518141439243365,35.78099247370079,37.01853007296542,FALSE,FALSE,217.78822392242685,807.7591857151053,86.6210208078897,1,Rubella,ETS
2019-10-01,48,Respiratory IDs,2019,Pseudo interruption 2019,2019-01-01,2019-12-01,10,32.841774163340325,32.70899023512892,30.05461522403852,28.44218221049555,35.78515970204487,37.172240670183804,FALSE,FALSE,127.87894745755763,441.8404316523361,50.367056671199535,1,Rubella,ETS
2019-11-01,26,Respiratory IDs,2019,Pseudo interruption 2019,2019-01-01,2019-12-01,11,32.68821851103086,32.61266640898681,30.05461522403852,28.64549196998397,35.780529448329226,36.65575103733589,FALSE,FALSE,46.272066464675916,113.82993786671067,17.246861276206022,0,Rubella,ETS
2019-12-01,25,Respiratory IDs,2019,Pseudo interruption 2019,2019-01-01,2019-12-01,12,32.83962484510089,32.66932806037852,30.05461522403852,28.518141439243365,35.851903080871026,37.01853007296542,FALSE,FALSE,56.343440097217716,149.22604620345666,21.119454711995918,0,Rubella,ETS
2018-01-01,16,Respiratory IDs,2018-2019,Pseudo interruption 2018,2018-01-01,2019-12-01,1,23.27533235923279,23.29304921854478,21.172467873151387,20.242859387694175,25.493976324652973,26.414245327805077,FALSE,FALSE,56.046187183015455,175.88576144787788,21.837259782033414,0,Rubella,ETS
2018-02-01,16,Respiratory IDs,2018-2019,Pseudo interruption 2018,2018-01-01,2019-12-01,2,25.449555753929975,25.47583395523607,22.980187337984894,21.971957566750497,27.76911472404595,28.729213473441224,FALSE,FALSE,74.59080076590999,245.6355585767106,29.340617629802882,0,Rubella,ETS
2018-03-01,21,Respiratory IDs,2018-2019,Pseudo interruption 2018,2018-01-01,2019-12-01,3,23.591713238188557,23.651221068471354,21.436617638395926,20.20723791280109,25.893662401836348,26.709191399927416,FALSE,TRUE,8.823221147399686,6.501953487126325,3.792770377846086,0.088,Rubella,ETS
2018-04-01,34,Respiratory IDs,2018-2019,Pseudo interruption 2018,2018-01-01,2019-12-01,4,19.323078026608275,19.42871395507406,17.030266986611096,16.322444400804518,21.365841109332194,22.209003798515308,FALSE,FALSE,130.67716302939914,477.52640745709846,51.66643121892855,1,Rubella,ETS
2018-05-01,17,Respiratory IDs,2018-2019,Pseudo interruption 2018,2018-01-01,2019-12-01,5,21.29855645738822,21.315173106358984,19.001209407390228,18.26236128417392,23.484174908857025,24.256485614138896,FALSE,FALSE,24.495059575369073,56.488575696921785,9.630891045023109,0.007,Rubella,ETS
2018-06-01,23,Respiratory IDs,2018-2019,Pseudo interruption 2018,2018-01-01,2019-12-01,6,28.789457989294952,28.84204776858765,26.464575223447735,25.099686960573564,31.27241181964083,32.2907749784515,FALSE,FALSE,39.45358883067044,91.1785664408205,14.633355085410212,0,Rubella,ETS
2018-07-01,37,Respiratory IDs,2018-2019,Pseudo interruption 2018,2018-01-01,2019-12-01,7,31.50356354918982,31.610099140772515,28.840668224268445,27.709810282905515,34.04189248919271,35.24085147511676,FALSE,FALSE,34.782299372997144,77.89698218754073,12.99296787456316,1,Rubella,ETS
2018-08-01,27,Respiratory IDs,2018-2019,Pseudo interruption 2018,2018-01-01,2019-12-01,8,22.952222742917463,23.05958493342921,20.693700917472302,19.922329679583118,25.132426484676675,26.16403165801153,FALSE,FALSE,23.114460720437627,39.680435657967166,8.437863194845338,0.992,Rubella,ETS
2018-09-01,49,Respiratory IDs,2018-2019,Pseudo interruption 2018,2018-01-01,2019-12-01,9,23.49524075250931,23.543381257497366,21.3515160356403,20.400769974813244,25.671151228692093,26.59301038018105,FALSE,FALSE,237.60812290613086,902.4718251981258,94.48146766690807,1,Rubella,ETS
2018-10-01,27,Respiratory IDs,2018-2019,Pseudo interruption 2018,2018-01-01,2019-12-01,10,22.63763134134399,22.67786914212027,20.575500214051857,19.552680260295872,24.83849675387802,25.745415173473514,FALSE,FALSE,25.878029001045974,56.37612797423708,9.853234445440624,1,Rubella,ETS
2018-11-01,30,Respiratory IDs,2018-2019,Pseudo interruption 2018,2018-01-01,2019-12-01,11,21.023444922575,21.050524174716124,19.01188201938463,18.115347187459736,22.992962730212938,23.97411171959723,FALSE,FALSE,74.05145340869893,246.89429574824834,28.88358503554887,1,Rubella,ETS
2018-12-01,34,Respiratory IDs,2018-2019,Pseudo interruption 2018,2018-01-01,2019-12-01,12,16.270309359635664,16.279792190327875,14.517552989043738,13.664312025894633,18.13049309066685,19.414316302357356,FALSE,FALSE,162.30800919495462,589.1773521821685,63.712541806217175,1,Rubella,ETS
2019-01-01,27,Respiratory IDs,2018-2019,Pseudo interruption 2018,2018-01-01,2019-12-01,13,23.21449824742779,23.304495632451932,20.69839975476038,20.134834868231184,25.38248599181857,26.41436741704708,FALSE,FALSE,20.859226318872494,29.70483586693263,7.48207313973536,0.981,Rubella,ETS
2019-02-01,32,Respiratory IDs,2018-2019,Pseudo interruption 2018,2018-01-01,2019-12-01,14,25.455721959183858,25.481884039583488,22.980306430407765,21.972074017352234,27.769245638715844,28.744934901662,FALSE,FALSE,47.096482821149635,136.9754648178298,18.228948612430344,1,Rubella,ETS
2019-03-01,50,Respiratory IDs,2018-2019,Pseudo interruption 2018,2018-01-01,2019-12-01,15,23.59586525325974,23.73203296076481,20.99689567984372,20.21012330262968,25.671631149980453,26.72434815104397,FALSE,FALSE,247.9584239703322,937.5402988066555,98.18933341890754,1,Rubella,ETS
2019-04-01,27,Respiratory IDs,2018-2019,Pseudo interruption 2018,2018-01-01,2019-12-01,16,19.214726246017822,19.306366377800465,17.193091724244262,16.490633134363147,21.25807049206764,21.96638522353487,FALSE,FALSE,61.484273847146966,206.82034314777687,24.26520443921422,1,Rubella,ETS
2019-05-01,17,Respiratory IDs,2018-2019,Pseudo interruption 2018,2018-01-01,2019-12-01,17,21.247260938867594,21.315277899177758,19.001308348720247,18.085534064643554,23.269624722460062,24.256559826716117,FALSE,FALSE,24.281399860942287,49.592388347814705,9.320941831005559,0.009,Rubella,ETS
2019-06-01,24,Respiratory IDs,2018-2019,Pseudo interruption 2018,2018-01-01,2019-12-01,18,28.727174708509498,28.82635590533451,26.464711213750775,25.308171133199235,31.14202691277255,31.80209921288102,FALSE,FALSE,29.324427836529523,58.82077340765117,10.905824114418378,0.007,Rubella,ETS
2019-07-01,40,Respiratory IDs,2018-2019,Pseudo interruption 2018,2018-01-01,2019-12-01,19,31.616784591721263,31.6762171162305,28.840816920774373,27.928851328190362,34.30504812440339,35.24097055180396,FALSE,FALSE,62.4137499595951,197.67329715145513,24.552158186609024,1,Rubella,ETS
2019-08-01,41,Respiratory IDs,2018-2019,Pseudo interruption 2018,2018-01-01,2019-12-01,20,23.046610915649172,23.139965232794733,20.69380843627234,19.737625856043202,25.138749022230975,26.16415255558809,FALSE,FALSE,163.0574503636489,599.8604244760213,64.37163685098889,1,Rubella,ETS
2019-09-01,57,Respiratory IDs,2018-2019,Pseudo interruption 2018,2018-01-01,2019-12-01,21,23.483694189008823,23.605593080529246,21.308211125961087,20.29698828359663,25.671272026260265,26.594707132848153,FALSE,FALSE,317.6503406376965,1222.5094335353256,126.43995737902105,1,Rubella,ETS
2019-10-01,48,Respiratory IDs,2018-2019,Pseudo interruption 2018,2018-01-01,2019-12-01,22,22.65861926272936,22.67798073207771,20.5756065057186,19.55736148220808,24.728449004278975,25.745534071297516,FALSE,FALSE,236.86835245577063,896.3668097371888,94.01122419674869,1,Rubella,ETS
2019-11-01,26,Respiratory IDs,2018-2019,Pseudo interruption 2018,2018-01-01,2019-12-01,23,20.990893679484483,21.017444527667724,18.581514154701306,17.841822415054967,23.099303959534268,23.9756791067447,FALSE,FALSE,33.52475020949028,87.10669242190174,12.834272108260336,1,Rubella,ETS
2019-12-01,25,Respiratory IDs,2018-2019,Pseudo interruption 2018,2018-01-01,2019-12-01,24,16.290861670827784,16.39100234217171,14.304478675764782,13.664385405991714,18.031219987090708,18.907927599219338,FALSE,FALSE,73.41454144041884,248.9264382244541,28.590582285707814,1,Rubella,ETS
2017-01-01,29,Respiratory IDs,2017-2019,Pseudo interruption 2017,2017-01-01,2019-12-01,1,24.139435199057257,24.18238739755696,21.70672557685818,21.1077784863866,26.64227452085208,27.53417633703598,FALSE,FALSE,28.5128037354731,65.05934436921018,11.018512454398536,1,Rubella,ETS
2017-02-01,22,Respiratory IDs,2017-2019,Pseudo interruption 2017,2017-01-01,2019-12-01,2,27.621425899609484,27.61676341633543,25.37665497584145,24.40363153089396,30.292609935055232,31.05454216934835,FALSE,FALSE,38.68250471762829,102.79617187421282,14.794458362857384,0,Rubella,ETS
2017-03-01,18,Respiratory IDs,2017-2019,Pseudo interruption 2017,2017-01-01,2019-12-01,3,26.422121976364075,26.430041885344043,23.85302738149866,23.226701688275753,29.008329779747225,30.205313401551063,FALSE,FALSE,63.68557621323516,216.04667924430544,25.57559287216508,0,Rubella,ETS
2017-04-01,21,Respiratory IDs,2017-2019,Pseudo interruption 2017,2017-01-01,2019-12-01,4,20.683771837540878,20.730136196857185,18.442941143688564,17.89118337621872,22.708216107285082,23.66933873769013,TRUE,TRUE,4.265274963596518,5.778155361471409,1.1294612511485516,0.616,Rubella,ETS
2017-05-01,10,Respiratory IDs,2017-2019,Pseudo interruption 2017,2017-01-01,2019-12-01,5,23.657111277830182,23.647637045808608,21.65161788075958,20.59546185705539,26.058489133685985,26.94859789347402,FALSE,FALSE,120.92305006052221,430.17161031863424,47.47266205907581,0,Rubella,ETS
2017-06-01,21,Respiratory IDs,2017-2019,Pseudo interruption 2017,2017-01-01,2019-12-01,6,32.34471530727765,32.26474449791681,29.94000868391392,28.721600539477212,35.174118589561836,36.11499262886345,FALSE,FALSE,94.6341967447871,316.25741366847467,36.80356362423837,0,Rubella,ETS
2017-07-01,29,Respiratory IDs,2017-2019,Pseudo interruption 2017,2017-01-01,2019-12-01,7,33.45852907745964,33.5530986334666,31.055109610743877,29.948578413964352,36.01977630183827,37.30024976578875,FALSE,FALSE,25.51576279853316,45.294807910398475,9.536793270954522,0.011,Rubella,ETS
2017-08-01,26,Respiratory IDs,2017-2019,Pseudo interruption 2017,2017-01-01,2019-12-01,8,24.332867581124635,24.365511193717346,21.876741925665023,21.27543742994044,26.9020042681237,27.725617180389538,TRUE,TRUE,5.025262342458678,6.450179750449099,2.369640209837476,0.831,Rubella,ETS
2017-09-01,33,Respiratory IDs,2017-2019,Pseudo interruption 2017,2017-01-01,2019-12-01,9,24.579490310715325,24.60610918168974,22.15923409727471,21.554032798437373,27.135362468105477,27.85674999807156,FALSE,FALSE,63.622503689775996,212.0327172767718,25.37602193608324,1,Rubella,ETS
2017-10-01,12,Respiratory IDs,2017-2019,Pseudo interruption 2017,2017-01-01,2019-12-01,10,25.30585895373475,25.401312981816385,23.2026643201046,22.24756716088836,27.5155249317285,28.63958280318327,FALSE,FALSE,116.3395038126699,416.29470207782924,45.98715907859347,0,Rubella,ETS
2017-11-01,20,Respiratory IDs,2017-2019,Pseudo interruption 2017,2017-01-01,2019-12-01,11,23.13196962960598,23.201939755223613,21.099397373953153,20.189082718453232,25.220663915257248,26.297306248552527,FALSE,FALSE,15.115240280835621,13.671532268228574,5.526851539841733,0.015,Rubella,ETS
2017-12-01,17,Respiratory IDs,2017-2019,Pseudo interruption 2017,2017-01-01,2019-12-01,12,17.001833110726906,17.00000848463156,15.191121209404772,14.440436203313961,19.043854241517415,19.805870964310007,TRUE,TRUE,3.852733032112644,5.365434760996045,0.8310614632831136,0.498,Rubella,ETS
2018-01-01,16,Respiratory IDs,2017-2019,Pseudo interruption 2017,2017-01-01,2019-12-01,13,24.18073687360217,24.18621590568274,22.038491653949816,21.1079184202096,26.279914765508344,27.53433615934119,FALSE,FALSE,64.62633965105668,210.7431545475156,25.318913250615886,0,Rubella,ETS
2018-02-01,16,Respiratory IDs,2017-2019,Pseudo interruption 2017,2017-01-01,2019-12-01,14,27.598080077309962,27.639555371650903,25.376819133999565,24.403792511117622,30.292789290088937,31.251910641073312,FALSE,FALSE,98.68416149608501,342.9998185746606,38.821102879680744,0,Rubella,ETS
2018-03-01,21,Respiratory IDs,2017-2019,Pseudo interruption 2017,2017-01-01,2019-12-01,15,26.437688178181837,26.47240659047631,24.347635821125884,23.226855210921645,28.63837289981633,29.94723129221794,FALSE,FALSE,37.76709528994928,95.7945845181621,14.252443899499417,0,Rubella,ETS
2018-04-01,34,Respiratory IDs,2017-2019,Pseudo interruption 2017,2017-01-01,2019-12-01,16,20.725088404923106,20.733670618804375,18.748838530914806,17.91325141318457,22.67540251718463,23.841665089669164,FALSE,FALSE,117.17253881442353,412.26181008971804,45.85114211885299,1,Rubella,ETS
2018-05-01,17,Respiratory IDs,2017-2019,Pseudo interruption 2017,2017-01-01,2019-12-01,17,23.731502342107877,23.687116286852884,21.651757985641442,20.595598502096895,26.231595352966277,26.94875419963827,FALSE,FALSE,51.09741722373926,150.17709578141717,19.532363616537275,0,Rubella,ETS
2018-06-01,23,Respiratory IDs,2017-2019,Pseudo interruption 2017,2017-01-01,2019-12-01,18,32.256189609451106,32.31912407283584,29.937516651401587,28.7217891276649,34.67642922787396,35.903205044664546,FALSE,FALSE,74.11407909048825,236.05298102359558,28.755671153690617,0,Rubella,ETS
2018-07-01,37,Respiratory IDs,2017-2019,Pseudo interruption 2017,2017-01-01,2019-12-01,19,33.500358423096486,33.57222236722059,30.6614128581491,29.97717031683121,36.055291437982476,37.52210506459561,FALSE,TRUE,14.84096420000862,7.5449347477643975,5.4185737681354835,0.949,Rubella,ETS
2018-08-01,27,Respiratory IDs,2017-2019,Pseudo interruption 2017,2017-01-01,2019-12-01,20,24.394410100096763,24.365662096690297,22.350902680123166,21.30012632387206,26.830752961606475,27.974293131420435,FALSE,TRUE,6.17232066541856,6.674166807548374,3.3620083014166666,0.922,Rubella,ETS
2018-09-01,49,Respiratory IDs,2017-2019,Pseudo interruption 2017,2017-01-01,2019-12-01,21,24.646891464896225,24.660026986520304,22.634330102571493,21.554175595886658,27.215327813145784,28.29361954232671,FALSE,FALSE,222.42771957911643,834.9946622533716,88.46020003357725,1,Rubella,ETS
2018-10-01,27,Respiratory IDs,2017-2019,Pseudo interruption 2017,2017-01-01,2019-12-01,22,25.386601532115467,25.346902365725725,23.344898402861567,22.24771440685971,27.913022062168235,28.833998772789485,TRUE,TRUE,4.568123659306668,6.5862843659297745,2.3168292675456774,0.821,Rubella,ETS
2018-11-01,30,Respiratory IDs,2017-2019,Pseudo interruption 2017,2017-01-01,2019-12-01,23,23.179739368031832,23.167043007240014,21.067088824697617,20.189216753804374,25.678795699868132,26.4836091403318,FALSE,FALSE,47.82374987648919,146.9500267732554,18.996166645376476,1,Rubella,ETS
2018-12-01,34,Respiratory IDs,2017-2019,Pseudo interruption 2017,2017-01-01,2019-12-01,24,16.95267888916606,16.982828909481587,15.308147839909356,14.420322152435132,18.716019630088113,19.64504867848561,FALSE,FALSE,156.24767548929762,579.4227793866261,61.7902761261674,1,Rubella,ETS
2019-01-01,27,Respiratory IDs,2017-2019,Pseudo interruption 2017,2017-01-01,2019-12-01,25,24.232708196861243,24.206992209754546,22.17919305904469,21.132509433161925,26.63468237132019,27.3494276114633,FALSE,TRUE,8.108665599073614,6.216918178301377,3.7804694551801967,0.936,Rubella,ETS
2019-02-01,32,Respiratory IDs,2017-2019,Pseudo interruption 2017,2017-01-01,2019-12-01,26,27.658842398587474,27.656895290276374,25.525564854332973,24.37767736842908,30.29296864621021,31.252092814424856,FALSE,FALSE,21.837717329775145,36.79070286900155,8.440146655302987,0.989,Rubella,ETS
2019-03-01,50,Respiratory IDs,2017-2019,Pseudo interruption 2017,2017-01-01,2019-12-01,27,26.478502819437395,26.472570489622136,24.347793005150784,23.227008734551347,29.008672919689477,29.749435556486223,FALSE,FALSE,214.57415071764393,816.545004562486,85.81560790562477,1,Rubella,ETS
2019-04-01,27,Respiratory IDs,2017-2019,Pseudo interruption 2017,2017-01-01,2019-12-01,28,20.705631835477302,20.733799005211313,18.443183316906467,17.913933539283356,23.005017253942658,23.66519796708966,FALSE,FALSE,44.511661397609615,139.14334574421986,17.700560449217285,1,Rubella,ETS
2019-05-01,17,Respiratory IDs,2017-2019,Pseudo interruption 2017,2017-01-01,2019-12-01,29,23.510399186151254,23.52490926908584,21.187423983740917,20.595735148015763,25.674935210764282,26.948910506740894,FALSE,FALSE,46.36175106443254,150.18258127935565,18.645110836752103,0,Rubella,ETS
2019-06-01,24,Respiratory IDs,2017-2019,Pseudo interruption 2017,2017-01-01,2019-12-01,30,32.1991879527957,32.260895301462675,29.391102663348153,28.693470978814155,34.676636446427025,36.11541557509678,FALSE,FALSE,59.1965604165604,195.16078374884881,23.886597257773758,0,Rubella,ETS
2019-07-01,40,Respiratory IDs,2017-2019,Pseudo interruption 2017,2017-01-01,2019-12-01,31,33.550685298081774,33.59134621949387,31.219853650539978,29.948971439707908,36.47066411001591,37.30068838597369,FALSE,FALSE,40.544169359316825,115.32418150731806,16.226957382188317,1,Rubella,ETS
2019-08-01,41,Respiratory IDs,2017-2019,Pseudo interruption 2017,2017-01-01,2019-12-01,32,24.307309287697887,24.329904237992245,21.877027903761064,21.275719450466006,26.467109944056514,27.53546554251584,FALSE,FALSE,149.9189825997303,544.8411243914162,59.1167588012197,1,Rubella,ETS
2019-09-01,57,Respiratory IDs,2017-2019,Pseudo interruption 2017,2017-01-01,2019-12-01,33,24.558329809384386,24.54864377099684,22.14255848496653,21.554318394252128,26.743941165466314,28.04384991707709,FALSE,FALSE,307.16197102583664,1164.7355348397414,121.69642174092606,1,Rubella,ETS
2019-10-01,48,Respiratory IDs,2017-2019,Pseudo interruption 2017,2017-01-01,2019-12-01,34,25.446711725735312,25.405397967942836,23.347419884681532,22.2478616537753,27.55013615865508,28.834166404376376,FALSE,FALSE,208.70135468742276,773.2196485755461,82.39668431865523,1,Rubella,ETS
2019-11-01,26,Respiratory IDs,2017-2019,Pseudo interruption 2017,2017-01-01,2019-12-01,35,23.19580294824825,23.19862401710977,21.09967142246455,20.21326399998384,25.609180563376462,26.48376265536253,FALSE,TRUE,8.41770350714729,6.270498655378688,3.8387532936708992,0.943,Rubella,ETS
2019-12-01,25,Respiratory IDs,2017-2019,Pseudo interruption 2017,2017-01-01,2019-12-01,36,16.969178731277598,16.952957285192912,15.306328069587629,14.440630095644691,19.04407690434054,20.016227803235417,FALSE,FALSE,63.296979791347525,204.92648557817407,24.762210361588238,1,Rubella,ETS
2019-01-01,259,Respiratory IDs,2019,Pseudo interruption 2019,2019-01-01,2019-12-01,1,238.66629837939914,233.41947657797482,165.04939693022249,143.85002680870298,323.30567746463896,422.4103664973501,TRUE,TRUE,158.25628053441648,278.5603396886471,56.92783721067267,0.691,Scarlet fever,TBATS
2019-02-01,302,Respiratory IDs,2019,Pseudo interruption 2019,2019-01-01,2019-12-01,2,316.3153426599435,299.64528038574804,197.76439340888868,155.8842694573968,446.5825912991071,596.6304716017063,TRUE,TRUE,248.81819789021841,440.74620214430945,59.324535439608894,0.508,Scarlet fever,TBATS
2019-03-01,298,Respiratory IDs,2019,Pseudo interruption 2019,2019-01-01,2019-12-01,3,321.05599620114555,307.94561536887903,185.20013268193398,138.5736368991239,476.1763992699022,621.0041574583237,TRUE,TRUE,290.9762665879682,482.43052055919975,73.80991577154614,0.468,Scarlet fever,TBATS
2019-04-01,122,Respiratory IDs,2019,Pseudo interruption 2019,2019-01-01,2019-12-01,4,204.98690115732646,188.43340165433023,109.92101386726583,80.00099927035252,316.8305341813274,422.56339906515524,TRUE,TRUE,206.90952031406155,342.56239979480273,99.95474056550614,0.136,Scarlet fever,TBATS
2019-05-01,116,Respiratory IDs,2019,Pseudo interruption 2019,2019-01-01,2019-12-01,5,249.4209750937088,227.21697705310487,125.4602849542351,89.09358188903043,399.1124280723793,552.6005745371959,FALSE,TRUE,368.25499266049525,463.5069926481655,166.43466017408974,0.072,Scarlet fever,TBATS
2019-06-01,206,Respiratory IDs,2019,Pseudo interruption 2019,2019-01-01,2019-12-01,6,375.91048340850944,337.02456667269473,175.9580078647893,115.2516193997469,608.2100204979288,940.6532836046478,TRUE,TRUE,432.2520126331395,825.4016642049008,206.99604192765415,0.157,Scarlet fever,TBATS
2019-07-01,240,Respiratory IDs,2019,Pseudo interruption 2019,2019-01-01,2019-12-01,7,309.23091346755075,271.3980342400133,139.14684692770757,93.44849334568465,526.55987260769,695.8733988343639,TRUE,TRUE,387.4130256799824,602.4249054886793,111.20150772035501,0.391,Scarlet fever,TBATS
2019-08-01,194,Respiratory IDs,2019,Pseudo interruption 2019,2019-01-01,2019-12-01,8,334.5208509657769,289.5705711720014,140.5517417455351,95.07495813727607,571.5859592839224,832.2276673055545,TRUE,TRUE,431.03421753838734,737.1527091682784,174.90804011047425,0.231,Scarlet fever,TBATS
2019-09-01,209,Respiratory IDs,2019,Pseudo interruption 2019,2019-01-01,2019-12-01,9,258.5056973465505,219.9245299560513,102.42839366867989,67.12728952250404,445.2768734369254,671.5766792030132,TRUE,TRUE,342.8484797682455,604.4493896805092,87.77335631498067,0.455,Scarlet fever,TBATS
2019-10-01,152,Respiratory IDs,2019,Pseudo interruption 2019,2019-01-01,2019-12-01,10,214.78749987585778,184.6850559382246,80.9966008450931,51.16576858874445,385.3769968281397,544.8567107099639,TRUE,TRUE,304.3803959830466,493.6909421212194,94.5965457927159,0.383,Scarlet fever,TBATS
2019-11-01,105,Respiratory IDs,2019,Pseudo interruption 2019,2019-01-01,2019-12-01,11,187.5442018578733,158.46717912406154,67.54452442012864,45.21668762785518,349.3249812024327,522.5856398562025,TRUE,TRUE,281.78045678230404,477.3689522283473,106.95337447355178,0.269,Scarlet fever,TBATS
2019-12-01,131,Respiratory IDs,2019,Pseudo interruption 2019,2019-01-01,2019-12-01,12,182.72879595574463,147.30402314567002,64.46934326963644,39.7436630079625,352.07524314191016,510.5522322391427,TRUE,TRUE,287.6058998722737,470.80856923118023,77.89250526534703,0.422,Scarlet fever,TBATS
2018-01-01,297,Respiratory IDs,2018-2019,Pseudo interruption 2018,2018-01-01,2019-12-01,1,207.4305931738271,202.19326652046473,146.55376216266342,125.17170606811797,287.0576382536132,360.76499048623623,FALSE,TRUE,239.9274935548176,235.59328441811826,123.65751712912376,0.925,Scarlet fever,TBATS
2018-02-01,462,Respiratory IDs,2018-2019,Pseudo interruption 2018,2018-01-01,2019-12-01,2,265.698610260538,252.9949757535406,170.95269843449535,133.72742682081332,376.2169904195397,487.12715886363117,FALSE,TRUE,1063.0943877896475,353.39973204281785,351.43511072522386,0.966,Scarlet fever,TBATS
2018-03-01,442,Respiratory IDs,2018-2019,Pseudo interruption 2018,2018-01-01,2019-12-01,3,281.35916087289377,262.35950910461275,162.95624430075804,117.43796210526962,420.7485531800489,548.3970820740407,FALSE,TRUE,470.3067770788021,430.95911996877106,236.199841847669,0.924,Scarlet fever,TBATS
2018-04-01,174,Respiratory IDs,2018-2019,Pseudo interruption 2018,2018-01-01,2019-12-01,4,184.13750710421698,170.91453820142908,100.87175615536407,73.63191451434824,284.72079348306215,380.6563209680842,TRUE,TRUE,183.84903732769808,307.02440645373593,44.165191669437874,0.515,Scarlet fever,TBATS
2018-05-01,261,Respiratory IDs,2018-2019,Pseudo interruption 2018,2018-01-01,2019-12-01,5,221.19939402526578,202.6126608722011,115.1301595939619,79.85358182752204,348.6209496845518,492.13996787102286,TRUE,TRUE,233.4907900905899,412.28638604350084,100.55985315847354,0.735,Scarlet fever,TBATS
2018-06-01,322,Respiratory IDs,2018-2019,Pseudo interruption 2018,2018-01-01,2019-12-01,6,331.83332716515616,294.28077335996136,162.56640395010527,116.7974968454122,534.665609164292,788.1190145698906,TRUE,TRUE,372.0992052141868,671.3215177244784,108.56411485527994,0.577,Scarlet fever,TBATS
2018-07-01,283,Respiratory IDs,2018-2019,Pseudo interruption 2018,2018-01-01,2019-12-01,7,280.3720632771016,243.07957054947525,124.80813775574919,88.22745523850287,466.2338965749351,687.5710342254961,TRUE,TRUE,341.42575881918594,599.3435789869932,110.53820813096927,0.614,Scarlet fever,TBATS
2018-08-01,262,Respiratory IDs,2018-2019,Pseudo interruption 2018,2018-01-01,2019-12-01,8,301.32752920472655,260.03485727639793,122.85871911042712,89.22131018317818,519.6243782479654,793.2333522336077,TRUE,TRUE,396.7656591375383,704.0120420504295,93.21510132290499,0.509,Scarlet fever,TBATS
2018-09-01,197,Respiratory IDs,2018-2019,Pseudo interruption 2018,2018-01-01,2019-12-01,9,236.89526256477137,191.93530379765232,89.8687418371146,62.09865658220818,418.40946839586053,679.4306388330997,TRUE,TRUE,328.5407265587459,617.3319822508915,81.31155250131316,0.513,Scarlet fever,TBATS
2018-10-01,113,Respiratory IDs,2018-2019,Pseudo interruption 2018,2018-01-01,2019-12-01,10,207.44996138739094,170.2870392376302,77.0746564696039,50.953352478763314,384.43621222187903,574.8593523920366,TRUE,TRUE,307.36155575227514,523.9059999132733,115.96372030699914,0.264,Scarlet fever,TBATS
2018-11-01,160,Respiratory IDs,2018-2019,Pseudo interruption 2018,2018-01-01,2019-12-01,11,182.6830446502906,146.32449149948349,62.76744865121451,46.19667124415291,351.25549830149987,548.6118939098327,TRUE,TRUE,288.48804965028535,502.4152226656798,77.19510365108606,0.56,Scarlet fever,TBATS
2018-12-01,154,Respiratory IDs,2018-2019,Pseudo interruption 2018,2018-01-01,2019-12-01,12,172.6037319899207,135.02729413780645,58.33300807233912,37.57220991996816,332.5818963046368,530.3736008545528,TRUE,TRUE,274.2488882322977,492.8013909345847,78.77004244430586,0.591,Scarlet fever,TBATS
2019-01-01,259,Respiratory IDs,2018-2019,Pseudo interruption 2018,2018-01-01,2019-12-01,13,258.6504085223811,202.84489194319517,84.937912912341,53.77570519215942,483.75410072508794,790.308241286787,TRUE,TRUE,398.81618781274693,736.5325360946276,138.1959779392685,0.646,Scarlet fever,TBATS
2019-02-01,302,Respiratory IDs,2018-2019,Pseudo interruption 2018,2018-01-01,2019-12-01,14,335.16567600807826,261.03784173769895,104.58320586692717,64.2720508313189,648.5659549792881,1069.2305142444175,TRUE,TRUE,543.9827491123609,1004.9584634130986,160.00530500434252,0.596,Scarlet fever,TBATS
2019-03-01,298,Respiratory IDs,2018-2019,Pseudo interruption 2018,2018-01-01,2019-12-01,15,349.59565025792807,261.2132103541529,104.54786507119746,71.58318171746762,686.8867134553319,1211.4550523552448,TRUE,TRUE,582.3388483841345,1139.8718706377772,168.19852228365025,0.569,Scarlet fever,TBATS
2019-04-01,122,Respiratory IDs,2018-2019,Pseudo interruption 2018,2018-01-01,2019-12-01,16,228.67740015689637,172.41081234161044,63.88600798417968,40.13444322234542,444.9998586204232,699.0938007268737,TRUE,TRUE,381.1138506362435,658.9593575045283,127.66524027526846,0.33,Scarlet fever,TBATS
2019-05-01,116,Respiratory IDs,2018-2019,Pseudo interruption 2018,2018-01-01,2019-12-01,17,281.07867183649836,204.4638655932594,74.54049410781958,47.58032916932625,557.8501528750055,907.4567861845271,TRUE,TRUE,483.3096587671859,859.8764570152009,182.4956961579653,0.252,Scarlet fever,TBATS
2019-06-01,206,Respiratory IDs,2018-2019,Pseudo interruption 2018,2018-01-01,2019-12-01,18,429.61094327693957,297.3936823857086,108.25536564031734,71.37753527710527,894.6469655733601,1444.1874775868314,TRUE,TRUE,786.3915999330428,1372.809942309726,253.84999959024276,0.325,Scarlet fever,TBATS
2019-07-01,240,Respiratory IDs,2018-2019,Pseudo interruption 2018,2018-01-01,2019-12-01,19,354.1653063220862,243.7707739508232,87.16899666840187,52.1573504250364,746.4251018955118,1232.2119915767037,TRUE,TRUE,659.25610522711,1180.0546411516673,155.69978164306286,0.49,Scarlet fever,TBATS
2019-08-01,194,Respiratory IDs,2018-2019,Pseudo interruption 2018,2018-01-01,2019-12-01,20,388.07515144692695,258.3159784305326,86.71881575084706,52.18968133164163,837.0457621638279,1378.1515630321464,TRUE,TRUE,750.3269464129809,1325.9618817005048,224.5435694385232,0.376,Scarlet fever,TBATS
2019-09-01,209,Respiratory IDs,2018-2019,Pseudo interruption 2018,2018-01-01,2019-12-01,21,299.42959182832254,196.8929274916895,65.44914725520651,38.49296282162975,630.1340606769757,1123.461143120265,TRUE,TRUE,564.6849134217691,1084.9681802986352,143.43397136607686,0.523,Scarlet fever,TBATS
2019-10-01,152,Respiratory IDs,2018-2019,Pseudo interruption 2018,2018-01-01,2019-12-01,22,259.71794480432374,169.92543109887023,54.28691104930081,30.53413835726996,538.5887784976641,997.018673568131,TRUE,TRUE,484.3018674483633,966.484535210861,130.48802507926877,0.452,Scarlet fever,TBATS
2019-11-01,105,Respiratory IDs,2018-2019,Pseudo interruption 2018,2018-01-01,2019-12-01,23,224.8789389759355,146.4330932834916,44.166665053813546,24.88667227485623,470.52670707434544,885.4263643543652,TRUE,TRUE,426.36004202053186,860.539692079509,135.78566903325873,0.367,Scarlet fever,TBATS
2019-12-01,131,Respiratory IDs,2018-2019,Pseudo interruption 2018,2018-01-01,2019-12-01,24,212.99532873433526,138.94052168445216,41.0215881934206,22.18194824734698,455.3404592835221,830.9559682793871,TRUE,TRUE,414.3188710901015,808.7740200320401,104.99439752325956,0.481,Scarlet fever,TBATS
2017-01-01,183,Respiratory IDs,2017-2019,Pseudo interruption 2017,2017-01-01,2019-12-01,1,136.44406019635693,132.64111647224516,95.61581264743205,77.73088825503015,178.72248975369283,245.01626730763465,FALSE,TRUE,125.88177956933251,167.2853790526045,67.11960671540126,0.909,Scarlet fever,TBATS
2017-02-01,380,Respiratory IDs,2017-2019,Pseudo interruption 2017,2017-01-01,2019-12-01,2,166.47273831953666,158.63199960484124,108.43201807823576,84.18956047846618,234.5399679398663,290.37466324746345,FALSE,FALSE,1580.7082704629674,3791.1985728704594,581.6556665050202,0.997,Scarlet fever,TBATS
2017-03-01,393,Respiratory IDs,2017-2019,Pseudo interruption 2017,2017-01-01,2019-12-01,3,178.53379028527564,168.72445643491696,106.30135021066562,74.9531817930102,264.361785681381,346.97030226248603,FALSE,FALSE,1444.4425786569057,2113.2050299700345,495.05944863597267,0.989,Scarlet fever,TBATS
2017-04-01,162,Respiratory IDs,2017-2019,Pseudo interruption 2017,2017-01-01,2019-12-01,4,127.74615549340609,116.68056381546195,69.31542108939347,51.45379011060319,200.60630774514675,266.6097328285511,TRUE,TRUE,131.2908866557533,215.1559427179479,65.86832852126888,0.795,Scarlet fever,TBATS
2017-05-01,169,Respiratory IDs,2017-2019,Pseudo interruption 2017,2017-01-01,2019-12-01,5,153.47785728018113,141.14534006393978,76.16787696481825,56.50400169931633,242.1208675646194,322.2151492681536,TRUE,TRUE,165.95299059980115,265.71114756883725,59.464652347569846,0.652,Scarlet fever,TBATS
2017-06-01,266,Respiratory IDs,2017-2019,Pseudo interruption 2017,2017-01-01,2019-12-01,6,206.75670928827978,187.38233262849388,100.7849153972588,73.91520387512294,335.29529721215573,452.1181610379764,TRUE,TRUE,234.51038181489693,378.20295716285347,115.54391327410254,0.773,Scarlet fever,TBATS
2017-07-01,233,Respiratory IDs,2017-2019,Pseudo interruption 2017,2017-01-01,2019-12-01,7,183.3092418251562,165.3723216203125,85.75033173060062,62.002118693542755,305.1956515789124,412.075463599696,TRUE,TRUE,219.44531984831178,350.07334490615324,103.216327675726,0.77,Scarlet fever,TBATS
2017-08-01,222,Respiratory IDs,2017-2019,Pseudo interruption 2017,2017-01-01,2019-12-01,8,197.63203971476474,176.03285400166544,87.33454652951339,62.97171563634506,327.56999954819395,478.6832154858603,TRUE,TRUE,240.23545301868057,415.71149984951523,91.83984927563714,0.684,Scarlet fever,TBATS
2017-09-01,181,Respiratory IDs,2017-2019,Pseudo interruption 2017,2017-01-01,2019-12-01,9,158.18839152154192,139.391733062692,67.43704653050429,45.42347803485626,270.2562654010609,385.48708053576405,TRUE,TRUE,202.8192188705566,340.0636025009078,79.34023266917177,0.689,Scarlet fever,TBATS
2017-10-01,128,Respiratory IDs,2017-2019,Pseudo interruption 2017,2017-01-01,2019-12-01,10,147.45107346904194,125.34978101845147,60.762897575226525,38.0566773940139,255.25291715064722,382.2106407491039,TRUE,TRUE,194.4900195754207,344.15396335509,47.00473685150974,0.51,Scarlet fever,TBATS
2017-11-01,121,Respiratory IDs,2017-2019,Pseudo interruption 2017,2017-01-01,2019-12-01,11,117.94472698640668,98.51051570397426,46.81871686090631,29.62322760696044,211.28357306913531,315.3969195736388,TRUE,TRUE,164.464856208229,285.77369196667837,55.73691210880437,0.637,Scarlet fever,TBATS
2017-12-01,145,Respiratory IDs,2017-2019,Pseudo interruption 2017,2017-01-01,2019-12-01,12,109.030180181672,89.11685007638265,40.22825964491895,25.424039941238405,192.88530389416596,305.9488856086231,TRUE,TRUE,152.657044249247,280.5248456673847,80.3526408454688,0.767,Scarlet fever,TBATS
2018-01-01,297,Respiratory IDs,2017-2019,Pseudo interruption 2017,2017-01-01,2019-12-01,13,160.8214940948741,129.51611439194653,59.54145895690639,36.239711371095,297.9164348207493,470.8351716502728,TRUE,TRUE,238.37497586384293,434.5954602791778,189.51092303582476,0.899,Scarlet fever,TBATS
2018-02-01,462,Respiratory IDs,2017-2019,Pseudo interruption 2017,2017-01-01,2019-12-01,14,193.37004870529913,154.34984754483736,67.72125098938658,40.55629305581727,352.6313211061066,607.6493866883089,FALSE,TRUE,1378.596859055654,567.0930936324917,489.37934315833434,0.947,Scarlet fever,TBATS
2018-03-01,442,Respiratory IDs,2017-2019,Pseudo interruption 2017,2017-01-01,2019-12-01,15,206.12346902836822,157.3705899135175,67.95560805934589,40.08673385487144,401.01240506380793,650.5364147154299,FALSE,TRUE,742.9327463663827,610.4496808605585,370.99075472222955,0.923,Scarlet fever,TBATS
2018-04-01,174,Respiratory IDs,2017-2019,Pseudo interruption 2017,2017-01-01,2019-12-01,16,148.60450953274744,110.63339133015711,45.809643874029824,25.852667413302346,294.270716824737,483.776282438357,TRUE,TRUE,248.46107295070718,457.92361502505463,108.76400320898965,0.719,Scarlet fever,TBATS
2018-05-01,261,Respiratory IDs,2017-2019,Pseudo interruption 2017,2017-01-01,2019-12-01,17,179.51418359508614,132.5799227643276,51.27249045415461,28.499083399918806,361.7759019363145,574.6983448543468,TRUE,TRUE,310.5034114821599,546.199261454428,174.2645780838606,0.801,Scarlet fever,TBATS
2018-06-01,322,Respiratory IDs,2017-2019,Pseudo interruption 2017,2017-01-01,2019-12-01,18,247.70326557410016,177.23818915064118,64.90701179127734,36.989820257513635,519.6508855974141,797.6351767095583,TRUE,TRUE,454.7438738061368,760.6453564520447,218.99428274655074,0.753,Scarlet fever,TBATS
2018-07-01,283,Respiratory IDs,2017-2019,Pseudo interruption 2017,2017-01-01,2019-12-01,19,218.21788361615086,157.01059942158741,57.560677000000055,34.2283641313798,451.6661695210844,690.9415595972996,TRUE,TRUE,394.10549252108433,656.7131954659199,190.11692708474035,0.761,Scarlet fever,TBATS
2018-08-01,262,Respiratory IDs,2017-2019,Pseudo interruption 2017,2017-01-01,2019-12-01,20,234.62343382706254,168.26128039208618,61.00411541568651,33.249080392995054,456.5040822747925,862.2502670600281,TRUE,TRUE,395.499966859106,829.001186667033,171.43101785046935,0.699,Scarlet fever,TBATS
2018-09-01,197,Respiratory IDs,2017-2019,Pseudo interruption 2017,2017-01-01,2019-12-01,21,186.88543657796134,136.1414303896055,46.52532118132092,25.8049463756948,388.09491486171856,692.2646692018867,TRUE,TRUE,341.56959368039765,666.4597228261919,129.99637959022692,0.679,Scarlet fever,TBATS
2018-10-01,113,Respiratory IDs,2017-2019,Pseudo interruption 2017,2017-01-01,2019-12-01,22,174.3153546631132,121.94564354412323,40.182624991989634,23.74590027706321,338.2109704282671,629.1900464732586,TRUE,TRUE,298.02834543627745,605.4441461961953,79.0588159529508,0.459,Scarlet fever,TBATS
2018-11-01,160,Respiratory IDs,2017-2019,Pseudo interruption 2017,2017-01-01,2019-12-01,23,142.12080840095365,95.98619941398302,32.23770589848321,18.157514533342766,291.4154464268622,569.326114205667,TRUE,TRUE,259.177740528379,551.1685996723241,114.72622294024718,0.716,Scarlet fever,TBATS
2018-12-01,154,Respiratory IDs,2017-2019,Pseudo interruption 2017,2017-01-01,2019-12-01,24,132.3772061464341,88.58955776993179,28.817559052076053,16.01792283574408,286.8327456420086,529.6741687078769,TRUE,TRUE,258.01518658993257,513.6562458721328,114.15703347332911,0.733,Scarlet fever,TBATS
2019-01-01,259,Respiratory IDs,2017-2019,Pseudo interruption 2017,2017-01-01,2019-12-01,25,199.01130461538227,129.61637258260015,40.90949863517226,21.950814300659882,410.39179630173464,794.8131038289233,TRUE,TRUE,369.4822976665624,772.8622895282634,193.5385611417004,0.778,Scarlet fever,TBATS
2019-02-01,302,Respiratory IDs,2017-2019,Pseudo interruption 2017,2017-01-01,2019-12-01,26,233.89790657499637,154.240880124873,48.08948052651662,24.266608299607487,535.5446700246384,951.765761944592,TRUE,TRUE,487.4551894981218,927.4991536449845,233.30009236560045,0.774,Scarlet fever,TBATS
2019-03-01,298,Respiratory IDs,2017-2019,Pseudo interruption 2017,2017-01-01,2019-12-01,27,252.05785294214468,161.15939345866323,49.15427416125556,25.061870858191323,549.5756191255224,1055.915474281126,TRUE,TRUE,500.42134496426684,1030.8536034229348,230.77404456426947,0.753,Scarlet fever,TBATS
2019-04-01,122,Respiratory IDs,2017-2019,Pseudo interruption 2017,2017-01-01,2019-12-01,28,184.50669180920076,111.7471958720626,33.01305364637665,16.808405971352645,423.3581567072414,801.5234510504665,TRUE,TRUE,390.34510306086474,784.7150450791139,102.04606159525284,0.536,Scarlet fever,TBATS
2019-05-01,116,Respiratory IDs,2017-2019,Pseudo interruption 2017,2017-01-01,2019-12-01,29,231.23058022851367,141.97336440307504,39.762483749402385,18.736919284660704,483.7425911808845,1049.968531033351,TRUE,TRUE,443.9801074314821,1031.2316117486903,133.0647731814448,0.424,Scarlet fever,TBATS
2019-06-01,206,Respiratory IDs,2017-2019,Pseudo interruption 2017,2017-01-01,2019-12-01,30,308.83316039936705,182.561130290549,51.27458353009891,24.184657696365576,675.6406867676051,1382.584516608884,TRUE,TRUE,624.3661032375062,1358.3998589125185,172.98566664206254,0.544,Scarlet fever,TBATS
2019-07-01,240,Respiratory IDs,2017-2019,Pseudo interruption 2017,2017-01-01,2019-12-01,31,272.10971229488496,161.05617619911095,44.44241950244954,22.003589816167576,576.7898316170047,1197.2880498974453,TRUE,TRUE,532.3474121145551,1175.2844600812778,195.3420233822912,0.665,Scarlet fever,TBATS
2019-08-01,194,Respiratory IDs,2017-2019,Pseudo interruption 2017,2017-01-01,2019-12-01,32,297.13021823614764,175.66100719182674,44.698351827774275,23.866428927057566,630.5718455703636,1276.2972906930663,TRUE,TRUE,585.8734937425893,1252.4308617660088,158.50818771599324,0.547,Scarlet fever,TBATS
2019-09-01,209,Respiratory IDs,2017-2019,Pseudo interruption 2017,2017-01-01,2019-12-01,33,245.1608779035095,141.7760685143141,36.21403479682038,16.350231270856938,515.7659159197643,1028.4895775436446,TRUE,TRUE,479.55188112294394,1012.1393462727876,170.99302001913128,0.671,Scarlet fever,TBATS
2019-10-01,152,Respiratory IDs,2017-2019,Pseudo interruption 2017,2017-01-01,2019-12-01,34,222.4945923478861,127.76395009075016,33.17694988383564,14.369306338322184,480.72525530325055,1039.0071221708795,TRUE,TRUE,447.54830541941493,1024.6378158325574,131.98208142780857,0.573,Scarlet fever,TBATS
2019-11-01,105,Respiratory IDs,2017-2019,Pseudo interruption 2017,2017-01-01,2019-12-01,35,178.31572500156122,101.69266443439521,25.46003227187572,11.299627253695185,386.40545947891417,914.3674155388892,TRUE,TRUE,360.94542720703845,903.067788285194,96.51984833701775,0.515,Scarlet fever,TBATS
2019-12-01,131,Respiratory IDs,2017-2019,Pseudo interruption 2017,2017-01-01,2019-12-01,36,165.80951811886715,90.89354662435892,22.51535401956857,10.25018392734157,374.23151258394313,795.2082838472566,TRUE,TRUE,351.71615856437455,784.958099919915,119.75807206760939,0.651,Scarlet fever,TBATS
2019-01-01,169,Respiratory IDs,2019,Pseudo interruption 2019,2019-01-01,2019-12-01,1,202.32642762194095,202.30958429970195,199.860539194829,199.45064198540572,204.54125270516087,205.95617366008818,FALSE,FALSE,313.28610545862176,1224.5312110909115,125.75469275677752,0,Mumps,ETS
2019-02-01,189,Respiratory IDs,2019,Pseudo interruption 2019,2019-01-01,2019-12-01,2,210.96610696582653,210.90568112857716,208.42243606981054,208.11074705259995,213.25590163026445,214.94481836094377,FALSE,FALSE,199.05782625855934,771.2639534123417,80.22435524072489,0,Mumps,ETS
2019-03-01,255,Respiratory IDs,2019,Pseudo interruption 2019,2019-01-01,2019-12-01,3,233.87837938115916,233.81074872975722,231.18165833778943,230.86746292817426,236.36653380496625,238.06255244853233,FALSE,FALSE,191.5195374175143,684.6929915790649,74.98224666615911,1,Mumps,ETS
2019-04-01,204,Respiratory IDs,2019,Pseudo interruption 2019,2019-01-01,2019-12-01,4,177.2315781116288,177.18639479187635,175.0697154741466,174.81112889554777,179.38090059945912,180.79189383628832,FALSE,FALSE,250.5021791307213,934.3050114892076,98.90343328698263,1,Mumps,ETS
2019-05-01,242,Respiratory IDs,2019,Pseudo interruption 2019,2019-01-01,2019-12-01,5,166.85683329934454,166.8675455428664,164.60534343828715,164.411649307451,168.84000917479483,170.13279263776684,FALSE,FALSE,735.8345739885594,2880.4094378196423,293.05587291666205,1,Mumps,ETS
2019-06-01,242,Respiratory IDs,2019,Pseudo interruption 2019,2019-01-01,2019-12-01,6,186.59614130398867,186.57106824188244,184.24766099263903,183.97100226907784,188.73366491059167,190.3998026943221,FALSE,FALSE,537.149354812036,2070.4366926523608,213.10450988251424,1,Mumps,ETS
2019-07-01,277,Respiratory IDs,2019,Pseudo interruption 2019,2019-01-01,2019-12-01,7,200.36836692593292,200.30318708970324,197.87031948183932,197.57964859906522,202.6692752693912,203.93172989950068,FALSE,FALSE,748.10620309364,2929.0828853204084,298.21775823603616,1,Mumps,ETS
2019-08-01,233,Respiratory IDs,2019,Pseudo interruption 2019,2019-01-01,2019-12-01,8,201.90652552973026,201.84763144191496,199.45779276741817,199.0447289518648,204.13018959613962,205.8531527015647,FALSE,FALSE,293.3705008673253,1092.6823156871114,115.56846761272455,1,Mumps,ETS
2019-09-01,225,Respiratory IDs,2019,Pseudo interruption 2019,2019-01-01,2019-12-01,9,192.6848312185897,192.71804306475542,190.26265597070605,189.96486024130368,194.8039941184241,196.19431098129425,FALSE,FALSE,306.5013969634771,1158.4570114882206,121.20406952188083,1,Mumps,ETS
2019-10-01,199,Respiratory IDs,2019,Pseudo interruption 2019,2019-01-01,2019-12-01,10,168.72759431716437,168.78543195253988,166.45687328220754,166.08281355195692,170.80208440689572,172.0238381071679,FALSE,FALSE,286.32436705573105,1084.9875002684948,113.38305317762486,1,Mumps,ETS
2019-11-01,154,Respiratory IDs,2019,Pseudo interruption 2019,2019-01-01,2019-12-01,11,151.02487584819772,150.93998337566168,148.94755552722893,148.57697214309482,152.86844683597852,154.00112828643094,FALSE,TRUE,15.236422948964417,5.42415614333612,5.102807217038405,0.967,Mumps,ETS
2019-12-01,135,Respiratory IDs,2019,Pseudo interruption 2019,2019-01-01,2019-12-01,12,132.50618596832797,132.49967830221317,130.47888649471568,130.1339480846959,134.25775588634778,135.39883419671872,FALSE,TRUE,11.201310528154295,5.264886112022822,4.003062487215065,0.944,Mumps,ETS
2018-01-01,186,Respiratory IDs,2018-2019,Pseudo interruption 2018,2018-01-01,2019-12-01,1,230.2977369744074,230.27684791792703,227.75008724128395,227.17502080957067,232.6997886683363,234.26867896224624,FALSE,FALSE,422.45057383989183,1654.0944905355022,169.17734977014442,0,Mumps,ETS
2018-02-01,173,Respiratory IDs,2018-2019,Pseudo interruption 2018,2018-01-01,2019-12-01,2,245.7164487027786,245.76846339283802,243.2259450336337,242.54130529246342,248.1618669276157,250.09177866016714,FALSE,FALSE,707.1953722303191,2789.2026850662405,282.93413767377103,0,Mumps,ETS
2018-03-01,173,Respiratory IDs,2018-2019,Pseudo interruption 2018,2018-01-01,2019-12-01,3,275.2609938229266,275.36199796995663,272.4425368850184,271.9027478630083,277.89754181927486,279.65824719715556,FALSE,FALSE,999.8803737844405,3963.8654138544794,400.425074735655,0,Mumps,ETS
2018-04-01,151,Respiratory IDs,2018-2019,Pseudo interruption 2018,2018-01-01,2019-12-01,4,206.6464764338229,206.70556358091898,204.25446775254161,203.75724383346846,208.93451024405286,210.8650719437479,FALSE,FALSE,537.2247200169273,2117.397581449018,215.2163093254043,0,Mumps,ETS
2018-05-01,177,Respiratory IDs,2018-2019,Pseudo interruption 2018,2018-01-01,2019-12-01,5,187.6987735174569,187.73612091431812,185.65350074688027,184.90291136816884,189.806488783247,190.8045510958871,FALSE,FALSE,90.68799550516943,322.018094454472,35.97969979046049,0,Mumps,ETS
2018-06-01,203,Respiratory IDs,2018-2019,Pseudo interruption 2018,2018-01-01,2019-12-01,6,210.41352325182734,210.48046895032996,208.19254982261313,207.42573460849334,212.5050684969019,214.159128114133,FALSE,FALSE,56.23801690042009,183.7627778453734,22.332968978146123,0,Mumps,ETS
2018-07-01,197,Respiratory IDs,2018-2019,Pseudo interruption 2018,2018-01-01,2019-12-01,7,228.91427382623243,228.9366785132456,226.35536829006458,225.83191868117183,231.28070851719113,232.85411078238369,FALSE,FALSE,298.4790231277723,1160.298939348085,119.71794408496343,0,Mumps,ETS
2018-08-01,218,Respiratory IDs,2018-2019,Pseudo interruption 2018,2018-01-01,2019-12-01,8,229.1917089463775,229.2687479998736,226.60549701238682,226.11322965983328,231.61680553113447,233.2018653836671,FALSE,FALSE,91.06627864261586,331.617822117165,36.850315867404014,0,Mumps,ETS
2018-09-01,178,Respiratory IDs,2018-2019,Pseudo interruption 2018,2018-01-01,2019-12-01,9,222.0135024035627,222.05796060072817,219.49666011011251,219.01217997038262,224.2907129874952,225.978216379985,FALSE,FALSE,419.76065397850783,1647.453235224907,168.30620252614008,0,Mumps,ETS
2018-10-01,155,Respiratory IDs,2018-2019,Pseudo interruption 2018,2018-01-01,2019-12-01,10,193.2536674884745,193.28492745699282,190.9389662096401,190.49106477626327,195.49802964067248,197.36562821720509,FALSE,FALSE,363.9487255274335,1426.5171544914726,145.92042422964252,0,Mumps,ETS
2018-11-01,124,Respiratory IDs,2018-2019,Pseudo interruption 2018,2018-01-01,2019-12-01,11,173.18897908107488,173.16816458060597,170.94683077136182,170.4797211927756,175.26206645406108,176.63207575521625,FALSE,FALSE,473.78354339631744,1865.3412022734647,189.75354669883416,0,Mumps,ETS
2018-12-01,133,Respiratory IDs,2018-2019,Pseudo interruption 2018,2018-01-01,2019-12-01,12,147.68780449115366,147.68927876917934,145.55327489024225,145.1588009621619,149.7086098642536,151.20841573738912,FALSE,FALSE,129.68808387643384,492.4016532617034,52.19758256604102,0,Mumps,ETS
2019-01-01,169,Respiratory IDs,2018-2019,Pseudo interruption 2018,2018-01-01,2019-12-01,13,230.25158172088297,230.27704968034263,227.75028789370643,227.22522694546518,232.66092664210748,234.26888246591554,FALSE,FALSE,592.4135176854653,2336.052733339058,237.2499119075109,0,Mumps,ETS
2019-02-01,189,Respiratory IDs,2018-2019,Pseudo interruption 2018,2018-01-01,2019-12-01,14,245.48953276383983,245.47547059792768,242.85096012178496,242.34450321682903,247.9987159918264,250.09199575863946,FALSE,FALSE,543.6573570878911,2141.5276212149715,217.82665846100363,0,Mumps,ETS
2019-03-01,255,Respiratory IDs,2018-2019,Pseudo interruption 2018,2018-01-01,2019-12-01,15,275.335081131757,275.4524815657248,272.5281625437154,271.9029875695311,277.9339385345996,279.1190023377281,FALSE,FALSE,180.68740142803802,683.3355175494407,72.60539018304354,0,Mumps,ETS
2019-04-01,204,Respiratory IDs,2018-2019,Pseudo interruption 2018,2018-01-01,2019-12-01,16,206.69748657307525,206.73104242414516,204.25464776463562,203.7574236263241,208.90334550415196,210.43028628905105,FALSE,TRUE,7.195175385872545,6.672862662726942,3.6029765075648115,0.057,Mumps,ETS
2019-05-01,242,Respiratory IDs,2018-2019,Pseudo interruption 2018,2018-01-01,2019-12-01,17,187.65846706014747,187.64693349298182,185.3767498578279,184.90307458489528,189.69929839161915,191.67695634512467,FALSE,FALSE,527.3295646175998,2019.6956279552428,208.64300866264026,1,Mumps,ETS
2019-06-01,242,Respiratory IDs,2018-2019,Pseudo interruption 2018,2018-01-01,2019-12-01,18,210.38996591690855,210.50733296453237,207.8507797892886,207.37933458741986,212.65050307983847,214.1593140792024,FALSE,FALSE,298.29469249216515,1120.4074163236864,117.737581080068,1,Mumps,ETS
2019-07-01,277,Respiratory IDs,2018-2019,Pseudo interruption 2018,2018-01-01,2019-12-01,19,228.92642745504804,228.9621050765794,226.35556771735418,225.78226567652968,231.28091010250589,233.31185910733166,FALSE,FALSE,462.1162413600929,1755.0552291375357,182.57112372185276,1,Mumps,ETS
2019-08-01,233,Respiratory IDs,2018-2019,Pseudo interruption 2018,2018-01-01,2019-12-01,20,229.13064655256272,229.18703903666272,226.65133521713963,226.11342912549551,231.58307586221872,233.19062104713507,FALSE,TRUE,19.100982022891884,7.077191921639553,6.389613571198104,0.973,Mumps,ETS
2019-09-01,225,Respiratory IDs,2018-2019,Pseudo interruption 2018,2018-01-01,2019-12-01,21,222.22202126489609,222.28819679681467,219.87838909783704,219.06147236069395,224.437579278054,226.42915604309724,FALSE,TRUE,10.183397399677062,7.367683682403282,4.093493493792723,0.933,Mumps,ETS
2019-10-01,199,Respiratory IDs,2018-2019,Pseudo interruption 2018,2018-01-01,2019-12-01,22,193.31760863942478,193.3423098868224,190.97200808633056,190.49123290624206,195.46787789905719,197.36579935408602,FALSE,FALSE,39.81709082215477,72.24259228440309,13.786590313462975,1,Mumps,ETS
2019-11-01,154,Respiratory IDs,2018-2019,Pseudo interruption 2018,2018-01-01,2019-12-01,23,173.16409905228116,173.22127188714848,170.9469815305342,170.47987174583358,175.23350927378416,176.6322290008123,FALSE,FALSE,173.756343048592,665.3472270883218,69.79192148102638,0,Mumps,ETS
2019-12-01,135,Respiratory IDs,2018-2019,Pseudo interruption 2018,2018-01-01,2019-12-01,24,147.69247949376353,147.71079186085683,145.58998073915726,145.15892924297472,149.58185809738455,150.849453136963,FALSE,FALSE,109.89168474979985,412.0476936129771,44.23321079317252,0,Mumps,ETS
2017-01-01,193,Respiratory IDs,2017-2019,Pseudo interruption 2017,2017-01-01,2019-12-01,1,248.78407253340117,248.7803611804529,246.43664587125062,245.68947655142088,251.0303094356526,252.6340156552346,FALSE,FALSE,538.9601222769081,2114.523601160649,215.43885255509358,0,Mumps,ETS
2017-02-01,216,Respiratory IDs,2017-2019,Pseudo interruption 2017,2017-01-01,2019-12-01,2,261.764641953694,261.72177406748233,259.2505192404267,258.6568710918337,264.13608728675285,265.6247124124199,FALSE,FALSE,437.390760450593,1713.2426849939338,175.0896483258381,0,Mumps,ETS
2017-03-01,215,Respiratory IDs,2017-2019,Pseudo interruption 2017,2017-01-01,2019-12-01,3,296.5653037349078,296.4910554633925,293.86038996110346,293.1202846108536,299.5562230562687,300.8105637023357,FALSE,FALSE,794.2997327061998,3132.5016635256266,317.5808681447311,0,Mumps,ETS
2017-04-01,183,Respiratory IDs,2017-2019,Pseudo interruption 2017,2017-01-01,2019-12-01,4,218.58725699185757,218.45793067585274,216.33343851449197,215.7278786291399,221.15241571806158,222.23036044300727,FALSE,FALSE,338.15336234848934,1315.6176269794632,135.095587595619,0,Mumps,ETS
2017-05-01,216,Respiratory IDs,2017-2019,Pseudo interruption 2017,2017-01-01,2019-12-01,5,190.44692880684403,190.43176900453446,188.33357257913488,187.7613241210409,192.84837092082233,193.83831380082182,FALSE,FALSE,236.03108913346412,892.544437646908,93.92133656360302,1,Mumps,ETS
2017-06-01,269,Respiratory IDs,2017-2019,Pseudo interruption 2017,2017-01-01,2019-12-01,6,213.87194112904763,213.8499513062994,211.86640483593723,210.98496437091546,216.37540158634877,217.42391743450355,FALSE,FALSE,530.7549808869239,2069.482255683446,211.82012612420618,1,Mumps,ETS
2017-07-01,232,Respiratory IDs,2017-2019,Pseudo interruption 2017,2017-01-01,2019-12-01,7,239.31146129072735,239.29414023378868,237.29660152718643,236.29949490891158,241.53782721027275,243.11096862916705,FALSE,FALSE,57.20724095495058,178.7912700767188,22.14012154289179,0,Mumps,ETS
2017-08-01,210,Respiratory IDs,2017-2019,Pseudo interruption 2017,2017-01-01,2019-12-01,8,240.55338625910042,240.51092358329805,238.1449198488089,237.50137621740743,243.2184506537769,244.33002753007628,FALSE,FALSE,286.52272929305707,1106.883700008966,114.52772355388622,0,Mumps,ETS
2017-09-01,165,Respiratory IDs,2017-2019,Pseudo interruption 2017,2017-01-01,2019-12-01,9,236.78398042032612,236.7645031536326,234.66878604865295,233.7273299059488,239.37204729127154,240.4934636199205,FALSE,FALSE,701.391121729148,2755.859329951924,279.86855519764674,0,Mumps,ETS
2017-10-01,145,Respiratory IDs,2017-2019,Pseudo interruption 2017,2017-01-01,2019-12-01,10,202.96894456993067,202.87666172233884,200.85378270928157,200.17929988733135,205.43076846193762,206.45245483442733,FALSE,FALSE,563.1148128454718,2213.44515044035,224.93750545076054,0,Mumps,ETS
2017-11-01,151,Respiratory IDs,2017-2019,Pseudo interruption 2017,2017-01-01,2019-12-01,11,178.6265198566214,178.64873319165952,176.6951062938908,176.06973455363342,180.5880806180682,181.948679245364,FALSE,FALSE,260.8440372630854,1008.6683268370675,104.20076558890398,0,Mumps,ETS
2017-12-01,148,Respiratory IDs,2017-2019,Pseudo interruption 2017,2017-01-01,2019-12-01,12,149.61401337996566,149.57739232334492,147.6895973728547,147.25116564336972,151.69071885099873,152.56883617256773,TRUE,TRUE,4.001121478144029,5.317670529198011,2.1148001163469043,0.126,Mumps,ETS
2018-01-01,186,Respiratory IDs,2017-2019,Pseudo interruption 2017,2017-01-01,2019-12-01,13,239.9347870342934,239.96741657423516,237.58194634914344,236.94661316374373,242.19207399151094,243.61761094865025,FALSE,FALSE,520.4295911338019,2044.535524334656,208.2240888141827,0,Mumps,ETS
2018-02-01,173,Respiratory IDs,2017-2019,Pseudo interruption 2017,2017-01-01,2019-12-01,14,252.8990449858395,252.9186356188093,250.49222053606348,249.83219340227316,255.21762447872752,256.8346294993324,FALSE,FALSE,779.6476093032989,3080.2901721879857,311.8901328710947,0,Mumps,ETS
2018-03-01,173,Respiratory IDs,2017-2019,Pseudo interruption 2017,2017-01-01,2019-12-01,15,286.9626282970287,286.96009713781945,284.6616367686162,283.6397842297731,289.8639085388758,290.9341874105434,FALSE,FALSE,1121.8186394564214,4432.885772371695,447.97449091815076,0,Mumps,ETS
2018-04-01,151,Respiratory IDs,2017-2019,Pseudo interruption 2017,2017-01-01,2019-12-01,16,211.7703791616539,211.64515439865963,209.6395708629442,208.95834024273896,214.29742166649783,215.3585489906722,FALSE,FALSE,591.0535594329956,2324.7338184574915,236.07404576650666,0,Mumps,ETS
2018-05-01,177,Respiratory IDs,2017-2019,Pseudo interruption 2017,2017-01-01,2019-12-01,17,184.72772651553558,184.74000047528446,182.60808309213007,182.10990843863053,186.71204460487655,188.0954777555491,FALSE,FALSE,60.18479243404721,210.38190686213963,24.23684344416071,0,Mumps,ETS
2018-06-01,203,Respiratory IDs,2017-2019,Pseudo interruption 2017,2017-01-01,2019-12-01,18,207.6861163912087,207.69618861827024,205.58252772428662,204.90014470495714,209.78001915045036,211.24627149015387,FALSE,FALSE,30.022768669029944,82.35191498348243,11.85467048100028,0,Mumps,ETS
2018-07-01,197,Respiratory IDs,2017-2019,Pseudo interruption 2017,2017-01-01,2019-12-01,19,232.65837047253282,232.5518050069547,230.40291397647172,229.76753345973393,234.93577500987357,236.3435128608731,FALSE,FALSE,338.5620007981191,1317.2773177904962,135.30245684488267,0,Mumps,ETS
2018-08-01,218,Respiratory IDs,2017-2019,Pseudo interruption 2017,2017-01-01,2019-12-01,20,234.17175417996017,234.21024788858304,231.93636406818493,231.21152655971434,236.39346725811615,237.80186078588684,FALSE,FALSE,143.8207438717805,535.0513966147462,57.38157319494117,0,Mumps,ETS
2018-09-01,178,Respiratory IDs,2017-2019,Pseudo interruption 2017,2017-01-01,2019-12-01,21,230.73234246565582,230.73073804746912,228.40971274862193,227.78677258381208,233.3680287754842,234.47530843892565,FALSE,FALSE,509.0554435130815,1998.1594392075967,203.5598389683722,0,Mumps,ETS
2018-10-01,155,Respiratory IDs,2017-2019,Pseudo interruption 2017,2017-01-01,2019-12-01,22,198.05514201427894,198.0377080555436,195.97390508038131,195.3152704843627,200.47993459503937,201.50461758894428,FALSE,FALSE,414.2450803184712,1618.8001664790902,165.4613859545539,0,Mumps,ETS
2018-11-01,124,Respiratory IDs,2017-2019,Pseudo interruption 2017,2017-01-01,2019-12-01,23,174.4701442439031,174.51081578772204,172.4389354725284,171.95484038604584,176.80852392848576,177.64463440974626,FALSE,FALSE,488.7589431812415,1923.8834094655342,195.56541991779764,0,Mumps,ETS
2018-12-01,133,Respiratory IDs,2017-2019,Pseudo interruption 2017,2017-01-01,2019-12-01,24,146.30092407518458,146.28201874118793,144.39130424521252,143.89029662066636,148.33314527547506,149.21619756906995,FALSE,FALSE,117.85488348238778,440.9377657750581,47.11990698113472,0,Mumps,ETS
2019-01-01,169,Respiratory IDs,2017-2019,Pseudo interruption 2017,2017-01-01,2019-12-01,25,234.83242701571817,234.67157707880355,232.51289172798312,231.87700857669512,237.5078496253481,238.6248958106238,FALSE,FALSE,640.1238751771962,2521.8282303017336,255.83021090346355,0,Mumps,ETS
2019-02-01,189,Respiratory IDs,2017-2019,Pseudo interruption 2017,2017-01-01,2019-12-01,26,247.84076814324854,247.79676717261626,245.68384216368105,244.7120178710046,250.49567888431721,251.64282537868795,FALSE,FALSE,571.6502583574467,2235.4115223478675,227.9179159691992,0,Mumps,ETS
2019-03-01,255,Respiratory IDs,2017-2019,Pseudo interruption 2017,2017-01-01,2019-12-01,27,281.1839642591754,281.1029872255867,278.76135140661063,278.0704911948829,283.29316950601884,285.45807835748576,FALSE,FALSE,242.1453321655145,930.2072349579184,96.8339323252684,0,Mumps,ETS
2019-04-01,204,Respiratory IDs,2017-2019,Pseudo interruption 2017,2017-01-01,2019-12-01,28,207.85744578606634,207.8116572903822,205.90781552118003,205.01821272895515,210.3149203739056,211.22673076392545,FALSE,FALSE,23.485260064525846,46.93702719317625,8.684448530356935,0,Mumps,ETS
2019-05-01,242,Respiratory IDs,2017-2019,Pseudo interruption 2017,2017-01-01,2019-12-01,29,181.41353671582826,181.43813229541638,179.31908771072037,178.8254228884309,183.7907620733176,184.7572079149015,FALSE,FALSE,586.5640536294211,2295.6434684304104,234.12548148159067,1,Mumps,ETS
2019-06-01,242,Respiratory IDs,2017-2019,Pseudo interruption 2017,2017-01-01,2019-12-01,30,204.0983040571562,204.12706994925725,201.88576197961356,201.27239650116275,206.6287915964578,207.51525625633448,FALSE,FALSE,358.4551136522662,1385.6326095017926,143.07646660502851,1,Mumps,ETS
2019-07-01,277,Respiratory IDs,2017-2019,Pseudo interruption 2017,2017-01-01,2019-12-01,31,228.84651338283737,228.90702586261625,226.45942783181314,225.971207952056,230.84238156348238,232.48695821539437,FALSE,FALSE,465.95913809684544,1787.0374216475636,184.5093382713048,1,Mumps,ETS
2019-08-01,233,Respiratory IDs,2017-2019,Pseudo interruption 2017,2017-01-01,2019-12-01,32,230.51846471902834,230.52550373682408,228.1804681098677,227.55054111063228,232.7352610072984,234.23563291578384,FALSE,TRUE,7.202182824446794,6.685091805151558,3.399349934658287,0.9,Mumps,ETS
2019-09-01,225,Respiratory IDs,2017-2019,Pseudo interruption 2017,2017-01-01,2019-12-01,33,227.2434384683784,227.25043760278766,224.95782569351394,224.34050827565048,229.8713973716929,230.82461384280091,TRUE,TRUE,4.913571678178954,6.484105567150436,2.845885773424775,0.107,Mumps,ETS
2019-10-01,199,Respiratory IDs,2017-2019,Pseudo interruption 2017,2017-01-01,2019-12-01,34,195.2260112175087,195.17985536632588,193.3696552480756,192.46965894478055,197.60445035733866,198.62176769467234,FALSE,FALSE,18.19029153587644,21.281400962998077,6.81781839119945,0.987,Mumps,ETS
2019-11-01,154,Respiratory IDs,2017-2019,Pseudo interruption 2017,2017-01-01,2019-12-01,35,172.074591498359,172.09907190801337,170.18169093326736,169.632506797105,174.0026338356658,175.2144317458082,FALSE,FALSE,165.63785223507205,630.8821968329036,66.21660175733837,0,Mumps,ETS
2019-12-01,135,Respiratory IDs,2017-2019,Pseudo interruption 2017,2017-01-01,2019-12-01,36,144.29536658250393,144.29394192149826,142.6938309244764,141.9706180990241,146.0374011124057,147.14482505464503,FALSE,FALSE,80.2818794326933,283.9989309165852,31.640211483092948,0,Mumps,ETS
2019-01-01,5478,Respiratory IDs,2019,Pseudo interruption 2019,2019-01-01,2019-12-01,1,7753.616928051476,7839.681206276265,6610.208573562468,5791.975689566079,8591.383521063177,10981.377665042306,FALSE,FALSE,13303.260683125387,17748.429558119402,4727.80385664585,0.024,Chickenpox,SARIMA
2019-02-01,6852,Respiratory IDs,2019,Pseudo interruption 2019,2019-01-01,2019-12-01,2,10922.828761160486,10952.628940267807,8853.021356278776,7319.167128040408,12786.425039985188,15445.214956307258,FALSE,FALSE,23943.61724649417,26812.732949883168,8183.991229648639,0.016,Chickenpox,SARIMA
2019-03-01,6850,Respiratory IDs,2019,Pseudo interruption 2019,2019-01-01,2019-12-01,3,12165.013120244279,12141.080347237523,9561.768768199669,7891.2818546192375,14812.976500337421,17384.89329787582,FALSE,FALSE,32368.895414134437,51144.88562802608,11457.682969172572,0.011,Chickenpox,SARIMA
2019-04-01,4623,Respiratory IDs,2019,Pseudo interruption 2019,2019-01-01,2019-12-01,4,7074.124282352757,7054.399429977439,4829.56364544541,3634.7692919760057,9319.177637500698,10882.333381318707,FALSE,TRUE,6555.250446509385,7247.564089342702,3283.8621789971608,0.077,Chickenpox,SARIMA
2019-05-01,2851,Respiratory IDs,2019,Pseudo interruption 2019,2019-01-01,2019-12-01,5,4070.342584424258,4001.239163718825,2424.3530597447607,1499.8002437283776,5826.220516672275,7246.598239506617,TRUE,TRUE,3401.8674569275145,5746.797995778239,1694.3620439145918,0.187,Chickenpox,SARIMA
2019-06-01,2866,Respiratory IDs,2019,Pseudo interruption 2019,2019-01-01,2019-12-01,6,3349.3856698695417,3231.0606167282385,1847.168952984267,1095.3271155550535,4876.971282939945,6567.459969095069,TRUE,TRUE,3029.802329955678,5472.132853540015,995.7021803170999,0.367,Chickenpox,SARIMA
2019-07-01,2873,Respiratory IDs,2019,Pseudo interruption 2019,2019-01-01,2019-12-01,7,3286.561833047796,3154.129023848054,1827.0818921522966,1135.033559090754,4869.671905741415,6329.262226098038,TRUE,TRUE,3042.590013589118,5194.2286670072845,919.4867679329936,0.392,Chickenpox,SARIMA
2019-08-01,3100,Respiratory IDs,2019,Pseudo interruption 2019,2019-01-01,2019-12-01,8,3257.5065675369447,3142.3851885178537,1789.6950835925247,1046.4223611574605,4756.315312265897,6452.447309940397,TRUE,TRUE,2966.6202286733724,5406.024948782936,724.8083853533401,0.492,Chickenpox,SARIMA
2019-09-01,3088,Respiratory IDs,2019,Pseudo interruption 2019,2019-01-01,2019-12-01,9,3167.396419285979,3076.829861210528,1623.3094783032052,911.14404963343,4763.915821123683,6166.768190539312,TRUE,TRUE,3140.6063428204775,5255.624140905882,721.6580915190892,0.505,Chickenpox,SARIMA
2019-10-01,2868,Respiratory IDs,2019,Pseudo interruption 2019,2019-01-01,2019-12-01,10,3019.8681619206222,2925.334988821061,1458.6692965399213,775.1251693852661,4573.150241720059,5936.779137344686,TRUE,TRUE,3114.4809451801375,5161.65396795942,750.6511010040476,0.472,Chickenpox,SARIMA
2019-11-01,2543,Respiratory IDs,2019,Pseudo interruption 2019,2019-01-01,2019-12-01,11,2836.344058068766,2744.8528980890737,1380.9230013948754,726.2776529826202,4394.071703132344,5692.75442566769,TRUE,TRUE,3013.1487017374684,4966.47677268507,842.2451816566567,0.417,Chickenpox,SARIMA
2019-12-01,3134,Respiratory IDs,2019,Pseudo interruption 2019,2019-01-01,2019-12-01,12,3196.5642940177413,3114.3418292121214,1668.031985660868,1056.3913178704292,4766.919595570214,6309.572522315683,TRUE,TRUE,3098.8876099093463,5253.1812044452545,721.6758023936085,0.506,Chickenpox,SARIMA
2018-01-01,7022,Respiratory IDs,2018-2019,Pseudo interruption 2018,2018-01-01,2019-12-01,1,7422.016606263282,7436.687768279198,6021.870849502058,4648.502571234695,8334.026985193006,9834.66203601578,TRUE,TRUE,2312.156135690948,5186.159464781084,909.1415749251537,0.219,Chickenpox,SARIMA
2018-02-01,8378,Respiratory IDs,2018-2019,Pseudo interruption 2018,2018-01-01,2019-12-01,2,10847.585286851985,10948.935190311324,8422.054396869098,7314.699916334488,12846.615281741448,14917.112500872747,FALSE,TRUE,4865.104853563331,7602.412584538259,3139.261432200722,0.092,Chickenpox,SARIMA
2018-03-01,10188,Respiratory IDs,2018-2019,Pseudo interruption 2018,2018-01-01,2019-12-01,3,12239.893897229844,12347.252491903695,9288.025016930176,7805.934414157549,14993.957798978143,16969.20435614754,TRUE,TRUE,5705.932782047967,9163.269941989991,3006.88203633023,0.185,Chickenpox,SARIMA
2018-04-01,6283,Respiratory IDs,2018-2019,Pseudo interruption 2018,2018-01-01,2019-12-01,4,7191.775039630218,7173.84231354306,4874.502100276303,3791.2471715136494,9547.84573605448,11314.625211630753,TRUE,TRUE,4673.343635778177,7523.378040117104,1761.3439541636405,0.309,Chickenpox,SARIMA
2018-05-01,4033,Respiratory IDs,2018-2019,Pseudo interruption 2018,2018-01-01,2019-12-01,5,4177.906723104152,4155.9563027909035,2325.8565049454496,1592.2804923226502,6092.632749755669,7421.569617184957,TRUE,TRUE,3766.776244810219,5829.289124862306,934.2208063968501,0.463,Chickenpox,SARIMA
2018-06-01,3322,Respiratory IDs,2018-2019,Pseudo interruption 2018,2018-01-01,2019-12-01,6,3484.3924875191065,3383.3615635623255,1837.3127412893698,1102.4321742965012,5092.36177618744,6563.679044653041,TRUE,TRUE,3255.04903489807,5461.24687035654,788.3469712478133,0.467,Chickenpox,SARIMA
2018-07-01,3452,Respiratory IDs,2018-2019,Pseudo interruption 2018,2018-01-01,2019-12-01,7,3392.3332315654998,3304.0059443276614,1825.5525419930161,1164.008692652185,5067.110787599027,6323.679179773573,TRUE,TRUE,3241.558245606011,5159.670487121388,843.4313833196882,0.549,Chickenpox,SARIMA
2018-08-01,3700,Respiratory IDs,2018-2019,Pseudo interruption 2018,2018-01-01,2019-12-01,8,3258.190420832135,3200.2578334871873,1754.3628602235217,1019.7028358062876,4818.595287513521,6289.091010191482,TRUE,TRUE,3064.232427289999,5269.388174385194,1100.8464485520576,0.689,Chickenpox,SARIMA
2018-09-01,3931,Respiratory IDs,2018-2019,Pseudo interruption 2018,2018-01-01,2019-12-01,9,3070.1008689020287,2959.871345095293,1568.9617551284134,798.3277089395444,4753.498563565635,5943.017305384219,TRUE,TRUE,3184.536808437221,5144.689596444675,1492.2163971315083,0.791,Chickenpox,SARIMA
2018-10-01,3622,Respiratory IDs,2018-2019,Pseudo interruption 2018,2018-01-01,2019-12-01,10,2970.5701973544515,2839.1625197732064,1486.4047993719755,870.9416253305244,4538.82813610586,5891.240113181723,TRUE,TRUE,3052.4233367338843,5020.298487851199,1315.4696575729045,0.748,Chickenpox,SARIMA
2018-11-01,3298,Respiratory IDs,2018-2019,Pseudo interruption 2018,2018-01-01,2019-12-01,11,2745.0268567868825,2617.354702443031,1380.6306811765999,816.3833650365043,4221.856182531708,5661.916094844576,TRUE,TRUE,2841.2255013551085,4845.532729808072,1192.9336274547156,0.732,Chickenpox,SARIMA
2018-12-01,3519,Respiratory IDs,2018-2019,Pseudo interruption 2018,2018-01-01,2019-12-01,12,3062.4005078847586,2965.8045574822313,1568.5885971514538,885.8458034042544,4675.883928897632,5848.957919355292,TRUE,TRUE,3107.295331746179,4963.112115951038,1138.2480917316452,0.671,Chickenpox,SARIMA
2019-01-01,5478,Respiratory IDs,2018-2019,Pseudo interruption 2018,2018-01-01,2019-12-01,13,7264.7026248482935,7188.2396324893925,4739.558867681729,3623.8129041651914,9841.753277831946,11813.324188523267,TRUE,TRUE,5102.194410150217,8189.5112843580755,2512.123262989872,0.185,Chickenpox,SARIMA
2019-02-01,6852,Respiratory IDs,2018-2019,Pseudo interruption 2018,2018-01-01,2019-12-01,14,10772.503180502405,10758.294355324206,7500.746068468649,5777.230316914211,13982.65050135374,16229.290230066224,FALSE,TRUE,12969.365117571586,10452.059913152014,5618.216299596899,0.064,Chickenpox,SARIMA
2019-03-01,6850,Respiratory IDs,2018-2019,Pseudo interruption 2018,2018-01-01,2019-12-01,15,12085.249339218723,12145.967280505356,8546.903049410741,6895.8005024741515,15651.95052406879,17476.24462296289,FALSE,FALSE,24074.077968765458,12412.4642194548,8585.12486818495,0.025,Chickenpox,SARIMA
2019-04-01,4623,Respiratory IDs,2018-2019,Pseudo interruption 2018,2018-01-01,2019-12-01,16,7104.487034832227,7032.112705981777,4506.839428216535,3227.137098299005,9772.029675697244,11430.60852033003,TRUE,TRUE,5265.190247480708,8203.471422031025,3097.859461263576,0.113,Chickenpox,SARIMA
2019-05-01,2851,Respiratory IDs,2018-2019,Pseudo interruption 2018,2018-01-01,2019-12-01,17,4117.349787462225,4003.3651870218273,2184.7693291737646,1398.523890143843,6174.319084440318,7697.758276504301,TRUE,TRUE,3989.5497552665533,6299.234386360458,1812.1894859145286,0.216,Chickenpox,SARIMA
2019-06-01,2866,Respiratory IDs,2018-2019,Pseudo interruption 2018,2018-01-01,2019-12-01,18,3430.5736188622222,3295.9771980957767,1660.8707626065436,960.0031226496637,5335.767837386634,6735.062486057183,TRUE,TRUE,3674.8970747800904,5775.059363407519,1162.9676649777364,0.373,Chickenpox,SARIMA
2019-07-01,2873,Respiratory IDs,2018-2019,Pseudo interruption 2018,2018-01-01,2019-12-01,19,3367.5313422848126,3222.7668692269863,1635.8559915123942,920.5285723827266,5400.906647359983,6626.053154404984,TRUE,TRUE,3765.050655847589,5705.524582022257,1110.4425835980937,0.394,Chickenpox,SARIMA
2019-08-01,3100,Respiratory IDs,2018-2019,Pseudo interruption 2018,2018-01-01,2019-12-01,20,3250.3249666965303,3136.4376135390958,1524.4109116124112,893.7861507169458,5129.972994457035,6573.599857710516,TRUE,TRUE,3605.5620828446245,5679.81370699357,833.2325723661594,0.487,Chickenpox,SARIMA
2019-09-01,3088,Respiratory IDs,2018-2019,Pseudo interruption 2018,2018-01-01,2019-12-01,21,3072.019944432092,2951.6204628904,1404.5751287998737,883.7306607971323,4911.797130864355,6137.899243057847,TRUE,TRUE,3507.222002064481,5254.168582260715,880.4258933084254,0.54,Chickenpox,SARIMA
2019-10-01,2868,Respiratory IDs,2018-2019,Pseudo interruption 2018,2018-01-01,2019-12-01,22,2901.4058938901035,2799.6998961931313,1345.165213627995,720.5536019405222,4564.097807322259,5663.4181708969945,TRUE,TRUE,3218.9325936942637,4942.864568956473,767.3838807948362,0.52,Chickenpox,SARIMA
2019-11-01,2543,Respiratory IDs,2018-2019,Pseudo interruption 2018,2018-01-01,2019-12-01,23,2729.708070751124,2622.590357182138,1229.9109445909105,648.7159349523613,4237.094676319204,5459.301577995592,TRUE,TRUE,3007.1837317282934,4810.58564304323,737.2451085439667,0.47,Chickenpox,SARIMA
2019-12-01,3134,Respiratory IDs,2018-2019,Pseudo interruption 2018,2018-01-01,2019-12-01,24,3044.1925806940894,2959.755452433352,1418.89403564667,874.1499298447127,4703.049710818091,5899.811949099219,TRUE,TRUE,3284.1556751714206,5025.662019254507,865.8870268509261,0.547,Chickenpox,SARIMA
2017-01-01,6101,Respiratory IDs,2017-2019,Pseudo interruption 2017,2017-01-01,2019-12-01,1,7674.106557651903,7713.9515419251275,6035.04594006971,5031.969227638578,8757.130608227708,11120.666035073293,TRUE,TRUE,2722.084668157998,6088.696807434715,1969.4426527427702,0.106,Chickenpox,SARIMA
2017-02-01,8138,Respiratory IDs,2017-2019,Pseudo interruption 2017,2017-01-01,2019-12-01,2,12086.531446949313,12212.334385609687,9255.754733218466,8029.623985815531,14338.458435373126,16476.23872439704,FALSE,TRUE,16260.251034339319,8446.61473858151,6198.9722635253,0.029,Chickenpox,SARIMA
2017-03-01,11434,Respiratory IDs,2017-2019,Pseudo interruption 2017,2017-01-01,2019-12-01,3,12501.953225335375,12600.458765557376,9499.652536683945,8170.046845551714,15251.886743849032,17604.60704106116,TRUE,TRUE,5752.234207165087,9434.560195509446,2230.9068934126926,0.303,Chickenpox,SARIMA
2017-04-01,6677,Respiratory IDs,2017-2019,Pseudo interruption 2017,2017-01-01,2019-12-01,4,7200.78836289574,7204.425969597598,4939.565502436244,3777.101353430203,9397.876741432407,11256.767535911473,TRUE,TRUE,4458.3112389961625,7479.66618248127,1434.4572212167152,0.383,Chickenpox,SARIMA
2017-05-01,4002,Respiratory IDs,2017-2019,Pseudo interruption 2017,2017-01-01,2019-12-01,5,4083.7258675546914,4053.2355563843885,2309.5725151159813,1517.1465368066795,5791.32356724826,6977.224905937293,TRUE,TRUE,3481.7510521322783,5460.078369130614,816.4717482139,0.481,Chickenpox,SARIMA
2017-06-01,3779,Respiratory IDs,2017-2019,Pseudo interruption 2017,2017-01-01,2019-12-01,6,3274.943176027285,3229.9290246461687,1729.4569135139645,1023.4576948895657,4943.124269236674,5935.192971576134,TRUE,TRUE,3213.6673557227095,4911.735276686569,1149.9129682661612,0.689,Chickenpox,SARIMA
2017-07-01,3764,Respiratory IDs,2017-2019,Pseudo interruption 2017,2017-01-01,2019-12-01,7,3160.507226292706,3081.1796765873178,1585.3218306886645,987.7975896926489,4902.219829544996,6068.729229072275,TRUE,TRUE,3316.8979988563315,5080.931639379626,1280.197204122344,0.71,Chickenpox,SARIMA
2017-08-01,3622,Respiratory IDs,2017-2019,Pseudo interruption 2017,2017-01-01,2019-12-01,8,3155.0583464143815,3020.6258528861727,1576.8058574132967,868.2819492139351,4874.748200671342,6029.219941759794,TRUE,TRUE,3297.942343258045,5160.937992545859,1215.2076123141837,0.679,Chickenpox,SARIMA
2017-09-01,3441,Respiratory IDs,2017-2019,Pseudo interruption 2017,2017-01-01,2019-12-01,9,2975.4844870558063,2875.9276261375035,1408.181089345509,777.7964695674128,4606.5129075638815,5970.574152834109,TRUE,TRUE,3198.3318182183725,5192.777683266696,1171.5020973356047,0.674,Chickenpox,SARIMA
2017-10-01,3159,Respiratory IDs,2017-2019,Pseudo interruption 2017,2017-01-01,2019-12-01,10,2902.4536324170185,2812.4539207507396,1292.4548529437634,727.453348688393,4535.468615482282,5832.77176902386,TRUE,TRUE,3243.0137625385187,5105.318420335467,1000.33180221899,0.616,Chickenpox,SARIMA
2017-11-01,2932,Respiratory IDs,2017-2019,Pseudo interruption 2017,2017-01-01,2019-12-01,11,2723.2571235906644,2649.104026766422,1233.2699686348642,652.4621571348384,4237.051347798583,5461.558596813451,TRUE,TRUE,3003.781379163719,4809.096439678613,899.2856568402019,0.6,Chickenpox,SARIMA
2017-12-01,3154,Respiratory IDs,2017-2019,Pseudo interruption 2017,2017-01-01,2019-12-01,12,2974.8178177180375,2915.8361273888977,1491.2986133869044,851.9942621426338,4579.269669957438,5791.280210563851,TRUE,TRUE,3087.9710565705336,4939.285948421218,882.1779050770161,0.58,Chickenpox,SARIMA
2018-01-01,7022,Respiratory IDs,2017-2019,Pseudo interruption 2017,2017-01-01,2019-12-01,13,7012.268806254581,6947.568043187144,4546.459721510455,3293.359034944144,9507.994671084536,11079.68263059951,TRUE,TRUE,4961.534949574081,7786.323595655365,1164.8441012083524,0.516,Chickenpox,SARIMA
2018-02-01,8378,Respiratory IDs,2017-2019,Pseudo interruption 2017,2017-01-01,2019-12-01,14,10790.95443608624,10706.293290126696,7705.232469525401,6285.198181821726,13785.749201611363,16061.985902673177,TRUE,TRUE,6080.516732085962,9776.787720851451,3226.5888180691686,0.148,Chickenpox,SARIMA
2018-03-01,10188,Respiratory IDs,2017-2019,Pseudo interruption 2017,2017-01-01,2019-12-01,15,11563.047507285892,11435.861027062549,8563.575890168808,6783.037621746232,14687.955518571805,16751.648569120287,TRUE,TRUE,6124.379628402998,9968.610947374054,2376.934000089481,0.275,Chickenpox,SARIMA
2018-04-01,6283,Respiratory IDs,2017-2019,Pseudo interruption 2017,2017-01-01,2019-12-01,16,6703.94951459995,6650.02659584409,4349.969618303406,3114.0740140349612,9058.669691394529,10616.293615109918,TRUE,TRUE,4708.700073091123,7502.219601074958,1347.1020724128498,0.416,Chickenpox,SARIMA
2018-05-01,4033,Respiratory IDs,2017-2019,Pseudo interruption 2017,2017-01-01,2019-12-01,17,3893.803361852151,3826.7553947500755,2085.1170765690053,1294.3263604761994,5737.048070429767,7080.992420973844,TRUE,TRUE,3651.9309938607616,5786.666060497644,980.7712856375672,0.553,Chickenpox,SARIMA
2018-06-01,3322,Respiratory IDs,2017-2019,Pseudo interruption 2017,2017-01-01,2019-12-01,18,3276.490961975627,3250.4682243003117,1539.8503068647794,887.4893355154004,4931.7325767231005,5923.858552041572,TRUE,TRUE,3391.882269858321,5036.369216526171,801.3813523981288,0.521,Chickenpox,SARIMA
2018-07-01,3452,Respiratory IDs,2017-2019,Pseudo interruption 2017,2017-01-01,2019-12-01,19,3239.545519370397,3146.5132513253657,1610.648700827333,926.9343325559488,4812.411996641358,6100.001614290417,TRUE,TRUE,3201.7632958140252,5173.067281734468,963.5942175393304,0.595,Chickenpox,SARIMA
2018-08-01,3700,Respiratory IDs,2017-2019,Pseudo interruption 2017,2017-01-01,2019-12-01,20,3195.8377326995183,3080.7062430133838,1610.175963576402,964.8980074425464,4817.035209165525,6211.54810498937,TRUE,TRUE,3206.859245589123,5246.650097546823,1218.3984887854258,0.681,Chickenpox,SARIMA
2018-09-01,3931,Respiratory IDs,2017-2019,Pseudo interruption 2017,2017-01-01,2019-12-01,21,2977.052097470687,2925.283022186931,1417.4438845306972,863.799268064504,4642.393605053556,5893.002982807936,TRUE,TRUE,3224.9497205228586,5029.203714743432,1521.7336861238502,0.797,Chickenpox,SARIMA
2018-10-01,3622,Respiratory IDs,2017-2019,Pseudo interruption 2017,2017-01-01,2019-12-01,22,2877.560593379412,2829.4074781100953,1364.050210683444,716.6875527010288,4551.5065681109445,5654.885950139658,TRUE,TRUE,3187.4563574275007,4938.198397438629,1341.5949705978692,0.736,Chickenpox,SARIMA
2018-11-01,3298,Respiratory IDs,2017-2019,Pseudo interruption 2017,2017-01-01,2019-12-01,23,2686.5374013486976,2592.177540318803,1167.8458039937161,612.8676081902044,4265.509417190629,5411.061789859147,TRUE,TRUE,3097.6636131969135,4798.194181668943,1252.2119131232216,0.705,Chickenpox,SARIMA
2018-12-01,3519,Respiratory IDs,2017-2019,Pseudo interruption 2017,2017-01-01,2019-12-01,24,2969.7105205147595,2873.809978980563,1371.1554786612505,792.4135835747768,4751.063382921114,5875.447601521684,TRUE,TRUE,3379.9079042598632,5083.034017946908,1260.258642215004,0.695,Chickenpox,SARIMA
2019-01-01,5478,Respiratory IDs,2017-2019,Pseudo interruption 2017,2017-01-01,2019-12-01,25,7063.365009739149,6986.686765418487,4420.054146531168,3319.3531730535756,9769.125487481208,11547.5912770041,TRUE,TRUE,5349.0713409500395,8228.238103950524,2391.930351044817,0.226,Chickenpox,SARIMA
2019-02-01,6852,Respiratory IDs,2017-2019,Pseudo interruption 2017,2017-01-01,2019-12-01,26,10836.928691105233,10737.624150776403,7535.853703306925,5949.216019013272,14245.579550228738,16326.348369764175,FALSE,TRUE,13548.262879991064,10377.132350750904,5691.306675449729,0.054,Chickenpox,SARIMA
2019-03-01,6850,Respiratory IDs,2017-2019,Pseudo interruption 2017,2017-01-01,2019-12-01,27,11696.49317520283,11654.138421352212,8072.180354910928,6681.393096584615,15296.229821078425,17265.092753062137,FALSE,TRUE,19445.853015276778,10583.699656477522,7377.995205785155,0.033,Chickenpox,SARIMA
2019-04-01,4623,Respiratory IDs,2017-2019,Pseudo interruption 2017,2017-01-01,2019-12-01,28,6732.7639942335345,6691.2787581726825,4051.3259804523245,3079.896415400714,9342.398462173642,11092.405428351967,TRUE,TRUE,5291.072481721318,8012.509012951254,2821.694964131607,0.169,Chickenpox,SARIMA
2019-05-01,2851,Respiratory IDs,2017-2019,Pseudo interruption 2017,2017-01-01,2019-12-01,29,3888.4971929426742,3859.62514284176,1951.2258649075673,1209.1934410130136,5877.101318117589,7444.131193463003,TRUE,TRUE,3925.875453210021,6234.93775244999,1684.4376968850108,0.27,Chickenpox,SARIMA
2019-06-01,2866,Respiratory IDs,2017-2019,Pseudo interruption 2017,2017-01-01,2019-12-01,30,3221.6518858973427,3135.900432360996,1484.8255280792434,858.0551508838654,4939.0888585791545,6570.626758201622,TRUE,TRUE,3454.263330499911,5712.571607317756,997.1053430614929,0.424,Chickenpox,SARIMA
2019-07-01,2873,Respiratory IDs,2017-2019,Pseudo interruption 2017,2017-01-01,2019-12-01,31,3169.68217653198,3040.3650798322733,1443.051304944115,758.0464725413152,4963.883012129929,6466.926122664453,TRUE,TRUE,3520.8317071858137,5708.879650123138,925.5803230204745,0.445,Chickenpox,SARIMA
2019-08-01,3100,Respiratory IDs,2017-2019,Pseudo interruption 2017,2017-01-01,2019-12-01,32,3126.4528056282397,2980.7089133006166,1403.9154165544046,740.3217358697322,5011.235738900988,6563.046704165452,TRUE,TRUE,3607.320322346583,5822.72496829572,905.5131196667887,0.54,Chickenpox,SARIMA
2019-09-01,3088,Respiratory IDs,2017-2019,Pseudo interruption 2017,2017-01-01,2019-12-01,33,2911.204695342781,2786.3551905627046,1284.2135577606298,688.421788325313,4689.526926356318,5883.502309062745,TRUE,TRUE,3405.313368595688,5195.0805207374315,993.9692073546437,0.603,Chickenpox,SARIMA
2019-10-01,2868,Respiratory IDs,2017-2019,Pseudo interruption 2017,2017-01-01,2019-12-01,34,2838.759646562624,2725.668347442538,1310.557441682372,666.3500635682215,4591.094808245919,5700.974956125137,TRUE,TRUE,3280.537366563547,5034.624892556916,840.1362963984136,0.543,Chickenpox,SARIMA
2019-11-01,2543,Respiratory IDs,2017-2019,Pseudo interruption 2017,2017-01-01,2019-12-01,35,2689.788941118124,2564.167038351994,1202.3365917126766,540.3488335976472,4394.976584036496,5593.67530600776,TRUE,TRUE,3192.6399923238196,5053.326472410113,729.8890883498109,0.495,Chickenpox,SARIMA
2019-12-01,3134,Respiratory IDs,2017-2019,Pseudo interruption 2017,2017-01-01,2019-12-01,36,3008.822148321334,2833.9909551661103,1374.9214440908331,764.0396266110158,4835.554762749189,5823.281413924326,TRUE,TRUE,3460.6333186583556,5059.241787313311,996.0782383449812,0.59,Chickenpox,SARIMA
2019-01-01,32768,Respiratory IDs,2019,Pseudo interruption 2019,2019-01-01,2019-12-01,1,20098.894901893796,20091.858971681122,20039.63505882901,20006.41537865382,20161.416473121,20230.474206255156,FALSE,FALSE,126187.61668308199,501725.0905773951,50399.93511504403,1,Influenza,ETS
2019-02-01,49759,Respiratory IDs,2019,Pseudo interruption 2019,2019-01-01,2019-12-01,2,22827.56974727879,22819.544625855167,22760.684991056394,22735.56029290708,22902.07999783502,22966.954908193842,FALSE,FALSE,268710.5950284285,1071913.1982875331,107421.78743536575,1,Influenza,ETS
2019-03-01,51448,Respiratory IDs,2019,Pseudo interruption 2019,2019-01-01,2019-12-01,3,16083.054430470358,16076.917636003753,16027.76929717412,16006.845555958495,16146.457296760871,16198.425500552026,FALSE,FALSE,353134.11503197806,1410174.5599225126,141205.306693214,1,Influenza,ETS
2019-04-01,22598,Respiratory IDs,2019,Pseudo interruption 2019,2019-01-01,2019-12-01,4,7679.80442004052,7676.122640876165,7642.315413570544,7622.548227189733,7720.064231370174,7761.0816959819185,FALSE,FALSE,148857.1065040979,593615.2656295155,59499.24955313535,1,Influenza,ETS
2019-05-01,15275,Respiratory IDs,2019,Pseudo interruption 2019,2019-01-01,2019-12-01,5,7221.5735087700095,7218.011263626479,7185.08415148554,7165.198228251849,7264.560150746485,7299.537226930676,FALSE,FALSE,80183.87449179609,319152.84992145177,32041.12490464426,1,Influenza,ETS
2019-06-01,23591,Respiratory IDs,2019,Pseudo interruption 2019,2019-01-01,2019-12-01,6,13661.538754609157,13657.811194509772,13611.023724149034,13583.600685079831,13713.674513628623,13768.323767739234,FALSE,FALSE,98875.90565319337,393091.7723730901,39490.366843826734,1,Influenza,ETS
2019-07-01,27789,Respiratory IDs,2019,Pseudo interruption 2019,2019-01-01,2019-12-01,7,24814.260532223478,24806.86523935684,24747.85476606053,24710.93683455859,24892.247329931397,24956.762706061414,FALSE,FALSE,29111.9192645569,113535.31762904626,11585.027596005482,1,Influenza,ETS
2019-08-01,27658,Respiratory IDs,2019,Pseudo interruption 2019,2019-01-01,2019-12-01,8,39374.985608921525,39364.76026919312,39287.832839487826,39255.06988382805,39473.531942327594,39554.763785264135,FALSE,FALSE,116484.02749771802,464182.4892545581,46570.152185171704,0,Influenza,ETS
2019-09-01,53339,Respiratory IDs,2019,Pseudo interruption 2019,2019-01-01,2019-12-01,9,43945.520208883856,43935.813588087825,43853.18870778588,43814.54577731609,44045.32945336365,44135.279950825745,FALSE,FALSE,93128.84621194127,368469.53614047985,37161.94596905954,1,Influenza,ETS
2019-10-01,39304,Respiratory IDs,2019,Pseudo interruption 2019,2019-01-01,2019-12-01,10,29974.61778104862,29968.95857976277,29902.873369157132,29863.759763224665,30052.05160392276,30137.354809419892,FALSE,FALSE,92668.66219553804,366939.4026693995,36972.595194251844,1,Influenza,ETS
2019-11-01,29661,Respiratory IDs,2019,Pseudo interruption 2019,2019-01-01,2019-12-01,11,21374.956145179935,21368.769521733844,21311.32155798521,21277.063622213253,21447.73698218307,21505.214584372883,FALSE,FALSE,82269.04560236717,326459.5675872443,32855.21438248145,1,Influenza,ETS
2019-12-01,23173,Respiratory IDs,2019,Pseudo interruption 2019,2019-01-01,2019-12-01,12,14326.70877719369,14320.590380804639,14275.483919118298,14245.887246626975,14385.989199800078,14415.152454011033,FALSE,FALSE,87980.61328268099,350483.16704694275,35178.15250246295,1,Influenza,ETS
2018-01-01,14280,Respiratory IDs,2018-2019,Pseudo interruption 2018,2018-01-01,2019-12-01,1,13345.32588835321,13346.57592297768,13299.523907615527,13278.4408451416,13394.04811366353,13429.200942546173,FALSE,FALSE,8954.043069412704,34182.722395557656,3546.6950485461957,1,Influenza,ETS
2018-02-01,14705,Respiratory IDs,2018-2019,Pseudo interruption 2018,2018-01-01,2019-12-01,2,16788.54167445711,16785.845338763567,16734.09946639859,16713.21070404287,16842.495437314872,16913.409313817996,FALSE,FALSE,20399.390634902193,80528.62677148996,8149.723843454803,0,Influenza,ETS
2018-03-01,12063,Respiratory IDs,2018-2019,Pseudo interruption 2018,2018-01-01,2019-12-01,3,12707.778985873485,12704.312449428298,12661.666427641814,12638.90586309322,12757.779888299883,12800.898764368161,FALSE,FALSE,6082.7777370762105,23198.227425003723,2414.223494474981,0,Influenza,ETS
2018-04-01,6337,Respiratory IDs,2018-2019,Pseudo interruption 2018,2018-01-01,2019-12-01,4,6282.272553959201,6279.4494022000035,6251.375762647995,6236.923879151875,6315.998136103408,6347.315902136363,FALSE,TRUE,274.6410124213344,110.392022984488,94.3987211467902,0.957,Influenza,ETS
2018-05-01,7141,Respiratory IDs,2018-2019,Pseudo interruption 2018,2018-01-01,2019-12-01,5,5996.111308794457,5993.8729648105955,5964.413249770869,5950.461924486328,6028.943752585137,6070.1578647915785,FALSE,FALSE,11185.092976962897,42953.38134864211,4425.451758411272,1,Influenza,ETS
2018-06-01,12236,Respiratory IDs,2018-2019,Pseudo interruption 2018,2018-01-01,2019-12-01,6,11191.481158624834,11187.964940813063,11147.47643171563,11130.791124211586,11236.766527490165,11278.615305650237,FALSE,FALSE,10081.624820872888,38443.211955429164,3989.216496906379,1,Influenza,ETS
2018-07-01,17797,Respiratory IDs,2018-2019,Pseudo interruption 2018,2018-01-01,2019-12-01,7,18888.937283939238,18884.347440630492,18831.72154389575,18809.421816847673,18947.28744619898,19021.908892350177,FALSE,FALSE,10462.781341260732,40709.359749409414,4172.297357082488,0,Influenza,ETS
2018-08-01,25632,Respiratory IDs,2018-2019,Pseudo interruption 2018,2018-01-01,2019-12-01,8,29159.241483766968,29155.24099237771,29081.492582385876,29040.1407612796,29234.44073813996,29327.33644683959,FALSE,FALSE,34647.87397961284,136612.82613674397,13826.765676109982,0,Influenza,ETS
2018-09-01,29740,Respiratory IDs,2018-2019,Pseudo interruption 2018,2018-01-01,2019-12-01,9,33096.96484661063,33092.73912805771,33022.2522625845,32993.71550227347,33175.80419081595,33246.98917935566,FALSE,FALSE,32976.07455407646,130401.89376802111,13174.438981819243,0,Influenza,ETS
2018-10-01,17234,Respiratory IDs,2018-2019,Pseudo interruption 2018,2018-01-01,2019-12-01,10,23787.11666937824,23783.000492790325,23724.35697272308,23695.13130961624,23851.486763015608,23909.841884834004,FALSE,FALSE,65030.69951752332,258659.9629598674,25990.510835430687,0,Influenza,ETS
2018-11-01,13248,Respiratory IDs,2018-2019,Pseudo interruption 2018,2018-01-01,2019-12-01,11,18967.60930708137,18962.124433801782,18910.379157909683,18882.561330141634,19030.21027290148,19100.962289417665,FALSE,FALSE,56743.622694088626,225600.8541649414,22674.313344693262,0,Influenza,ETS
2018-12-01,13522,Respiratory IDs,2018-2019,Pseudo interruption 2018,2018-01-01,2019-12-01,12,12264.878884479826,12261.8841531525,12219.912600783116,12199.703720547972,12310.525971936406,12354.326801838482,FALSE,FALSE,12205.353651789232,46861.551007751215,4835.411302074326,1,Influenza,ETS
2019-01-01,32768,Respiratory IDs,2018-2019,Pseudo interruption 2018,2018-01-01,2019-12-01,13,17853.325688316836,17851.260403824155,17796.686406436438,17769.700454390728,17910.601120764255,17961.173942631347,FALSE,FALSE,148687.90350668525,592464.5157829868,59422.036869329786,1,Influenza,ETS
2019-02-01,49759,Respiratory IDs,2018-2019,Pseudo interruption 2018,2018-01-01,2019-12-01,14,22380.40313533426,22374.692301555162,22321.629986547265,22293.281755743963,22442.558465194754,22501.558701659098,FALSE,FALSE,273285.34382669994,1090505.9288795511,109253.33832620992,1,Influenza,ETS
2019-03-01,51448,Respiratory IDs,2018-2019,Pseudo interruption 2018,2018-01-01,2019-12-01,15,16884.157499895173,16881.67733797673,16833.36238005468,16803.54149794165,16938.488780785035,17009.604244044778,FALSE,FALSE,345200.23859288,1377741.892984312,137994.77202385193,1,Influenza,ETS
2019-04-01,22598,Respiratory IDs,2018-2019,Pseudo interruption 2018,2018-01-01,2019-12-01,16,8317.021591836774,8314.44014495973,8281.139255850574,8266.44663029634,8356.075083063351,8385.488557549592,FALSE,FALSE,142494.18499657928,568619.4996252696,56970.69746849568,1,Influenza,ETS
2019-05-01,15275,Respiratory IDs,2018-2019,Pseudo interruption 2018,2018-01-01,2019-12-01,17,7913.359895712553,7909.642750182853,7875.597091247348,7857.648639420878,7951.43746705524,7998.758318276484,FALSE,FALSE,73311.4657052555,291190.7769477963,29269.75139060645,1,Influenza,ETS
2019-06-01,23591,Respiratory IDs,2018-2019,Pseudo interruption 2018,2018-01-01,2019-12-01,18,14726.142259876064,14722.724398910632,14677.567700711545,14660.124805839145,14776.17746749299,14823.539111340706,FALSE,FALSE,88246.83509185155,350861.8498518733,35248.588089642675,1,Influenza,ETS
2019-07-01,27789,Respiratory IDs,2018-2019,Pseudo interruption 2018,2018-01-01,2019-12-01,19,24773.592086395427,24768.012418362716,24711.810662874286,24676.653594270745,24840.802518859302,24902.199787697413,FALSE,FALSE,29610.966667391996,115697.55468553015,11782.446919513754,1,Influenza,ETS
2019-08-01,27658,Respiratory IDs,2018-2019,Pseudo interruption 2018,2018-01-01,2019-12-01,20,38132.36997269387,38128.854355416246,38056.16325865859,38023.613962603646,38214.592079892944,38290.98910001447,FALSE,FALSE,104140.06140782026,414891.93364155665,41634.77065524651,0,Influenza,ETS
2019-09-01,53339,Respiratory IDs,2018-2019,Pseudo interruption 2018,2018-01-01,2019-12-01,21,43151.53186129462,43147.65984145387,43064.67307491197,43022.6887100139,43239.07370709227,43352.033846549326,FALSE,FALSE,101173.6635612576,399807.9912745624,40333.177947620614,1,Influenza,ETS
2019-10-01,39304,Respiratory IDs,2018-2019,Pseudo interruption 2018,2018-01-01,2019-12-01,22,30918.785268867734,30915.035799008365,30848.370611514183,30816.256869756904,30992.242840823124,31045.703381655825,FALSE,FALSE,83261.4438210777,330561.31124566594,33255.454821992374,1,Influenza,ETS
2019-11-01,29661,Respiratory IDs,2018-2019,Pseudo interruption 2018,2018-01-01,2019-12-01,23,24582.991166405638,24578.828678528404,24520.850848330592,24489.870148845006,24652.72768745417,24714.563059847467,FALSE,FALSE,50214.59996458187,198082.17051710378,20023.359872194527,1,Influenza,ETS
2019-12-01,23173,Respiratory IDs,2018-2019,Pseudo interruption 2018,2018-01-01,2019-12-01,24,15852.833333447352,15848.434529736642,15802.912319126463,15774.800418122575,15907.57273519272,15955.235888078489,FALSE,FALSE,72758.93306413906,288890.99994681636,29056.72166434559,1,Influenza,ETS
2017-01-01,7880,Respiratory IDs,2017-2019,Pseudo interruption 2017,2017-01-01,2019-12-01,1,10880.584061775235,10879.910687026426,10835.502724600183,10814.506005727475,10928.2434711017,10975.912931334753,FALSE,FALSE,29647.767992503344,117541.64715470628,11845.237314609927,0,Influenza,ETS
2017-02-01,7313,Respiratory IDs,2017-2019,Pseudo interruption 2017,2017-01-01,2019-12-01,2,12799.718266254165,12796.759771202727,12752.882528878781,12726.506070132691,12849.621730080846,12908.509601923684,FALSE,FALSE,54495.564489989876,216722.24633709865,21775.187988844507,0,Influenza,ETS
2017-03-01,4942,Respiratory IDs,2017-2019,Pseudo interruption 2017,2017-01-01,2019-12-01,3,9408.386990464758,9406.674605544162,9367.981733034632,9345.866030679314,9451.883886364532,9502.399107835514,FALSE,FALSE,44343.71948367623,176311.17430432874,17719.181773996675,0,Influenza,ETS
2017-04-01,3502,Respiratory IDs,2017-2019,Pseudo interruption 2017,2017-01-01,2019-12-01,4,4434.23855950196,4432.327557942743,4405.9774077562415,4391.1359663858575,4463.413037202496,4498.311399778368,FALSE,FALSE,9097.20970700867,35672.61408882681,3626.7201630286536,0,Influenza,ETS
2017-05-01,4112,Respiratory IDs,2017-2019,Pseudo interruption 2017,2017-01-01,2019-12-01,5,3806.579358601327,3805.140393619041,3779.70559083958,3766.4771577434917,3833.7215424223737,3866.4115896535177,FALSE,FALSE,2836.800527359057,9923.470845769318,1096.3146033129892,1,Influenza,ETS
2017-06-01,11318,Respiratory IDs,2017-2019,Pseudo interruption 2017,2017-01-01,2019-12-01,6,6912.2191753068055,6911.027778395863,6877.86815130905,6859.311905687957,6948.521456878099,6987.722616255878,FALSE,FALSE,43765.438736788055,173339.5060603328,17461.62821758271,1,Influenza,ETS
2017-07-01,24984,Respiratory IDs,2017-2019,Pseudo interruption 2017,2017-01-01,2019-12-01,7,12180.514522336895,12179.375738084953,12134.748183795977,12110.096246083187,12229.913643874472,12287.666675249991,FALSE,FALSE,127636.02902133377,508030.90341916715,50986.70018971213,1,Influenza,ETS
2017-08-01,42364,Respiratory IDs,2017-2019,Pseudo interruption 2017,2017-01-01,2019-12-01,8,18598.687413353502,18596.0774793345,18542.901090291223,18511.07636053889,18659.14310407471,18730.463136305632,FALSE,FALSE,237164.8109730364,945560.8613235415,94783.14222515989,1,Influenza,ETS
2017-09-01,42617,Respiratory IDs,2017-2019,Pseudo interruption 2017,2017-01-01,2019-12-01,9,20799.32633458797,20797.036464069104,20738.70742170365,20706.493527146413,20861.440800353383,20938.47073713815,FALSE,FALSE,217678.3253751159,867373.1477244658,86979.4287977419,1,Influenza,ETS
2017-10-01,27843,Respiratory IDs,2017-2019,Pseudo interruption 2017,2017-01-01,2019-12-01,10,13420.113180202314,13417.980706182785,13371.13681163447,13344.447111139043,13471.023581138981,13523.943408330948,FALSE,FALSE,143819.6509581147,572941.759963954,57468.82998691029,1,Influenza,ETS
2017-11-01,14871,Respiratory IDs,2017-2019,Pseudo interruption 2017,2017-01-01,2019-12-01,11,10129.855854594773,10127.45177718797,10086.99217431883,10064.042957148284,10173.773627465882,10226.454557462539,FALSE,FALSE,47059.04517848823,185944.2293018127,18762.054978880253,1,Influenza,ETS
2017-12-01,9136,Respiratory IDs,2017-2019,Pseudo interruption 2017,2017-01-01,2019-12-01,12,6574.019773770088,6572.937842252083,6540.537308066861,6522.06020292312,6610.453487503435,6647.53997485695,FALSE,FALSE,25325.381304402224,99663.88077765582,10089.065966008924,1,Influenza,ETS
2018-01-01,14280,Respiratory IDs,2017-2019,Pseudo interruption 2017,2017-01-01,2019-12-01,13,11236.452938401326,11234.580462582106,11189.453752084406,11168.116686063478,11283.693853392328,11339.170442497325,FALSE,FALSE,30057.301567384646,117804.23605654085,11957.673322977493,1,Influenza,ETS
2018-02-01,14705,Respiratory IDs,2017-2019,Pseudo interruption 2017,2017-01-01,2019-12-01,14,13204.434350662703,13201.766754815837,13155.831476183941,13129.62087757007,13255.224990158022,13315.033996263566,FALSE,FALSE,14597.143612393864,55784.05326815085,5769.491704856383,1,Influenza,ETS
2018-03-01,12063,Respiratory IDs,2017-2019,Pseudo interruption 2017,2017-01-01,2019-12-01,15,9696.851899163725,9695.701709420544,9654.810558187452,9633.661367198756,9741.0265557772509,9786.03514355763,FALSE,FALSE,23305.95043981729,91230.96803405366,9272.029424196478,1,Influenza,ETS
2018-04-01,6337,Respiratory IDs,2017-2019,Pseudo interruption 2017,2017-01-01,2019-12-01,16,4567.535427596023,4565.696040151701,4537.608177032795,4522.546483851986,4598.331761367866,4631.304181818453,FALSE,FALSE,17447.405970656408,68336.59042522835,6942.091740192799,1,Influenza,ETS
2018-05-01,7141,Respiratory IDs,2017-2019,Pseudo interruption 2017,2017-01-01,2019-12-01,17,3916.7110212356943,3915.44261915774,3888.48402984955,3875.909953691626,3944.2905054889648,3976.9466230843746,FALSE,FALSE,32022.901420749768,126663.17174601776,12770.63700183448,1,Influenza,ETS
2018-06-01,12236,Respiratory IDs,2017-2019,Pseudo interruption 2017,2017-01-01,2019-12-01,18,7106.473024875398,7105.358927184464,7070.165906103919,7052.069324555391,7143.972211875394,7188.128310024396,FALSE,FALSE,50994.084187017535,202050.92658449317,20345.603391554963,1,Influenza,ETS
2018-07-01,17797,Respiratory IDs,2017-2019,Pseudo interruption 2017,2017-01-01,2019-12-01,19,12512.947398163522,12510.042710109235,12465.747320335484,12440.233761832837,12566.26215466262,12620.730871403211,FALSE,FALSE,52407.89328770094,207231.2622534419,20904.07924808244,1,Influenza,ETS
2018-08-01,25632,Respiratory IDs,2017-2019,Pseudo interruption 2017,2017-01-01,2019-12-01,20,19090.30982387182,19088.150031168934,19033.63747277274,19001.41090962009,19151.40522252132,19214.49365948012,FALSE,FALSE,64923.71552453538,256913.3363706553,25899.407913816725,1,Influenza,ETS
2018-09-01,29740,Respiratory IDs,2017-2019,Pseudo interruption 2017,2017-01-01,2019-12-01,21,21332.877089016893,21329.762741887032,21269.48507169363,21238.08880263042,21397.358242739574,21473.72746210286,FALSE,FALSE,83554.2907436502,330886.54017535807,33332.33793248873,1,Influenza,ETS
2018-10-01,17234,Respiratory IDs,2017-2019,Pseudo interruption 2017,2017-01-01,2019-12-01,22,13753.619955882477,13751.43666113719,13705.80541578835,13678.460754762893,13805.767948296341,13859.340608395138,FALSE,FALSE,34382.283049544574,135167.25551782674,13693.90617973045,1,Influenza,ETS
2018-11-01,13248,Respiratory IDs,2017-2019,Pseudo interruption 2017,2017-01-01,2019-12-01,23,10372.177408210773,10371.91674177023,10328.558970710514,10308.059546579705,10417.837421444196,10465.825069109836,FALSE,FALSE,28390.904236291724,111444.76275813667,11301.201794715958,1,Influenza,ETS
2018-12-01,13522,Respiratory IDs,2017-2019,Pseudo interruption 2017,2017-01-01,2019-12-01,24,6729.033562250003,6726.9962923045605,6694.38327461777,6675.689971287551,6768.096273478641,6808.085922675144,FALSE,FALSE,67612.75026407445,268688.95904438186,27001.60137018354,1,Influenza,ETS
2019-01-01,32768,Respiratory IDs,2017-2019,Pseudo interruption 2017,2017-01-01,2019-12-01,25,11492.06096391434,11491.067670158338,11444.850955489783,11423.271640511162,11540.450032148938,11596.260988178312,FALSE,FALSE,212371.09875516975,847042.5498205347,84882.62365752188,1,Influenza,ETS
2019-02-01,49759,Respiratory IDs,2017-2019,Pseudo interruption 2017,2017-01-01,2019-12-01,26,13495.984066965246,13493.481268776975,13448.424392849021,13421.337829859634,13547.761731434794,13608.226375752622,FALSE,FALSE,362211.7200242378,1446217.833515788,144815.003529488,1,Influenza,ETS
2019-03-01,51448,Respiratory IDs,2017-2019,Pseudo interruption 2017,2017-01-01,2019-12-01,27,9904.932675734588,9903.562169852456,9862.541274217872,9832.049848278093,9949.948714895052,10001.776043354515,FALSE,FALSE,415067.92029172665,1658018.6844608956,165967.16488923013,1,Influenza,ETS
2019-04-01,22598,Respiratory IDs,2017-2019,Pseudo interruption 2017,2017-01-01,2019-12-01,28,4662.033638008964,4660.069653509168,4632.480337636398,4617.261874087142,4693.833342665482,4727.145792990279,FALSE,FALSE,179103.01957837425,714944.052199292,71604.58949770422,1,Influenza,ETS
2019-05-01,15275,Respiratory IDs,2017-2019,Pseudo interruption 2017,2017-01-01,2019-12-01,29,3994.7558349206215,3994.2689760042276,3968.2261588687356,3954.6123144082276,4023.671251724255,4052.5995523891715,FALSE,FALSE,112568.73257561296,448994.005142414,44995.34223699125,1,Influenza,ETS
2019-06-01,23591,Respiratory IDs,2017-2019,Pseudo interruption 2017,2017-01-01,2019-12-01,30,7244.566204851464,7243.35295128428,7209.457597197125,7191.183508065411,7282.922373889186,7328.582747397218,FALSE,FALSE,163154.2410378002,650634.0893434432,65208.159778758345,1,Influenza,ETS
2019-07-01,27789,Respiratory IDs,2017-2019,Pseudo interruption 2017,2017-01-01,2019-12-01,31,12752.98313214572,12751.403047770915,12704.061262441233,12678.85103221383,12801.736524918162,12853.018360358315,FALSE,FALSE,149970.3100132953,597613.4329138119,59929.864480462995,1,Influenza,ETS
2019-08-01,27658,Respiratory IDs,2017-2019,Pseudo interruption 2017,2017-01-01,2019-12-01,32,19441.030010284387,19441.10616699306,19376.092401204653,19353.64373670991,19504.130822258143,19569.365464951978,FALSE,FALSE,81666.73019847207,323761.103130163,32590.636023367602,1,Influenza,ETS
2019-09-01,53339,Respiratory IDs,2017-2019,Pseudo interruption 2017,2017-01-01,2019-12-01,33,21718.990885444793,21714.32009952831,21654.522383115505,21621.799788871787,21794.453687445795,21859.607524458206,FALSE,FALSE,315585.39442987234,1259413.506757258,126169.94729944723,1,Influenza,ETS
2019-10-01,39304,Respiratory IDs,2017-2019,Pseudo interruption 2017,2017-01-01,2019-12-01,34,13994.794071782668,13991.58988864974,13941.37088377942,13917.552923058509,14050.83625812856,14108.429254077546,FALSE,FALSE,252641.10279306353,1008013.7061679171,100993.05278268705,1,Influenza,ETS
2019-11-01,29661,Respiratory IDs,2017-2019,Pseudo interruption 2017,2017-01-01,2019-12-01,35,10549.718571189489,10547.92851817786,10504.204019719169,10483.530939992786,10595.798598714211,10642.628518991605,FALSE,FALSE,190743.60859185297,760893.9568193345,76245.19283292757,1,Influenza,ETS
2019-12-01,23173,Respiratory IDs,2017-2019,Pseudo interruption 2017,2017-01-01,2019-12-01,36,6839.670479256353,6837.861663714488,6806.4685687306155,6786.133483364839,6876.292537735911,6914.116357811246,FALSE,FALSE,163036.8985916462,650483.3285619966,65173.347586171665,1,Influenza,ETS
2019-01-01,25737,Respiratory IDs,2019,Pseudo interruption 2019,2019-01-01,2019-12-01,1,27433.837190182807,27308.493684773628,25465.923346948006,24607.65930548777,29706.387754710497,31585.19572441828,TRUE,TRUE,4240.464407762491,6977.536418930511,2214.7707098181213,0.138,Pneumonia,TBATS
2019-02-01,23913,Respiratory IDs,2019,Pseudo interruption 2019,2019-01-01,2019-12-01,2,25234.194427432,25075.892311681717,22911.448694012746,21720.45274598549,27848.992715465734,29410.66343432912,TRUE,TRUE,4937.544021452988,7690.210688343628,2027.929320311597,0.247,Pneumonia,TBATS
2019-03-01,23779,Respiratory IDs,2019,Pseudo interruption 2019,2019-01-01,2019-12-01,3,24737.99172113654,24650.099157635585,22176.641033258085,20983.200111593673,27380.269719676573,29210.71468728864,TRUE,TRUE,5203.628686418488,8227.514575694968,1858.5604989632243,0.317,Pneumonia,TBATS
2019-04-01,17980,Respiratory IDs,2019,Pseudo interruption 2019,2019-01-01,2019-12-01,4,19120.37896827239,19014.915520486353,16978.4681509201,16074.510786687788,21391.279476786385,23374.061099784067,TRUE,TRUE,4412.811325866285,7299.550313096279,1825.964241051539,0.25,Pneumonia,TBATS
2019-05-01,15905,Respiratory IDs,2019,Pseudo interruption 2019,2019-01-01,2019-12-01,5,18090.834966682243,18006.974869995716,16109.705591881124,14838.150772061335,20231.331839854,21764.123565223945,FALSE,TRUE,6168.682166784114,6925.972793162609,2945.607954408536,0.079,Pneumonia,TBATS
2019-06-01,17304,Respiratory IDs,2019,Pseudo interruption 2019,2019-01-01,2019-12-01,6,20944.77482127487,20775.379776754293,18716.462847687148,17667.415581311463,23396.26866163434,24875.338305230605,FALSE,FALSE,18804.43429081867,21744.545976377663,6655.595146989528,0.017,Pneumonia,TBATS
2019-07-01,17667,Respiratory IDs,2019,Pseudo interruption 2019,2019-01-01,2019-12-01,7,22870.38363425825,22714.427134130252,20280.40085434089,18809.604465383123,25645.52966606724,27840.185138013712,FALSE,FALSE,31499.13735513524,54734.759287955516,11267.194055644062,0.004,Pneumonia,TBATS
2019-08-01,19642,Respiratory IDs,2019,Pseudo interruption 2019,2019-01-01,2019-12-01,8,29534.983440517244,29357.771358934508,26337.299632815222,24884.40064625265,32839.258424787,34921.012028485275,FALSE,FALSE,73454.95512012401,219732.63723233857,28314.71539566099,0,Pneumonia,TBATS
2019-09-01,26326,Respiratory IDs,2019,Pseudo interruption 2019,2019-01-01,2019-12-01,9,32857.24236227064,32806.06384689591,29266.16421013563,27458.937311804937,36546.83960952835,38725.304977455744,FALSE,FALSE,36682.31750074902,56583.860137848285,13316.576283150502,0.007,Pneumonia,TBATS
2019-10-01,25839,Respiratory IDs,2019,Pseudo interruption 2019,2019-01-01,2019-12-01,10,28747.545106914695,28621.768883234086,25574.815426198616,24098.613276167067,32155.425256851508,34026.6492045861,TRUE,TRUE,6580.609830652891,9928.035928419034,3676.234116628493,0.128,Pneumonia,TBATS
2019-11-01,21887,Respiratory IDs,2019,Pseudo interruption 2019,2019-01-01,2019-12-01,11,21655.583101035,21542.63021122168,18968.09988086734,17665.29030652829,24588.452298370095,26140.07929335403,TRUE,TRUE,5620.352417502756,8474.788986825737,1513.7437772961266,0.558,Pneumonia,TBATS
2019-12-01,20576,Respiratory IDs,2019,Pseudo interruption 2019,2019-01-01,2019-12-01,12,19312.44206448381,19230.752203452277,17060.153653183257,15863.857603369994,21696.086125410362,23666.18723279065,TRUE,TRUE,4635.932472227105,7802.329629420656,2130.0406179713414,0.768,Pneumonia,TBATS
2018-01-01,26350,Respiratory IDs,2018-2019,Pseudo interruption 2018,2018-01-01,2019-12-01,1,26160.106587391554,26020.627778041442,24101.18172881213,22938.20843155044,28464.10832886454,30460.461689723914,TRUE,TRUE,4362.926600052408,7522.253258173474,1262.4561639021706,0.565,Pneumonia,TBATS
2018-02-01,24707,Respiratory IDs,2018-2019,Pseudo interruption 2018,2018-01-01,2019-12-01,2,25213.181336523478,25054.68558729127,22648.294534410838,21593.31620014208,28112.034044751294,29903.273416148677,TRUE,TRUE,5463.739510340456,8309.957216006598,1484.7450801277537,0.424,Pneumonia,TBATS
2018-03-01,23968,Respiratory IDs,2018-2019,Pseudo interruption 2018,2018-01-01,2019-12-01,3,24368.446976628133,24135.131978179874,21729.405225846116,20507.649802421485,27450.964741874424,29163.1608940255,TRUE,TRUE,5721.559516028308,8655.511091604014,1395.3755487725891,0.472,Pneumonia,TBATS
2018-04-01,18272,Respiratory IDs,2018-2019,Pseudo interruption 2018,2018-01-01,2019-12-01,4,18702.707960481574,18611.164673056148,16402.357851174947,15413.840729576928,21112.741129851718,22858.060714909134,TRUE,TRUE,4710.383278676771,7444.219985332205,1322.7618624464899,0.423,Pneumonia,TBATS
2018-05-01,19094,Respiratory IDs,2018-2019,Pseudo interruption 2018,2018-01-01,2019-12-01,5,17002.756751098994,16813.093684035746,14904.446504579751,13778.714554115904,19488.27112728394,20768.690670359265,TRUE,TRUE,4583.824622704189,6989.976116243361,2837.7360370538076,0.872,Pneumonia,TBATS
2018-06-01,21386,Respiratory IDs,2018-2019,Pseudo interruption 2018,2018-01-01,2019-12-01,6,20060.79717728848,19871.01465126194,17441.534534344068,16411.015990819546,22930.57264056088,24409.756109143036,TRUE,TRUE,5489.038106216813,7998.740118323491,2410.183980718078,0.726,Pneumonia,TBATS
2018-07-01,24516,Respiratory IDs,2018-2019,Pseudo interruption 2018,2018-01-01,2019-12-01,7,21932.837434263307,21817.05590129084,18937.70403013046,17535.932396217722,25033.996151390802,26886.122424923793,TRUE,TRUE,6096.292121260343,9350.19002870607,3508.569619517225,0.853,Pneumonia,TBATS
2018-08-01,32850,Respiratory IDs,2018-2019,Pseudo interruption 2018,2018-01-01,2019-12-01,8,28239.370658104213,27983.477685680613,24587.155391320306,22965.752816262877,32122.393045021716,33983.735919850296,FALSE,TRUE,14811.307203484252,11017.98310358742,6703.746328156487,0.937,Pneumonia,TBATS
2018-09-01,33061,Respiratory IDs,2018-2019,Pseudo interruption 2018,2018-01-01,2019-12-01,9,31829.113470443866,31556.090533029135,27553.51485859284,25907.861434230104,36062.74094130594,39033.887025428296,TRUE,TRUE,8509.226082713103,13126.025591198191,3090.444770458716,0.651,Pneumonia,TBATS
2018-10-01,23138,Respiratory IDs,2018-2019,Pseudo interruption 2018,2018-01-01,2019-12-01,10,28345.7745447067,28070.69764282977,24398.26040770153,22840.617938766263,32401.1761359209,35417.639183073254,FALSE,TRUE,20605.519805234682,12577.02124430699,7746.122132873647,0.033,Pneumonia,TBATS
2018-11-01,19098,Respiratory IDs,2018-2019,Pseudo interruption 2018,2018-01-01,2019-12-01,11,21313.392772552234,21119.453082387256,18132.579177358366,16780.51053509169,24721.685477446244,26987.80557398813,TRUE,TRUE,6589.1063000878785,10207.295038896442,3079.7112754797226,0.214,Pneumonia,TBATS
2018-12-01,18167,Respiratory IDs,2018-2019,Pseudo interruption 2018,2018-01-01,2019-12-01,12,18779.094749443848,18628.64920274326,15951.615634710597,14268.537281167726,21885.51774635633,23718.265352183364,TRUE,TRUE,5933.902111645733,9449.728071015637,1696.732822898552,0.426,Pneumonia,TBATS
2019-01-01,25737,Respiratory IDs,2018-2019,Pseudo interruption 2018,2018-01-01,2019-12-01,13,25970.754657611644,25811.839326944522,22059.602874705935,20230.70142333211,30187.333436246437,32343.06836315151,TRUE,TRUE,8127.730561540502,12112.3669398194,1844.8030289948742,0.484,Pneumonia,TBATS
2019-02-01,23913,Respiratory IDs,2018-2019,Pseudo interruption 2018,2018-01-01,2019-12-01,14,25321.800890943032,25044.945519409575,21336.549882032603,19730.674151716412,29474.2943868695,32090.664655877757,TRUE,TRUE,8137.744504836897,12359.990504161346,2701.9951564680173,0.347,Pneumonia,TBATS
2019-03-01,23779,Respiratory IDs,2018-2019,Pseudo interruption 2018,2018-01-01,2019-12-01,15,24368.840396508986,24103.476011691047,20402.454193853853,18722.222812211086,28814.831008126446,31376.075220193663,TRUE,TRUE,8412.376814272593,12653.852407982577,2111.715195955756,0.459,Pneumonia,TBATS
2019-04-01,17980,Respiratory IDs,2018-2019,Pseudo interruption 2018,2018-01-01,2019-12-01,16,18682.373073045834,18449.804923487238,15446.303267192956,13849.135655724278,22230.17697074966,24416.822243158203,TRUE,TRUE,6783.873703556705,10567.686587433926,1883.9711948562203,0.432,Pneumonia,TBATS
2019-05-01,15905,Respiratory IDs,2018-2019,Pseudo interruption 2018,2018-01-01,2019-12-01,17,16849.736806481476,16649.325865001763,13720.804433907711,12382.043299346746,20335.593078102407,22329.58240939822,TRUE,TRUE,6614.788644194696,9947.539110051473,2051.728439474621,0.39,Pneumonia,TBATS
2019-06-01,17304,Respiratory IDs,2018-2019,Pseudo interruption 2018,2018-01-01,2019-12-01,18,20065.56893444211,19925.917761369543,16198.22304364504,14708.092675553784,23946.903353859634,26633.32278067443,TRUE,TRUE,7748.680310214593,11925.230105120645,3814.3322629347954,0.176,Pneumonia,TBATS
2019-07-01,17667,Respiratory IDs,2018-2019,Pseudo interruption 2018,2018-01-01,2019-12-01,19,21926.37272444507,21799.687140998547,17878.086420249718,16297.073788949696,26161.97242073671,28715.173870001057,FALSE,TRUE,10394.75020298417,12418.100081051361,5466.033748518359,0.091,Pneumonia,TBATS
2019-08-01,19642,Respiratory IDs,2018-2019,Pseudo interruption 2018,2018-01-01,2019-12-01,20,28379.51532170701,28264.544025886877,23386.958806991453,21257.650060893946,33700.053778240064,36993.261708061786,FALSE,FALSE,47762.683041163145,80361.61408292568,17754.529070612632,0.006,Pneumonia,TBATS
2019-09-01,26326,Respiratory IDs,2018-2019,Pseudo interruption 2018,2018-01-01,2019-12-01,21,31877.776576835044,31820.440537079514,26425.329672766806,24026.353073753384,37640.82270933131,41482.33203888274,FALSE,TRUE,12208.789764232562,17455.978965129358,7047.197950545995,0.091,Pneumonia,TBATS
2019-10-01,25839,Respiratory IDs,2018-2019,Pseudo interruption 2018,2018-01-01,2019-12-01,22,28433.55548035098,28310.97231444769,23291.060127430366,21098.00005777177,33916.375685786246,37379.71890812069,TRUE,TRUE,10625.31555835588,16281.71885034892,4328.897094909048,0.27,Pneumonia,TBATS
2019-11-01,21887,Respiratory IDs,2018-2019,Pseudo interruption 2018,2018-01-01,2019-12-01,23,21381.364862304894,21139.86541387913,17194.714093721082,15197.079713606434,25819.627439958425,28914.727447674108,TRUE,TRUE,8624.913346237343,13717.647734067674,2526.399713657377,0.584,Pneumonia,TBATS
2019-12-01,20576,Respiratory IDs,2018-2019,Pseudo interruption 2018,2018-01-01,2019-12-01,24,19018.210983555928,18834.654716090954,15156.152152509547,13390.767864028372,23258.998568283587,26148.972373881625,TRUE,TRUE,8102.84641577404,12758.204509853253,3199.859834045213,0.7,Pneumonia,TBATS
2017-01-01,22920,Respiratory IDs,2017-2019,Pseudo interruption 2017,2017-01-01,2019-12-01,1,22415.872210153615,22267.589311699627,20690.391628653324,20046.56884681933,24461.472608348497,25937.162534071136,TRUE,TRUE,3771.0809796951726,5890.593687251807,1360.9252548815987,0.614,Pneumonia,TBATS
2017-02-01,21669,Respiratory IDs,2017-2019,Pseudo interruption 2017,2017-01-01,2019-12-01,2,22312.006763016157,22115.877199460745,19986.476538011888,19061.002348808317,24916.406871245148,26384.243794377307,TRUE,TRUE,4929.93033323326,7323.2414455689905,1439.2202707086774,0.394,Pneumonia,TBATS
2017-03-01,20427,Respiratory IDs,2017-2019,Pseudo interruption 2017,2017-01-01,2019-12-01,3,21894.299118308627,21741.645773622473,19392.843485113666,18244.59796430405,24617.447440101336,26357.17522029039,TRUE,TRUE,5224.60395498767,8112.5772559863435,2212.1563419354593,0.241,Pneumonia,TBATS
2017-04-01,15510,Respiratory IDs,2017-2019,Pseudo interruption 2017,2017-01-01,2019-12-01,4,16626.390642037528,16479.424882642852,14658.281004124285,13795.399997565228,18795.158038812482,20326.303136013717,TRUE,TRUE,4136.8770346881975,6530.90313844849,1698.676357202333,0.257,Pneumonia,TBATS
2017-05-01,17246,Respiratory IDs,2017-2019,Pseudo interruption 2017,2017-01-01,2019-12-01,5,14612.637754262794,14553.447775851328,12734.466553252822,11991.210913133655,16448.46246315642,17957.58788861245,FALSE,TRUE,11689.371278339413,5966.376975478794,4262.996262872396,0.953,Pneumonia,TBATS
2017-06-01,20739,Respiratory IDs,2017-2019,Pseudo interruption 2017,2017-01-01,2019-12-01,6,17360.5781640485,17257.602111992368,15207.407115193766,14203.586227740145,19804.40629787392,20922.631006434887,FALSE,TRUE,13942.936203940952,6719.0447786947425,5284.749894184448,0.965,Pneumonia,TBATS
2017-07-01,22129,Respiratory IDs,2017-2019,Pseudo interruption 2017,2017-01-01,2019-12-01,7,19147.28046331892,19023.122289953128,16628.798632880476,15608.757395944524,21865.129861138143,23352.60733923836,FALSE,TRUE,7875.03261687624,7743.849943293835,4054.4613844694495,0.918,Pneumonia,TBATS
2017-08-01,27038,Respiratory IDs,2017-2019,Pseudo interruption 2017,2017-01-01,2019-12-01,8,25249.44629047705,25041.427834520113,22335.41867748935,20776.138730857732,28713.13401414602,30828.84985539114,TRUE,TRUE,6377.715336656671,10052.711124533409,3019.8006312303132,0.78,Pneumonia,TBATS
2017-09-01,30434,Respiratory IDs,2017-2019,Pseudo interruption 2017,2017-01-01,2019-12-01,9,28470.814927531253,28146.500070974387,24873.82944008262,23508.033569292784,32450.73372445475,34917.11243354718,TRUE,TRUE,7576.904284372129,11409.0788642544,3498.6677832902074,0.762,Pneumonia,TBATS
2017-10-01,28850,Respiratory IDs,2017-2019,Pseudo interruption 2017,2017-01-01,2019-12-01,10,25118.058016395844,24932.38306331743,21856.3164899729,20200.83242666549,28678.306296627976,30870.8539829678,FALSE,TRUE,8538.926840375316,10670.021556302312,4927.1227060582,0.905,Pneumonia,TBATS
2017-11-01,21751,Respiratory IDs,2017-2019,Pseudo interruption 2017,2017-01-01,2019-12-01,11,18502.070940943337,18385.153491848498,15856.996824514972,14640.961893753774,21365.023649194372,23200.85171875226,FALSE,TRUE,9367.790332735676,8559.889824998485,4533.919252758849,0.927,Pneumonia,TBATS
2017-12-01,19302,Respiratory IDs,2017-2019,Pseudo interruption 2017,2017-01-01,2019-12-01,12,16243.370238943215,16053.523928249113,13789.468455308617,12729.242439845797,19001.26525639029,20627.26259866343,FALSE,TRUE,8219.144237178787,7898.020158817633,4229.764741702022,0.918,Pneumonia,TBATS
2018-01-01,26350,Respiratory IDs,2017-2019,Pseudo interruption 2017,2017-01-01,2019-12-01,13,23349.92693652917,23135.14310578893,19956.8654482011,18471.97181301725,27011.841268168348,29528.678089507157,TRUE,TRUE,7054.975819967247,11056.706276489906,4142.949897623212,0.852,Pneumonia,TBATS
2018-02-01,24707,Respiratory IDs,2017-2019,Pseudo interruption 2017,2017-01-01,2019-12-01,14,22880.522024119797,22659.917963522435,19360.52535335456,17938.164625921505,26679.089874523583,29172.94197145402,TRUE,TRUE,7318.564521169024,11234.777345532515,3258.0270463903958,0.759,Pneumonia,TBATS
2018-03-01,23968,Respiratory IDs,2017-2019,Pseudo interruption 2017,2017-01-01,2019-12-01,15,22067.796559533293,21868.90142744631,18512.58221307003,17036.642128258547,25838.961257344163,28284.99459822594,TRUE,TRUE,7326.379044274134,11248.352469967394,3301.433603925508,0.759,Pneumonia,TBATS
2018-04-01,18272,Respiratory IDs,2017-2019,Pseudo interruption 2017,2017-01-01,2019-12-01,16,16728.726414837554,16508.752647569083,13928.287066312585,12650.427713961571,19819.82468570521,21569.23731927345,TRUE,TRUE,5891.537619392626,8918.809605311877,2709.996285260029,0.759,Pneumonia,TBATS
2018-05-01,19094,Respiratory IDs,2017-2019,Pseudo interruption 2017,2017-01-01,2019-12-01,17,14635.764537595154,14436.650843883872,11959.258950970492,10920.10532380717,17498.07823465623,19369.050074264112,FALSE,TRUE,21498.036937123437,8448.944750456942,7503.52302485093,0.971,Pneumonia,TBATS
2018-06-01,21386,Respiratory IDs,2017-2019,Pseudo interruption 2017,2017-01-01,2019-12-01,18,17447.39070133805,17269.098705727847,14479.310890459685,13003.865698964404,20842.627338412698,22611.077799619747,FALSE,TRUE,11797.043063826033,9607.212100655343,5565.336409656101,0.925,Pneumonia,TBATS
2018-07-01,24516,Respiratory IDs,2017-2019,Pseudo interruption 2017,2017-01-01,2019-12-01,19,19211.04064928001,19018.963478741014,15971.059590340617,14389.39971891617,22737.33077119419,25030.590289032196,FALSE,TRUE,24552.963468911683,10641.190570116027,8751.7509948377,0.954,Pneumonia,TBATS
2018-08-01,32850,Respiratory IDs,2017-2019,Pseudo interruption 2017,2017-01-01,2019-12-01,20,25414.374103776998,25106.48125955213,21127.28412228358,19180.610732916633,29913.941965892485,32916.31436313989,FALSE,TRUE,38147.23818468405,13735.70363022326,12847.801247116675,0.972,Pneumonia,TBATS
2018-09-01,33061,Respiratory IDs,2017-2019,Pseudo interruption 2017,2017-01-01,2019-12-01,21,28589.662038521874,28254.032284396628,23703.14591978253,21632.7423882347,33722.3525546328,37257.78551556305,TRUE,TRUE,10019.20663485027,15625.043127328354,6073.648959151875,0.867,Pneumonia,TBATS
2018-10-01,23138,Respiratory IDs,2017-2019,Pseudo interruption 2017,2017-01-01,2019-12-01,22,25256.03914475556,24950.456625354265,20843.38282089592,19059.14701363608,30303.559817464142,33238.779350506346,TRUE,TRUE,9460.176996568222,14179.632336870265,3530.7789132091384,0.297,Pneumonia,TBATS
2018-11-01,19098,Respiratory IDs,2017-2019,Pseudo interruption 2017,2017-01-01,2019-12-01,23,18564.975904709336,18417.610848571425,15241.866825199917,13574.639485637947,22139.935674873872,24702.365276419965,TRUE,TRUE,6898.068849673955,11127.725790782019,2093.111368721974,0.6,Pneumonia,TBATS
2018-12-01,18167,Respiratory IDs,2017-2019,Pseudo interruption 2017,2017-01-01,2019-12-01,24,16309.09838718267,16097.551559642936,13158.119906723517,12077.225852342071,19714.142114833357,21620.261245887737,TRUE,TRUE,6556.02220810984,9543.035393545666,3086.2437213250523,0.767,Pneumonia,TBATS
2019-01-01,25737,Respiratory IDs,2017-2019,Pseudo interruption 2017,2017-01-01,2019-12-01,25,23391.674073501392,23132.001250513014,18990.913302203186,17200.383747549633,28222.16936365634,31284.99958954914,TRUE,TRUE,9231.256061453154,14084.615841999508,4124.384603102074,0.77,Pneumonia,TBATS
2019-02-01,23913,Respiratory IDs,2017-2019,Pseudo interruption 2017,2017-01-01,2019-12-01,26,22928.57588947709,22457.56968923413,18842.987454330792,16984.048654345013,27608.168114606087,30394.960713538323,TRUE,TRUE,8765.180660275295,13410.91205919331,3103.209636624476,0.64,Pneumonia,TBATS
2019-03-01,23779,Respiratory IDs,2017-2019,Pseudo interruption 2017,2017-01-01,2019-12-01,27,21956.114674377757,21727.83211960356,17696.93923427582,15851.40998467429,26475.4209155317,29493.819423274053,TRUE,TRUE,8778.481681255882,13642.409438599763,3591.187750862083,0.721,Pneumonia,TBATS
2019-04-01,17980,Respiratory IDs,2017-2019,Pseudo interruption 2017,2017-01-01,2019-12-01,28,16665.467513907388,16403.848302092036,13276.082938171543,12011.231180635412,20439.671603423216,22928.174134225563,TRUE,TRUE,7163.588665251673,10916.94295359015,2843.773262910245,0.703,Pneumonia,TBATS
2019-05-01,15905,Respiratory IDs,2017-2019,Pseudo interruption 2017,2017-01-01,2019-12-01,29,14604.64972008679,14376.85155255143,11587.26454676088,10487.868998896714,17999.5959290522,19983.992548556067,TRUE,TRUE,6412.331382291321,9496.123549659353,2628.336721111841,0.717,Pneumonia,TBATS
2019-06-01,17304,Respiratory IDs,2017-2019,Pseudo interruption 2017,2017-01-01,2019-12-01,30,17541.49080625174,17352.063061749403,13938.729407557816,12615.341031074777,21652.942726284593,23751.760197095296,TRUE,TRUE,7714.213318726777,11136.41916602052,1718.1813470366274,0.492,Pneumonia,TBATS
2019-07-01,17667,Respiratory IDs,2017-2019,Pseudo interruption 2017,2017-01-01,2019-12-01,31,19289.828386489335,18992.826745622908,15186.476457810308,13628.55039626072,23828.25423887147,26403.39704200183,TRUE,TRUE,8641.77778106116,12774.84664574111,2954.339707297756,0.33,Pneumonia,TBATS
2019-08-01,19642,Respiratory IDs,2017-2019,Pseudo interruption 2017,2017-01-01,2019-12-01,32,25604.432872372665,25043.80058574784,20396.34291978668,18243.40245987403,31642.25731534441,34539.676746306366,FALSE,TRUE,18789.34359342452,16296.274286432337,7979.586415003488,0.066,Pneumonia,TBATS
2019-09-01,26326,Respiratory IDs,2017-2019,Pseudo interruption 2017,2017-01-01,2019-12-01,33,28751.68409359169,28341.87765818593,23133.664242230716,20647.776379301038,34905.66460073667,39250.23787524265,TRUE,TRUE,11772.000358505957,18602.461495941614,4240.320643747362,0.337,Pneumonia,TBATS
2019-10-01,25839,Respiratory IDs,2017-2019,Pseudo interruption 2017,2017-01-01,2019-12-01,34,25367.96414707513,25026.616289301513,20197.746436278052,17979.623769441983,31046.214684569626,34879.5997486565,TRUE,TRUE,10848.468248291574,16899.97597921452,3061.660927454022,0.576,Pneumonia,TBATS
2019-11-01,21887,Respiratory IDs,2017-2019,Pseudo interruption 2017,2017-01-01,2019-12-01,35,18627.129477631042,18230.844200221498,14674.618065642253,12946.459334638961,23053.317030951635,26225.848834967794,TRUE,TRUE,8378.698965309382,13279.389500328833,4796.692054285456,0.839,Pneumonia,TBATS
2019-12-01,20576,Respiratory IDs,2017-2019,Pseudo interruption 2017,2017-01-01,2019-12-01,36,16417.4835356674,15926.806492978127,12748.246944691407,11558.018095251584,20590.358642337316,23178.57822636336,TRUE,TRUE,7842.111697645909,11620.560131111775,5438.915082485315,0.899,Pneumonia,TBATS
